<?xml version="1.0" encoding="utf-8"?>
<COLLADA xmlns="http://www.collada.org/2005/11/COLLADASchema" version="1.4.1" xmlns:xsi="http://www.w3.org/2001/XMLSchema-instance">
  <asset>
    <contributor>
      <author>Blender User</author>
      <authoring_tool>Blender 3.0.1</authoring_tool>
    </contributor>
    <created>2026-09-22T10:44:01</created>
    <modified>2026-09-22T10:44:01</modified>
    <unit name="meter" meter="1"/>
    <up_axis>Z_UP</up_axis>
  </asset>
  <library_effects>
    <effect id="mat_5-effect">
      <profile_COMMON>
        <technique sid="common">
          <lambert>
            <emission>
              <color sid="emission">0 0 0 1</color>
            </emission>
            <diffuse>
              <color sid="diffuse">0.3762621 0.3419144 0.3049873 1</color>
            </diffuse>
            <reflectivity>
              <float sid="specular">1</float>
            </reflectivity>
            <index_of_refraction>
              <float sid="ior">1.45</float>
            </index_of_refraction>
          </lambert>
        </technique>
      </profile_COMMON>
    </effect>
    <effect id="mat_0-effect">
      <profile_COMMON>
        <technique sid="common">
          <lambert>
            <emission>
              <color sid="emission">0 0 0 1</color>
            </emission>
            <diffuse>
              <color sid="diffuse">1 1 1 1</color>
            </diffuse>
            <reflectivity>
              <float sid="specular">1</float>
            </reflectivity>
            <index_of_refraction>
              <float sid="ior">1.45</float>
            </index_of_refraction>
          </lambert>
        </technique>
      </profile_COMMON>
    </effect>
  </library_effects>
  <library_images/>
  <library_materials>
    <material id="mat_5-material" name="mat_5">
      <instance_effect url="#mat_5-effect"/>
    </material>
    <material id="mat_0-material" name="mat_0">
      <instance_effect url="#mat_0-effect"/>
    </material>
  </library_materials>
  <library_geometries>
    <geometry id="³µÖ48x3x18_004-mesh" name="³µÖ48x3x18.004">
      <mesh>
        <source id="³µÖ48x3x18_004-mesh-positions">
          <float_array id="³µÖ48x3x18_004-mesh-positions-array" count="7818">0.002290487 0.007859706 -0.004044175 0.003677845 0.008999943 -0.006490051 0.002332746 0.009006023 -0.007099747 8.77768e-4 0.008954882 -0.007428228 0.004060745 0.008000075 -0.004664361 0.00402069 0.008424878 -0.00469166 0.00298047 0.00837773 -0.005278944 0.00308758 0.008161604 -0.004587411 0.003668606 0.00825119 -0.004400372 0.002981841 0.007999956 -0.005278527 0.00309664 0.007999897 -0.004458487 0.007109701 0.00901705 -0.002658963 0.005331754 0.008386373 -0.002925157 0.003668248 0.007955372 -0.003174185 0.003668248 0.003999948 -0.003174185 0.007122278 0.003999948 -0.002657055 0.003663778 0.003999948 -0.003154516 0.003668248 0.007955372 -0.003174185 0.002876341 0.007839739 -0.003452062 0.002085208 0.007955789 -0.004384279 0.00195378 0.004000067 -0.00431776 0.002111852 0.003999948 -0.004398405 0.002111852 0.007964074 -0.004398405 0.001493632 0.008395016 -0.005917847 8.31697e-4 0.00901705 -0.007544755 8.26843e-4 0.003999948 -0.007556676 0.007266342 0.008999943 -0.00272572 0.004340946 0.008999943 -0.006313383 8.4123e-4 0.008999943 -0.007630407 0.007190227 0.003999948 -0.002689123 0.00426948 0.003999948 -0.006482005 8.26843e-4 0.003999948 -0.007556676 8.26843e-4 0.003999948 -0.007556676 0.002295315 0.003999948 -0.004023075 0.002864003 0.003999948 -0.003473281 0.003418743 0.003999948 -0.003224253 0.007122278 0.003999948 -0.002657055 0.006616175 0.003999948 -0.00374341 0.005945622 0.003999948 -0.004736781 0.005127251 0.003999948 -0.005612313 0.004181504 0.003999948 -0.006348431 0.003131747 0.003999948 -0.006926715 0.002004206 0.003999948 -0.007332801 8.26843e-4 0.008999943 -0.007556676 8.87882e-4 0.008999943 -0.007406651 0.003677845 0.008999943 -0.006490051 0.002333402 0.008999943 -0.00710237 0.006961166 0.008999943 -0.002681195 0.006399989 0.008999943 -0.003832399 0.005650103 0.008999943 -0.004870653 0.004733741 0.008999943 -0.005765318 0.007122278 0.008999943 -0.002657055 0.006616175 0.008999943 -0.00374341 0.005945622 0.008999943 -0.004736781 0.005127251 0.008999943 -0.005612313 0.004181504 0.008999943 -0.006348431 0.003131747 0.008999943 -0.006926715 0.002004206 0.008999943 -0.007332801 0.002295255 0.007896661 -0.004050314 0.002934515 0.008335113 -0.005149602 0.003677845 0.008999943 -0.006490051 0.003972709 0.007974028 -0.003125965 0.003128051 0.007868885 -0.003320872 0.002558588 0.00785619 -0.003723204 0.006961166 0.008999943 -0.002681195 0.006399989 0.008999943 -0.003832399 0.005650103 0.008999943 -0.004870653 0.004733741 0.008999943 -0.005765318 0.004054903 0.008451223 -0.004744708 0.004081845 0.008584618 -0.005132853 0.003906726 0.008635997 -0.005417883 0.003620326 0.008619725 -0.005563676 0.003193497 0.008468508 -0.005506694 0.002995312 0.008196175 -0.004650235 0.003456175 0.00819832 -0.004382073 0.003836989 0.008321225 -0.004492163 0.004017174 0.008424937 -0.004693865 0.004008054 0.008633017 -0.005304634 0.003486573 0.008592963 -0.005577504 0.002976834 0.008380293 -0.005285739 0.004097461 0.008000016 -0.004662036 0.003798305 0.007999956 -0.005530357 0.002937555 0.007999956 -0.005315244 0.003999173 0.007999956 -0.004644393 0.004093587 0.007999956 -0.004935801 0.00404632 0.007999956 -0.005238533 0.003841161 0.007999956 -0.005466043 0.003555417 0.007999956 -0.005576431 0.003162503 0.007999956 -0.005467772 0.002931356 0.007999956 -0.005131959 0.002988874 0.007999956 -0.004676878 0.00331062 0.007999956 -0.004425466 0.003667116 0.007999956 -0.004407882 0.006419301 0.008000075 0.002155125 0.005313634 0.008177757 0.001508474 0.005228698 0.008176803 0.001824498 0.005533814 0.00835812 0.00234282 0.006311714 0.008643507 0.002095162 0.005260705 0.007999956 0.001485347 0.005427956 0.008000016 0.002272844 0.004727959 0.003999948 0.005952596 0.006701588 0.003999948 0.003806352 0.006613671 0.008999943 0.00374788 0.004799306 0.008999943 0.00603044 0.004725873 0.00901705 0.005940079 0.004429578 0.008386373 0.004166841 0.004152417 0.007955372 0.002507805 0.004152417 0.003999948 0.002507805 0.004727959 0.003999948 0.005952596 0.004130661 0.003999948 0.002509653 0.004152417 0.007955372 0.002507805 0.00415802 0.00784558 0.001726269 0.004803597 0.007950186 6.20395e-4 0.004709362 0.004000008 5.25955e-4 0.004835724 0.003999948 6.49307e-4 0.004835724 0.007964074 6.49307e-4 0.006089746 0.008395016 -4.08174e-4 0.00743252 0.00901705 -0.001540482 0.007442355 0.003999948 -0.001548767 0.006613671 0.003999948 0.00374788 0.006613671 0.008999943 0.00374788 0.007627844 0.003999948 0.001033246 0.007442355 0.003999948 -0.001548767 0.007442355 0.008999943 -0.001548767 0.007578909 0.008999943 0.001345813 0.006893217 0.003999948 0.003248393 0.007406294 0.003999948 0.001712799 0.00762093 0.003999948 8.42046e-5 0.007442355 0.003999948 -0.001548767 0.004535496 0.003999948 9.39812e-4 0.004188299 0.003999948 0.001650512 0.004122912 0.003999948 0.002255022 0.004727959 0.003999948 0.005952596 0.005788743 0.003999948 0.004951059 0.007442355 0.008999943 -0.001548767 0.007318556 0.008999943 -0.001444339 0.007476627 0.008999943 2.7976e-4 0.007035732 0.008999943 0.002544879 0.005925536 0.008999943 0.004567921 0.004701137 0.008999943 0.005791962 0.004727959 0.008999943 0.005952596 0.005788743 0.008999943 0.004951059 0.006893217 0.008999943 0.003248393 0.007406294 0.008999943 0.001712799 0.00762093 0.008999943 8.42046e-5 0.007385313 0.008843362 -0.001466751 0.007471263 0.009011626 2.78087e-4 0.007036566 0.008996784 0.002547562 0.005922853 0.009009242 0.004564642 0.004749655 0.00880289 0.005865097 0.004104077 0.007878065 0.001992285 0.004503726 0.007882237 9.70175e-4 0.006403088 0.008637309 0.001901686 0.006338894 0.008562207 0.001482546 0.006002068 0.008407175 0.001234114 0.005704522 0.00829178 0.001217663 0.005398511 0.008196949 0.001378297 0.005230307 0.008174061 0.001730918 0.005300223 0.008237302 0.002073228 0.005506515 0.008342742 0.002296149 0.005789279 0.008461236 0.002385973 0.006190598 0.008610129 0.002271115 0.006339609 0.008633673 0.002088069 0.006395757 0.00860399 0.00163114 0.00590837 0.008364439 0.001183569 0.005323827 0.008166074 0.001504778 0.006346702 0.007999956 0.002092361 0.006315946 0.008000016 0.001386225 0.005226075 0.007999956 0.001439034 0.006336629 0.007999956 0.002088189 0.006415843 0.007999956 0.001740157 0.006206154 0.007999956 0.001332223 0.005765855 0.007999956 0.001203596 0.005397796 0.007999956 0.001378893 0.005220055 0.007999956 0.001801729 0.005404591 0.007999956 0.002221703 0.005724668 0.007999956 0.002379596 0.006078779 0.007999956 0.002335011 6.03352e-4 0.007999956 0.006383955 6.07461e-4 0.008521139 0.006386756 -4.88643e-4 0.008281886 0.005777776 -2.63214e-4 0.008593142 0.006575286 2.35595e-4 0.00863707 0.006662607 -4.96607e-4 0.008000075 0.005773603 -1.16229e-6 0.008000016 0.00675559 -0.004188954 0.00901705 0.006330132 -0.002594053 0.008386373 0.005500435 -0.001101911 0.007955372 0.004724144 -0.001101911 0.003999948 0.004724144 -0.00420022 0.003999948 0.006336033 -0.001110315 0.003999948 0.004704058 -0.001101911 0.007955372 0.004724144 -3.56875e-4 0.00784558 0.004487991 8.94383e-4 0.007950186 0.004760205 9.55079e-4 0.004000008 0.004641413 8.7681e-4 0.003999948 0.004799723 8.7681e-4 0.007964074 0.004799723 0.002270042 0.008395016 0.00566554 0.003761827 0.00901705 0.00659269 0.003772795 0.003999948 0.006599485 -0.004276394 0.008999943 0.006476223 1.99009e-4 0.008999943 0.007659196 0.003804504 0.008999943 0.006667613 -0.004300057 0.003999948 0.00652039 5.03603e-4 0.003999948 0.007645249 0.003792524 0.003999948 0.006641924 0.003772795 0.003999948 0.006599485 6.54291e-4 0.003999948 0.004676222 7.03521e-5 0.003999948 0.004506528 -7.18992e-4 0.003999948 0.004557073 -0.00420022 0.003999948 0.006336033 -0.003152251 0.003999948 0.006917417 -0.002025902 0.003999948 0.007326841 -8.49195e-4 0.003999948 0.007554233 3.48624e-4 0.003999948 0.00759381 0.00153774 0.003999948 0.00744462 0.002688705 0.003999948 0.007110416 0.003772795 0.008999943 0.006599485 0.003635227 0.008999943 0.006514012 -0.004055738 0.008999943 0.006260812 -0.002513229 0.008999943 0.007047116 -2.46145e-4 0.008999943 0.00747776 0.00204432 0.008999943 0.007197141 -0.00420022 0.008999943 0.006336033 -0.003152251 0.008999943 0.006917417 -0.002025902 0.008999943 0.007326841 -8.49195e-4 0.008999943 0.007554233 3.48624e-4 0.008999943 0.00759381 0.00153774 0.008999943 0.00744462 0.002688705 0.008999943 0.007110416 -0.004108071 0.008813619 0.006325423 -0.002510964 0.00900948 0.007043361 -2.48432e-4 0.008996546 0.007479548 0.00204426 0.009010195 0.007192194 0.003635227 0.008999943 0.006514012 8.45775e-4 0.007918536 0.004778444 -6.26635e-4 0.007876217 0.004519402 2.48659e-4 0.007864356 0.004539012 6.94945e-4 0.008439421 0.006142377 5.32404e-4 0.00824505 0.005696535 2.31002e-4 0.008177816 0.005517601 -7.78511e-5 0.008179426 0.005526304 -3.23303e-4 0.008234262 0.005673289 -5.13747e-4 0.008393764 0.006031155 -3.51079e-4 0.008559286 0.006489694 -5.07794e-5 0.008628904 0.006668329 2.58382e-4 0.008629977 0.006658613 5.03674e-4 0.008571565 0.006513357 6.72635e-4 0.008522987 0.006409525 4.82697e-4 0.008227586 0.005645155 -1.90809e-5 0.008164882 0.005514919 -4.25391e-4 0.008284091 0.005799949 6.05531e-4 0.007999956 0.006384134 6.55152e-4 0.008000016 0.005816102 -1.4402e-5 0.007999956 0.00548315 -4.24631e-4 0.007999956 0.005800604 6.67214e-4 0.007999956 0.006242513 6.28419e-4 0.007999956 0.005836665 3.81637e-4 0.007999956 0.005578815 3.36021e-5 0.007999956 0.005499601 -2.9311e-4 0.007999956 0.005643308 -4.86579e-4 0.007999956 0.005943238 -4.47787e-4 0.007999956 0.006349086 -1.57207e-4 0.007999956 0.00663501 2.49181e-4 0.007999956 0.006667315 5.08856e-4 0.007999956 0.006504774 -0.003098368 0.007999956 -0.004554092 -0.003135442 0.008187353 -0.00458002 -0.004172265 0.008625864 -0.005158305 -0.004034638 0.008340358 -0.004389703 -0.003488481 0.008179962 -0.004308462 -0.004196822 0.007999956 -0.005179762 -0.004023015 0.008000075 -0.004337608 -0.003528594 0.003999948 -0.003350913 -0.001797139 0.004000067 -0.004276871 -0.001921236 0.007928431 -0.004366099 -0.002621293 0.00784409 -0.003642201 -0.003528356 0.007959544 -0.003353655 -3.31804e-4 0.00901705 -0.007583439 -0.001134395 0.008386373 -0.005974709 -0.001885294 0.007955372 -0.004469573 -0.001885294 0.003999948 -0.004469573 -3.26138e-4 0.003999948 -0.007594764 -0.001932621 0.003999948 -0.004435002 -0.001942157 0.007945358 -0.004440069 -0.003530502 0.003999948 -0.003367662 -0.003530502 0.007964074 -0.003367662 -0.00516659 0.008395016 -0.003249228 -0.006918489 0.00901705 -0.003122448 -0.006931304 0.003999948 -0.003121495 -3.26134e-4 0.008999943 -0.007594764 -0.00326091 0.008999943 -0.006972372 -0.007114052 0.008999943 -0.003224253 -3.5375e-4 0.003999948 -0.007802605 -0.005402684 0.003999948 -0.005509197 -0.006931304 0.003999948 -0.003121495 -0.006931304 0.003999948 -0.003121495 -0.002986013 0.003999948 -0.003454446 -0.002076625 0.003999948 -0.004121661 -3.26138e-4 0.003999948 -0.007594764 -0.001515686 0.003999948 -0.00744915 -0.002667605 0.003999948 -0.007118344 -0.003753244 0.003999948 -0.006610631 -0.004745543 0.003999948 -0.005938589 -0.005619883 0.003999948 -0.005118966 -0.00635457 0.003999948 -0.004172086 -0.006931304 0.008999943 -0.003121495 -0.006769776 0.008999943 -0.003133177 -3.98859e-4 0.008999943 -0.00744903 -0.001542806 0.008999943 -0.007298409 -0.003190696 0.008999943 -0.006767332 -0.004648864 0.008999943 -0.005833923 -0.005884289 0.008999943 -0.004620969 -3.26134e-4 0.008999943 -0.007594764 -0.001515686 0.008999943 -0.00744915 -0.002667605 0.008999943 -0.007118344 -0.003753244 0.008999943 -0.006610631 -0.004745543 0.008999943 -0.005938589 -0.005619883 0.008999943 -0.005118966 -0.00635457 0.008999943 -0.004172086 -3.94907e-4 0.008806407 -0.007535219 -0.002108573 0.00900942 -0.007174134 -0.004195213 0.008996844 -0.006197035 -0.005881369 0.009009957 -0.004617154 -0.006837546 0.008842051 -0.003154635 -0.002006649 0.007909953 -0.004244327 -0.002413511 0.007852852 -0.003804385 -0.003100216 0.0078848 -0.003424525 -0.003054916 0.008235454 -0.004799365 -0.003161907 0.008390069 -0.005201756 -0.003383934 0.008501827 -0.005402326 -0.003683149 0.008598566 -0.005465745 -0.00401324 0.008642196 -0.005349576 -0.00421518 0.008594691 -0.005063533 -0.004234015 0.008499264 -0.004757881 -0.004100739 0.008387982 -0.004489541 -0.00385642 0.008274495 -0.004320979 -0.003548443 0.008195161 -0.004293918 -0.003265559 0.008171379 -0.00443077 -0.003138244 0.008180737 -0.00459522 -0.0032714 0.008463203 -0.005361139 -0.003821134 0.008627116 -0.005443215 -0.004172146 0.008619487 -0.005171477 -0.003111839 0.007999956 -0.00457251 -0.003378629 0.008000075 -0.005499601 -0.004176974 0.007999956 -0.005173802 -0.003198683 0.007999956 -0.004500031 -0.003051817 0.007999956 -0.004881024 -0.003270804 0.007999956 -0.005340814 -0.003711044 0.007999956 -0.005469441 -0.004079163 0.007999956 -0.005294203 -0.00424844 0.007999956 -0.004923343 -0.004184544 0.007999956 -0.004623711 -0.003992259 0.007999956 -0.004385232 -0.003544986 0.007999956 -0.004283607 -0.0134809 0.00119996 -0.007176995 -0.01328802 0.00119996 -0.007530152 -0.01328712 9.99995e-4 -0.007529675 -0.01348179 9.99995e-4 -0.007177472 -0.004301071 0.006199955 -0.01872974 -0.004301071 0.005999982 -0.01872974 -0.01671928 0.005999982 -0.009474635 -0.01410925 0.005999982 -0.01313495 -0.009061038 0.005999982 -0.01701456 -0.01671928 0.006199955 -0.009474635 -0.01371526 0.006199955 -0.01354587 -0.008554697 0.006199955 -0.01727473 -0.005253493 0.007999956 0.00225985 -0.006294488 0.008561491 0.001672804 -0.006247997 0.008643925 0.002291202 -0.005192458 0.008243441 0.002317547 -0.006281912 0.007999956 0.001677453 -0.006328463 0.007999956 0.002255618 -0.005641162 0.007999956 0.002575159 0.001309871 0.00789994 7.3676e-4 0.0013206 0.00789994 -7.76676e-4 -2.37297e-4 0.00789994 -0.001521766 -0.001279532 0.00789994 -7.26994e-4 0.001265168 0.007699966 7.16971e-4 0.001497387 0.007699966 -4.60036e-4 2.08966e-4 0.007699966 -0.001482546 -0.001369774 0.007699966 -7.93615e-4 0.006396055 0.008045673 0.001761734 0.006331384 0.008065044 0.002084612 0.006373167 0.007999718 0.002103328 -0.002799034 3.35276e-6 -0.001586496 -0.003145992 7.59564e-4 -0.001779973 -0.003696978 0.001007556 -0.002094864 -0.004122912 0.001060962 -0.001069247 -0.004249215 0.001006066 3.47607e-5 -0.004111468 0.001001358 0.001137137 -0.003666877 0.001032114 0.002140522 -0.002992033 0.001001358 0.003040552 -0.001772463 0.001006007 0.003879666 -7.03629e-4 0.001006066 0.004190683 4.05915e-4 0.001001358 0.004246473 0.001859605 0.00101602 0.003837168 0.003039836 0.001010417 0.002991557 0.003686606 0.001092016 0.002091586 0.002744972 1.28597e-5 0.001555323 0.001857161 1.9744e-6 0.002716243 -6.89711e-4 7.89762e-7 0.003272712 -0.00267744 2.19792e-6 0.001910328 -0.00327295 1.69873e-6 -3.84351e-4 0.002064168 6.33679e-4 0.002823829 9.02086e-4 5.0246e-4 0.003279507 -5.10864e-4 8.2951e-4 0.003654479 -0.001142561 5.13755e-4 0.003195226 -0.002870678 6.73361e-4 0.002079546 -0.003511905 7.04959e-4 2.05971e-5 0.001304984 -0.01249998 7.39541e-4 0.001319825 9.99995e-4 7.49882e-4 -0.001304984 9.99995e-4 -7.39541e-4 -0.001561105 9.99995e-4 1.06266e-4 -8.97232e-4 9.99995e-4 0.001236259 3.75744e-4 9.99995e-4 0.001518964 -0.001304984 -0.01249998 -7.39541e-4 2.96939e-4 -0.01249998 0.001608312 -0.001544535 -0.01249998 4.74513e-4 -0.002895474 -0.01249998 -0.001650094 -0.001214504 -0.01249998 -0.003048241 8.33645e-4 -0.01249998 -0.00321418 0.003207981 -0.01249998 -0.001196861 0.002863287 -0.01249998 0.001618385 -0.002859711 0 -0.001624703 -8.14099e-4 0 -0.00329107 0.002443134 0 -0.002350568 0.003291726 0 3.44265e-4 0.002827525 0 0.001602292 0.00698775 0.009094834 0.003961563 0.00644207 0.009023487 0.004824221 0.005744397 0.009087264 0.005611121 0.006367087 0.008688986 0.003608107 0.004746854 0.008689045 0.005571842 0.005610287 0.00870949 0.004692256 -0.003341138 0.009033858 -0.009399592 -0.004113614 0.009017705 -0.008272349 -0.005057394 0.008999943 -0.00730288 -0.006159543 0.008999943 -0.006505668 -0.007393121 0.009059786 -0.00591278 -0.0100395 0.008999943 -0.005377292 -0.0113973 0.008999943 -0.005459129 -0.01271396 0.00901848 -0.005771398 -0.004042088 0.008635401 -0.009797215 -0.004166126 0.008001565 -0.009860932 -0.01347827 0.008005678 -0.007232129 -0.0116043 0.00800395 -0.006523907 -0.008627235 0.008004188 -0.006538331 -0.006168723 0.008001625 -0.007687449 -0.01395887 0.009150445 -0.006323933 -0.01186007 0.008630156 -0.006355345 -0.008671104 0.009058058 -0.00554037 -0.009443521 0.008530974 -0.006266772 -0.007080733 0.008571982 -0.006925642 -0.005065739 0.008718132 -0.008249521 -0.008921384 0.009011805 0.009540021 -0.009545326 0.009000182 0.01049613 -0.01031541 0.009011983 0.01133894 -0.009514927 0.008801758 0.009203851 -0.009757339 0.00800234 0.009069621 -0.0110448 0.008005559 0.01058256 -0.01073968 0.008758246 0.01089733 0.01924645 0.009033501 0.01090693 0.01776349 0.009012043 0.01322048 0.01597374 0.008999943 0.01530933 0.01820969 0.008029282 0.0103209 0.01591277 0.00800544 0.013893 0.01717483 0.007999777 0.0123223 0.01594513 0.008869826 0.01458615 0.01588678 0.008606076 0.01410394 0.01767128 0.008734107 0.01201605 0.01759153 0.006199955 -0.01174658 0.01763087 0.007999956 -0.01067352 0.01763254 0.007999956 -0.01176762 0.01767331 0.006199955 -0.01065558 0.01775413 0.009031474 -0.009420394 0.01848411 0.009000658 -0.01018363 0.01806879 0.008893907 -0.01042228 0.0175724 0.008006572 -0.0106998 0.01723778 0.008000075 -0.01030802 0.01731282 0.008582651 -0.01017886 -0.00703895 0.008622765 -0.001756608 -0.006163895 0.007699966 -8.96305e-4 -0.006319701 0.007986605 -0.001832723 -0.006751775 0.008367896 -0.00185883 -0.006094396 0.008157432 -0.002952516 -0.006532549 0.008675277 -0.003290832 -0.006374895 0.008681356 -0.003613173 -0.005419075 0.007699966 -0.00307095 -0.005899071 0.007706284 -0.00202012 -5.69366e-4 0.008687376 -0.007297873 -0.002338111 0.008679151 -0.006971716 -0.005335807 0.008677721 -0.005062043 -0.006382286 0.008671522 -0.003616809 -2.1033e-4 0.007977068 -0.006584763 -3.37467e-4 0.008411765 -0.007033586 9.25243e-4 0.008154094 -0.006711423 0.001111388 0.008679389 -0.007227897 0.006763219 0.008688986 -0.002795934 0.005875945 0.008664667 -0.004457294 0.004063248 0.008677899 -0.006136238 0.002350211 0.008688986 -0.006930708 0.006189584 0.007987201 -0.002231717 0.006599485 0.008395314 -0.002500534 0.006666898 0.008156418 -0.001193702 0.00721848 0.008678197 -0.001176595 0.006380558 0.008673489 0.003615856 0.006906926 0.008673667 0.002467453 0.007326364 0.008677601 6.83563e-4 0.005419075 0.007699966 0.00307095 -0.005419075 0.007699966 -0.00307095 -0.004454255 0.00769788 -0.004389584 -0.003157615 0.007699966 -0.005369067 -0.001665651 0.007695317 -0.006030023 4.81941e-4 0.007709145 -0.006226241 0.00210607 0.007681608 -0.005877792 0.003525257 0.007721066 -0.005142867 0.004752635 0.007682025 -0.004049122 0.00563097 0.007717013 -0.00268501 0.006246566 0.007674872 -5.80491e-4 0.006041824 0.007715463 0.001559197 -0.004203736 0.008004307 -0.005081772 -0.004025757 0.008078336 -0.005342423 -0.003699898 0.008007705 -0.005462408 0.006266713 0.008055567 0.002163052 0.00638771 0.008003711 0.001651942 0.006408512 0.008069038 0.001830458 0.003545641 0.008002817 -0.005565106 0.003802418 0.008087635 -0.005497336 0.004051566 0.008006453 -0.005211055 -0.003933787 0.008677721 -0.006184935 -0.003457248 0.00119996 -0.01474958 -0.003399848 0.007999956 -0.01475721 -0.003974616 0.007999956 -0.009784579 -0.004208028 0.00119996 -0.009891211 -0.003279924 0.00119996 -0.01238185 -0.015096 0.00119996 -0.001269817 -0.015096 0.007999956 -0.001269817 -0.009747564 0.007999956 0.009067177 -0.008915066 0.007999956 0.006443858 -0.009248435 0.007999956 0.00308603 -0.01219028 0.007999956 -4.13455e-4 -0.009721815 0.00119996 0.009078919 -0.008894085 0.00119996 0.006240487 -0.009375631 0.00119996 0.002778649 -0.0124793 0.00119996 -5.78163e-4 0.01763254 0.001999974 -0.01176762 0.01764285 0.005999982 -0.01177269 0.01762491 0.005999982 -0.01067626 0.01763087 0.001999974 -0.01067352 0.0209214 0.006199955 -0.002929151 0.02114546 0.007999956 -0.002940893 0.01837944 0.007999956 0.01041543 0.02033674 0.007999956 0.005949974 0.01858353 0.006199955 0.01050871 0.02104729 0.006199955 0.002247869 0.01837944 -0.00899738 0.01041543 0.01846528 0.005999922 0.0104683 0.01590633 0.005999982 0.0139023 0.0159223 9.9992e-4 0.01391559 0.009323775 9.99995e-4 0.01917386 0.009317398 0.005999207 0.01916754 -0.008357644 0.005999207 0.01958143 4.4914e-4 0.005999982 0.02119845 -0.008306503 9.99995e-4 0.01942384 -0.01203566 0.001000046 0.01745003 -0.01520401 9.99995e-4 0.01466703 -0.01533281 0.005999267 0.01477056 -0.0212289 0.005999267 -0.001897513 -0.0199716 0.005999982 0.007120847 -0.02104002 9.99995e-4 -0.001897692 -0.02027451 0.000999987 -0.006239175 -0.01864749 9.99995e-4 -0.009927511 -0.01864892 0.005999982 -0.009928286 -0.01837944 0.005999982 -0.01041543 -0.01855009 -0.008997142 -0.01050752 0.01496589 -0.008997917 0.01500153 0.009215831 -0.00899744 0.01909172 0.002079963 -0.008997321 0.02110189 -0.007092714 -0.00899595 0.02009838 -0.0146659 -0.008998572 0.0153104 -0.01820975 -0.00899738 0.01070934 -0.02045542 -0.008997321 0.005584716 -0.02112346 -0.00899744 -0.001799762 -0.004760742 0.005999624 -0.02079457 -0.01287531 0.005999922 -0.01683717 -0.01850104 0.005999863 -0.01049923 -0.004747986 0.001000463 -0.02076637 0.00367403 0.001873552 -0.02080714 0.003553748 0.001488685 -0.02082771 0.003239035 0.001161396 -0.02087539 0.0028705 0.001010358 -0.02093142 0.003708958 0.005999922 -0.02091366 0.01768618 0.005999565 -0.01182866 0.01135778 0.005999922 -0.01789307 0.01760578 0.001555323 -0.01172244 0.01781255 7.58499e-4 -0.01136946 0.01807737 3.21507e-4 -0.01093101 0.01843219 2.88188e-5 -0.01032978 0.02109724 4.99189e-7 -0.002941787 0.02112317 0.005999684 -0.00293976 0.01837944 0.005999982 0.01041543 0.02034389 0.005999922 0.00594145 0.01837944 -0.00899738 0.01041543 -0.0185818 -0.008997261 -0.01055502 -0.01210665 -0.008997321 -0.01740187 -0.005546808 -0.008997321 -0.02045387 0.001533806 -0.00899744 -0.02113032 0.007065594 -0.00899738 -0.01990884 0.01218819 -0.00899738 -0.01734393 0.0160734 -0.00899738 -0.01370871 0.01916068 -0.008997321 -0.009065508 0.02108591 -0.008997321 -0.002117216 0.0205779 -0.00899738 0.005089282 -0.02104002 0.007999956 -0.001897692 -0.02087551 0.007999956 0.003524541 -0.0186519 0.007999956 0.0100674 -0.01520401 0.007999956 0.01466703 -0.02128612 0.006199955 -0.001897454 -0.01988112 0.006199955 0.007347583 -0.01532346 0.006199955 0.01476293 -0.008306503 0.007999956 0.01942384 -0.0034222 0.007999956 0.02091735 0.003810882 0.007999956 0.02085006 0.009250879 0.007999956 0.01899224 -0.008306503 0.006199955 0.01942384 -0.002781808 0.006199955 0.02101212 0.004445791 0.006199955 0.02072393 0.009250879 0.006199955 0.01899224 0.01597034 0.007999956 0.01395416 0.01837944 0.007999956 0.01041543 0.01590633 0.006199955 0.0139023 0.01844954 0.006199955 0.0104587 0.01761168 0.005999982 -0.01068103 0.01724374 0.005999982 -0.01029926 0.01724642 0.001999974 -0.01029539 0.01760947 0.001999974 -0.01068252 0.01767349 0.007999956 -0.01181823 0.01183807 0.007999956 -0.01757192 0.003735482 0.007999956 -0.02101343 0.0177378 0.006199955 -0.01186966 0.01132869 0.006199955 -0.01790452 0.003714263 0.006199955 -0.02093386 -0.007043182 0.008611738 -0.001752197 -0.00724101 0.00836265 -0.001937925 -0.007335543 0.008004546 -0.00202614 -0.006332159 0.008002221 -0.001869797 -0.005115389 0.008001625 0.005629301 -0.005115985 0.008243143 0.005515277 -0.005000054 0.008498489 0.00511831 -0.004759013 0.008042693 0.004833161 -0.01262956 9.99995e-4 0.008587062 -0.01390224 9.99995e-4 0.006322324 -0.01477265 9.99995e-4 0.003874719 -0.01521563 9.99995e-4 0.001314997 -0.01521837 9.99995e-4 -0.001282691 -0.02104002 9.99995e-4 -0.001897692 -0.02069556 9.99995e-4 -0.004159748 -0.02020817 9.99995e-4 -0.006185472 -0.01937997 9.99995e-4 -0.008408427 -0.01864749 9.99995e-4 -0.009927511 -0.01348674 9.99995e-4 -0.007180571 -0.0118696 9.99995e-4 -0.009610235 -0.01012951 9.99995e-4 -0.01142966 -0.008114159 9.99995e-4 -0.01293849 -0.005878329 9.99995e-4 -0.01409572 -0.003482758 9.99995e-4 -0.01486992 -0.004696905 9.99995e-4 -0.02059668 -0.002433538 9.99995e-4 -0.02096349 -3.54778e-4 9.99995e-4 -0.0211181 0.002690374 9.99995e-4 -0.02095341 0.001669526 9.99995e-4 -0.01518082 0.004122078 9.99995e-4 -0.01470553 0.006464302 9.99995e-4 -0.0138368 0.008633494 9.99995e-4 -0.01259785 0.01057177 9.99995e-4 -0.01102191 0.01222717 9.99995e-4 -0.009150981 0.0135554 9.99995e-4 -0.007035255 0.01776272 9.99995e-4 -0.009461462 0.01828932 9.99995e-4 -0.008416593 0.003794908 9.99995e-4 -0.002321124 0.004600524 9.99995e-4 -4.05222e-4 0.01905292 9.99995e-4 -0.006482303 0.01958888 9.99995e-4 -0.004659473 0.01993107 9.99995e-4 -0.00279051 0.01512479 9.99995e-4 -0.002117574 0.01526492 9.99995e-4 4.76424e-4 0.01496332 9.99995e-4 0.003056585 0.01422882 9.99995e-4 0.005548357 0.01308262 9.99995e-4 0.007879614 0.01155793 9.99995e-4 0.009982883 0.01590633 9.99995e-4 0.0139023 0.01429796 9.99995e-4 0.01552987 0.01271301 9.99995e-4 0.01688224 0.01073634 9.99995e-4 0.01819384 0.009250879 9.99995e-4 0.01899224 0.00668776 9.99995e-4 0.01373016 0.004263997 9.99995e-4 0.014665 0.001716852 9.99995e-4 0.01517552 -8.79887e-4 9.99995e-4 0.01524698 -0.003451168 9.99995e-4 0.01487725 -0.005922675 9.99995e-4 0.01407712 -0.008306503 9.99995e-4 0.01942384 -0.01035141 9.99995e-4 0.01839721 -0.01212739 9.99995e-4 0.01730769 -0.01398563 9.99995e-4 0.01583307 -0.01520401 9.99995e-4 0.01466703 -0.01099151 9.99995e-4 0.0106033 -0.001034855 9.99995e-4 -0.004326462 0.001036226 9.99995e-4 -0.004500567 0.003380239 9.99995e-4 0.002891898 0.001807034 9.99995e-4 0.004250168 -0.001705765 9.99995e-4 0.004108428 -0.003483712 9.99995e-4 0.003031969 -0.004434466 9.99995e-4 -3.52735e-4 -0.003960072 9.99995e-4 -0.002376317 -0.00388062 9.99995e-4 -0.001771748 -0.004252552 9.99995e-4 -3.37671e-4 -0.004111588 9.99995e-4 0.001137137 -0.003474712 9.99995e-4 0.002474844 -0.002705574 9.99995e-4 0.00327748 -0.001771748 9.99995e-4 0.00388062 -3.37645e-4 9.99995e-4 0.004252552 0.001137137 9.99995e-4 0.004111588 0.002154469 9.99995e-4 0.00366342 0.003040611 9.99995e-4 0.002992153 0.003697514 9.99995e-4 0.002095341 0.00412935 9.99995e-4 0.001070976 0.004249811 9.99995e-4 -3.41386e-5 0.004111588 9.99995e-4 -0.001137137 0.003474712 9.99995e-4 -0.002474844 0.002418696 9.99995e-4 -0.003513991 0.001070976 9.99995e-4 -0.00412935 -4.05922e-4 9.99995e-4 -0.004246592 -0.001833856 9.99995e-4 -0.003851652 -0.003040611 9.99995e-4 -0.002992153 0.01917064 3.66099e-4 -0.008786499 0.01964622 3.78363e-4 -0.007646441 0.01996344 2.40259e-4 -0.006866157 0.01906996 0.001128554 -0.006492793 0.01958882 9.99548e-4 -0.004659473 0.01993107 9.99995e-4 -0.00279051 0.0203306 9.5661e-4 -0.002846598 0.02101588 3.72529e-7 -0.002942562 0.02029353 -5.06639e-7 -0.006094694 0.01873022 1.76579e-6 -0.009976446 0.01777476 0.00106126 -0.009467661 0.01829582 0.001091301 -0.008417963 0.02034395 5.64717e-4 -0.005189299 0.02001029 0.008999943 0.0113396 0.0216754 0.008999943 0.007692575 0.02268189 0.008999943 0.003811776 0.02299922 0.008999943 -1.84754e-4 0.02261775 0.008999943 -0.004175722 0.02154904 0.008999943 -0.008039772 0.01982557 0.008999943 -0.01165962 0.01749968 0.008999943 -0.01492512 0.01464211 0.008999943 -0.0177372 0.0113396 0.008999943 -0.02001029 0.007692575 0.008999943 -0.0216754 0.003811836 0.008999943 -0.02268189 -1.84748e-4 0.008999943 -0.02299922 -0.004175662 0.008999943 -0.02261775 -0.008039772 0.008999943 -0.02154904 -0.01165962 0.008999943 -0.01982551 -0.01492512 0.008999943 -0.01749968 -0.0177372 0.008999943 -0.01464205 -0.02001029 0.008999943 -0.0113396 -0.0216754 0.008999943 -0.007692575 -0.02268189 0.008999943 -0.003811776 -0.02299922 0.008999943 1.84754e-4 -0.02261775 0.008999943 0.004175722 -0.02154904 0.008999943 0.008039772 -0.01982551 0.008999943 0.01165962 -0.01749968 0.008999943 0.01492512 -0.01464205 0.008999943 0.0177372 -0.0113396 0.008999943 0.02001029 -0.007692575 0.008999943 0.0216754 -0.003811776 0.008999943 0.02268189 1.84759e-4 0.008999943 0.02299922 0.004175722 0.008999943 0.02261775 0.008039772 0.008999943 0.02154904 0.01165962 0.008999943 0.01982551 0.01492512 0.008999943 0.01749968 0.0177372 0.008999943 0.01464205 -0.01281088 0.008999943 0.01720082 -0.006064713 0.008999943 0.005283057 -0.006879091 0.008999943 0.004167616 -0.007490694 0.008999943 0.002929389 -0.007881402 0.008999943 0.001604735 -0.008039712 0.008999943 2.32812e-4 -0.007961034 0.008999943 -0.001145958 -0.02094465 0.008999943 -0.003790438 -0.02031773 0.008999943 -0.006868541 -0.006898581 0.008999943 -0.00413537 -0.006089448 0.008999943 -0.005254566 -0.005100727 0.008999943 -0.00621885 -0.003961682 0.008999943 -0.006999731 -0.002705812 0.008999943 -0.007574319 -0.001370191 0.008999943 -0.00792557 -0.002867281 0.008999943 -0.02109086 2.5386e-4 0.008999943 -0.02144581 0.001801192 0.008999943 -0.007838845 0.003115653 0.008999943 -0.007415175 0.004338264 0.008999943 -0.006772816 0.005432903 0.008999943 -0.00593084 0.006367444 0.008999943 -0.004913985 0.007114231 0.008999943 -0.003752231 0.0191726 0.008999943 -0.009244382 0.02047461 0.008999943 -0.006385684 0.008011758 0.008999943 -7.09305e-4 0.007988989 0.008999943 0.001110732 0.007514417 0.008999943 0.002867937 0.006708145 0.008999943 0.004479527 0.005767047 0.008999943 0.005606532 0.01471662 0.008999943 0.01537752 0.01240015 0.008999943 0.0174992 0.003150343 0.008999943 0.007400453 0.001837909 0.008999943 0.007830321 4.71272e-4 0.008999943 0.008029282 -9.09273e-4 0.008999943 0.007991552 -0.002262949 0.008999943 0.007718205 -0.003549993 0.008999943 0.007217288 -0.01007717 0.008999943 0.01874822 -0.01998013 0.008999943 -0.009504139 -0.01823484 0.008999943 -0.01253092 -0.01603484 0.008999943 -0.01524525 -0.01343494 0.008999943 -0.01757943 -0.01050007 0.008999943 -0.01947522 -0.007303297 0.008999943 -0.02088534 -0.003924369 0.008999943 -0.02177464 -0.002337753 0.008999943 -0.01412135 -0.002379119 0.008999943 -0.01209574 -0.003068923 0.008999943 -0.00986427 -0.004107594 0.008999943 -0.008276581 -0.005057394 0.008999943 -0.00730288 -0.006159543 0.008999943 -0.006505668 -0.007381618 0.008999943 -0.00590837 -0.008687734 0.008999943 -0.005528509 -0.0100395 0.008999943 -0.005377292 -0.0113973 0.008999943 -0.005459129 -0.01306408 0.008999943 -0.005878031 -0.01521319 0.008999943 0.01606529 -0.01755249 0.008999943 0.01347011 -0.01945418 0.008999943 0.01053899 -0.02087068 0.008999943 0.00734508 -0.02176672 0.008999943 0.00396794 -0.02211999 0.008999943 4.91934e-4 -0.02192163 0.008999943 -0.002996385 -0.01403647 0.008999943 -0.002117514 -0.01247715 0.008999943 -0.001567661 -0.01134008 0.008999943 -9.19675e-4 -0.01032495 0.008999943 -9.36314e-5 -0.009459435 0.008999943 8.88009e-4 -0.008766949 0.008999943 0.001998543 -0.008266448 0.008999943 0.003207743 -0.007971465 0.008999943 0.004482805 -0.007889986 0.008999943 0.005789041 -0.008024334 0.008999943 0.007090866 -0.008370816 0.008999943 0.008352875 -0.009059607 0.008999943 0.009800672 -0.009921669 0.008999943 0.01093935 0.01057791 0.008999943 0.01943302 0.007386803 0.008999943 0.02085596 0.004011511 0.008999943 0.02175873 5.36192e-4 0.008999943 0.02211892 -0.002952516 0.008999943 0.02192759 -0.006367564 0.008999943 0.02118939 -0.009623885 0.008999943 0.01992273 -0.006324112 0.008999943 0.01264709 -0.00524342 0.008999943 0.01127332 -0.004198908 0.008999943 0.01036632 -0.003012776 0.008999943 0.009654402 -0.001721024 0.008999943 0.009159326 -3.62922e-4 0.008999943 0.008896112 0.001020252 0.008999943 0.008872687 0.00238645 0.008999943 0.009089767 0.003694236 0.008999943 0.009540855 0.004903852 0.008999943 0.01021218 0.005978465 0.008999943 0.0110833 0.007104992 0.008999943 0.0124197 0.02175068 0.008999943 -0.004055023 0.02212446 0.008999943 -2.06785e-4 0.02182269 0.008999943 0.003647744 0.02085447 0.008999943 0.007390916 0.01924943 0.008999943 0.01090842 0.01776367 0.008999943 0.01322215 0.01597374 0.008999943 0.01530933 0.01007384 0.008999943 0.009922742 0.009101271 0.008999943 0.008470475 0.008561372 0.008999943 0.007196784 0.008250892 0.008999943 0.005848705 0.008179247 0.008999943 0.004467189 0.008348524 0.008999943 0.003094196 0.008753657 0.008999943 0.00177145 0.009382367 0.008999943 5.39215e-4 0.01021552 0.008999943 -5.65171e-4 0.01122772 0.008999943 -0.001508057 0.01238834 0.008999943 -0.002260923 0.01400738 0.008999943 -0.002919375 0.0181058 0.008999943 -0.009695053 0.01862734 0.008999943 -0.01048129 0.01255005 0.008999943 -0.006514489 0.01086837 0.008999943 -0.006038248 0.009490191 0.008999943 -0.005918443 0.008112132 0.008999943 -0.006039738 0.006776034 0.008999943 -0.006398439 0.005522608 0.008999943 -0.006983757 0.004389822 0.008999943 -0.00777781 0.003412127 0.008999943 -0.008756518 0.002619206 0.008999943 -0.009890139 0.00203526 0.008999943 -0.01114422 0.00167787 0.008999943 -0.01248067 0.001551985 0.008999943 -0.01422393 0.002864718 0.008999943 -0.02193921 0.006543993 0.008999943 -0.02113556 0.01003372 0.008999943 -0.01971954 0.0132327 0.008999943 -0.0177322 0.01604831 0.008999943 -0.01523113 0.01856595 0.008999943 -0.01202517 0.01874059 0.008999943 -0.0112515 0.002487242 0.007999956 -0.01507657 0.003351986 0.007999956 -0.01049095 0.006871581 0.007999956 -0.0072124 0.01305532 0.007999956 -0.007633507 0.002431631 0.001999974 -0.01508051 0.0129593 0.001999974 -0.007845878 0.0102818 0.001999974 -0.006835043 0.006124138 0.001999974 -0.00771588 0.003506243 0.001999974 -0.01022344 0.003679215 0.005999982 -0.02080261 0.00334692 0.005999982 -0.01892358 0.003679215 0.001999974 -0.02080261 0.002664029 0.001999974 -0.01506274 0.002664029 0.007999956 -0.01506274 0.003679215 0.007999956 -0.02080261 0.003679215 0.006199955 -0.02080261 0.00334692 0.006199955 -0.01892358 0.0129593 0.007999956 -0.007845878 0.01723533 0.007999956 -0.01031166 0.0129593 0.001999974 -0.007845878 0.01723533 0.001999974 -0.01031166 0.01723533 0.005999982 -0.01031166 0.0164839 0.005999982 -0.009878396 0.0164839 0.006199955 -0.009878396 0.01723533 0.006199955 -0.01031166 0.01146656 0.00119996 0.00990051 0.01146656 0.007999956 0.00990051 0.01514875 0.007999956 -0.002120912 0.01241064 0.007999956 -0.001268923 0.009409129 0.007999956 0.002515137 0.009540855 0.007999956 0.007343232 0.01513683 9.99995e-4 -0.002119064 0.01512479 0.00119996 -0.002117514 0.01210743 0.00119996 -0.001071453 0.009304642 0.00119996 0.002857804 0.009679555 0.00119996 0.007669746 0.0209214 0.005999982 -0.002929151 0.01903164 0.005999982 -0.002664566 0.02030348 9.55954e-4 -0.002842664 0.02087777 3.76083e-4 -0.00292313 0.01514875 9.99995e-4 -0.002120912 0.01514875 0.007999956 -0.002120912 0.0209214 0.007999956 -0.002929151 0.0209214 0.006199955 -0.002929151 0.01903164 0.006199955 -0.002664566 0.01590633 9.99995e-4 0.0139023 0.01590633 0.005999982 0.0139023 0.01448869 0.005999982 0.01262456 0.01448869 0.006199955 0.01262456 0.01590633 0.006199955 0.0139023 0.01590633 0.007999956 0.0139023 0.01146656 0.007999956 0.00990051 0.01151221 0.00119996 0.009941697 0.01155793 9.99995e-4 0.009982883 -0.005872547 0.00119996 0.01396477 -0.005872547 0.007999956 0.01396477 0.006698369 0.007999956 0.01375192 0.005041956 0.007999956 0.01141107 5.15535e-4 0.007999956 0.009725868 -0.004035532 0.007999956 0.01134312 0.006692886 9.99995e-4 0.01374113 0.00668776 0.00119996 0.01373016 0.004760444 0.00119996 0.01118373 1.57323e-4 0.00119996 0.009732365 -0.004303216 0.00119996 0.01157587 0.009250879 0.005999982 0.01899224 0.008415281 0.005999982 0.01727676 0.009250879 9.99995e-4 0.01899224 0.006698369 9.99995e-4 0.01375192 0.006698369 0.007999956 0.01375192 0.009250879 0.007999956 0.01899224 0.009250879 0.006199955 0.01899224 0.008415281 0.006199955 0.01727676 -0.008306503 9.99995e-4 0.01942384 -0.008306503 0.005999982 0.01942384 -0.007529377 0.005999982 0.01768082 -0.007529377 0.006199955 0.01768082 -0.008306503 0.006199955 0.01942384 -0.008306503 0.007999956 0.01942384 -0.005872547 0.007999956 0.01396477 -0.005897641 0.00119996 0.01402097 -0.005922675 9.99995e-4 0.01407712 -0.01097524 0.007999956 0.01065438 -0.009790003 0.007999956 0.009047806 -0.01100039 9.99995e-4 0.01061153 -0.01099157 0.00119996 0.0106033 -0.009744942 0.00119996 0.009076595 -0.01520401 0.005999982 0.01466703 -0.01383066 0.005999982 0.0133422 -0.01520401 9.99995e-4 0.01466703 -0.01100891 9.99995e-4 0.01062011 -0.01100891 0.007999956 0.01062011 -0.01520401 0.007999956 0.01466703 -0.01520401 0.006199955 0.01466703 -0.01383066 0.006199955 0.0133422 -0.02104002 9.99995e-4 -0.001897692 -0.02104002 0.005999982 -0.001897692 -0.01914215 0.005999982 -0.001697182 -0.01914215 0.006199955 -0.001697182 -0.02104002 0.006199955 -0.001897692 -0.02104002 0.007999956 -0.001897692 -0.015096 0.007999956 -0.001269817 -0.01515722 0.00119996 -0.001276254 -0.01521837 9.99995e-4 -0.001282691 -0.01350224 0.007999956 -0.00718832 -0.01083481 0.007999956 -0.006276369 -0.006244778 0.007999956 -0.00749278 -0.004208028 0.007999956 -0.009891211 -0.01349151 9.99995e-4 -0.007182776 -0.0134809 0.00119996 -0.007176995 -0.01048094 0.00119996 -0.006255686 -0.005961954 0.00119996 -0.00769782 -0.004208028 0.00119996 -0.009891211 -0.01864749 0.005999982 -0.009927511 -0.01696312 0.005999982 -0.009030759 -0.01864749 9.99995e-4 -0.009927511 -0.01350224 9.99995e-4 -0.00718832 -0.01350224 0.007999956 -0.00718832 -0.01864749 0.007999956 -0.009927511 -0.01864749 0.006199955 -0.009927511 -0.01696312 0.006199955 -0.009030759 -0.004696905 9.99995e-4 -0.02059668 -0.004696905 0.005999982 -0.02059668 -0.004301071 0.005999982 -0.01872974 -0.004301071 0.006199955 -0.01872974 -0.004696905 0.006199955 -0.02059668 -0.004696905 0.007999956 -0.02059668 -0.003457248 0.007999956 -0.01474958 -0.003470003 0.00119996 -0.01480972 -0.003482758 9.99995e-4 -0.01486992 0.01867705 0.003999948 -0.007919847 0.006594181 0.003999948 -0.002416551 0.006594181 0.007699966 -0.002416551 0.006189286 0.007699966 -0.002232134 0.006193101 0.007995009 -0.002233862 0.01867705 0.007999956 -0.007919847 0.006901204 0.007699966 -0.001302301 0.006662309 0.007699966 -0.001193463 0.006901204 0.003999948 -0.001302301 0.01915007 0.003999948 -0.006881237 0.01915007 0.007999956 -0.006881237 0.006662309 0.007999956 -0.001193463 0.01867705 0.003999948 -0.007919847 0.006594181 0.003999948 -0.002416551 0.006919682 0.003999948 -0.001315832 0.01915007 0.003999948 -0.006881237 -0.001760721 0.003999948 -0.02021026 -2.60565e-4 0.003999948 -0.007018148 -2.60565e-4 0.007699966 -0.007018148 -2.10296e-4 0.007699966 -0.00657612 -2.10773e-4 0.007995009 -0.006580293 -0.001760721 0.007999956 -0.02021026 8.94029e-4 0.007699966 -0.006965875 9.23686e-4 0.007699966 -0.006705045 8.94029e-4 0.003999948 -0.006965875 -6.26747e-4 0.003999948 -0.02033925 -6.26747e-4 0.007999956 -0.02033925 9.23686e-4 0.007999956 -0.006705045 -0.001760721 0.003999948 -0.02021026 -2.60565e-4 0.003999948 -0.007018148 8.86884e-4 0.003999948 -0.006987631 -6.26747e-4 0.003999948 -0.02033925 0.01330375 0.003999948 0.01531553 0.004335999 0.003999948 0.005524635 0.004335999 0.007699966 0.005524635 0.004035472 0.007699966 0.005196571 0.004038333 0.007995009 0.00519967 0.01330375 0.007999956 0.01531553 0.003371119 0.007699966 0.006160974 0.003193855 0.007699966 0.005967438 0.003371119 0.003999948 0.006160974 0.01246213 0.003999948 0.01608639 0.01246213 0.007999956 0.01608639 0.003193855 0.007999956 0.005967438 0.01330375 0.003999948 0.01531553 0.004335999 0.003999948 0.005524635 0.003389716 0.003999948 0.006174385 0.01246213 0.003999948 0.01608639 -0.01045483 0.003999948 0.01738536 -0.003914356 0.003999948 0.005830943 -0.003914356 0.007699966 0.005830943 -0.003695189 0.007699966 0.005443811 -0.003697276 0.007995009 0.005447506 -0.01045483 0.007999956 0.01738536 -0.01144802 0.007999956 0.01682317 -0.004688382 0.007999956 0.00488156 -0.004688382 0.007699966 0.00488156 -0.004817724 0.007699966 0.005110025 -0.004817724 0.003999948 0.005110025 -0.01144802 0.003999948 0.01682317 -0.01045483 0.003999948 0.01738536 -0.003914356 0.003999948 0.005830943 -0.004824697 0.003999948 0.005131781 -0.01144802 0.003999948 0.01682317 -0.01976519 0.003999948 -0.004570722 -0.01976519 0.007999956 -0.004570722 -0.006755173 0.003999948 -0.001920878 -0.006755173 0.007699966 -0.001920878 -0.006319224 0.007699966 -0.001832127 -0.006323397 0.007995009 -0.001832962 -0.006348669 0.007699966 -0.003002822 -0.006091475 0.007699966 -0.002950429 -0.006348669 0.003999948 -0.003002822 -0.01953744 0.003999948 -0.005689084 -0.01953744 0.007999956 -0.005689084 -0.006091475 0.007999956 -0.002950429 -0.01976519 0.003999948 -0.004570722 -0.006755173 0.003999948 -0.001920878 -0.006371557 0.003999948 -0.003002762 -0.01953744 0.003999948 -0.005689084 -0.004696905 0.007999956 -0.02059668 -0.009526252 0.007999956 -0.01893401 -0.01533836 0.007999956 -0.01462805 -0.01864749 0.007999956 -0.009927511 -0.004773199 0.006199955 -0.02083069 -0.01286113 0.006199955 -0.01681667 -0.0188533 0.006199955 -0.01006239 0.004749059 0.008688986 0.005568146 0.00565046 0.008686363 0.004674375 0.006367087 0.008688986 0.003608107 0.004035174 0.007987141 0.005197048 0.004408121 0.008410096 0.005493164 0.003195524 0.008156299 0.005971789 0.003345549 0.008687913 0.006491601 -0.003828108 0.008688986 0.006237328 -0.002718687 0.008683919 0.006800234 -9.287e-4 0.008677124 0.007301211 0.001556515 0.008689999 0.007174074 -0.003695785 0.007987022 0.005443751 -0.003860712 0.008413553 0.005887329 -0.004699051 0.008156001 0.00487554 -0.004964411 0.008519113 0.00512427 -0.004723846 0.007699966 0.004059851 0.00543183 0.007682323 0.003078222 0.004804432 0.007684826 0.003983259 0.003632485 0.007712662 0.005076169 0.002183258 0.007678627 0.005852103 6.04656e-4 0.007710993 0.006213963 -0.001561641 0.007676362 0.006075084 -0.00351715 0.007713437 0.00515592 4.14435e-4 0.00800246 0.006583631 1.16676e-4 0.008078932 0.006687819 -2.17456e-4 0.00800687 0.006594479 0.006665289 0.008153796 -0.001186966 0.006189286 0.007987141 -0.002232134 0.006189286 0.007699966 -0.002232134 0.006662309 0.007699966 -0.001193463 0.01915007 0.003999948 -0.006881237 0.01867705 0.003999948 -0.007919847 0.01867705 0.007999956 -0.007919847 0.01915007 0.007999956 -0.006881237 9.30816e-4 0.008153796 -0.00670588 -2.10296e-4 0.007987141 -0.00657612 -2.10296e-4 0.007699966 -0.00657612 9.23686e-4 0.007699966 -0.006705045 -6.26747e-4 0.003999948 -0.02033925 -0.001760721 0.003999948 -0.02021026 -0.001760721 0.007999956 -0.02021026 -6.26747e-4 0.007999956 -0.02033925 0.00318855 0.008153796 0.005972266 0.004035472 0.007987141 0.005196571 0.004035472 0.007699966 0.005196571 0.003193855 0.007699966 0.005967438 0.01246213 0.003999948 0.01608639 0.01330375 0.003999948 0.01531553 0.01330375 0.007999956 0.01531553 0.01246213 0.007999956 0.01608639 -0.00469464 0.008153796 0.004878044 -0.003695189 0.007987141 0.005443811 -0.003695189 0.007699966 0.005443811 -0.004688382 0.007699966 0.00488156 -0.01144802 0.003999948 0.01682317 -0.01045483 0.003999948 0.01738536 -0.01045483 0.007999956 0.01738536 -0.01144802 0.007999956 0.01682317 -0.006090044 0.008153796 -0.002957463 -0.006319224 0.007987141 -0.001832127 -0.006319224 0.007699966 -0.001832127 -0.006091475 0.007699966 -0.002950429 -0.01953744 0.003999948 -0.005689084 -0.01976519 0.003999948 -0.004570722 -0.01976519 0.007999956 -0.004570722 -0.01953744 0.007999956 -0.005689084 -0.006772458 0.003999948 -0.001926362 -0.006348669 0.003999948 -0.003002822 -0.006755173 0.007699966 -0.001920878 -0.006365239 0.007699966 -0.003010034 -0.006319224 0.007699966 -0.001832127 -0.006755173 0.007699966 -0.001920878 -0.006091475 0.007699966 -0.002950429 -0.006371557 0.007699966 -0.003002762 -0.003924906 0.003999948 0.005845725 -0.004817724 0.003999948 0.005110025 -0.003914356 0.007699966 0.005830943 -0.004829704 0.007699966 0.005123555 -0.003695189 0.007699966 0.005443811 -0.003914356 0.007699966 0.005830943 -0.004688382 0.007699966 0.00488156 -0.004824697 0.007699966 0.005131781 0.004346728 0.003999948 0.005539238 0.003371119 0.003999948 0.006160974 0.004335999 0.007699966 0.005524635 0.003380298 0.007699966 0.00617659 0.004035472 0.007699966 0.005196571 0.004335999 0.007699966 0.005524635 0.003193855 0.007699966 0.005967438 0.003389716 0.007699966 0.006174385 -2.60685e-4 0.003999948 -0.007036268 8.94029e-4 0.003999948 -0.006965875 -2.60565e-4 0.007699966 -0.007018148 8.95787e-4 0.007699966 -0.006983876 -2.10296e-4 0.007699966 -0.00657612 -2.60565e-4 0.007699966 -0.007018148 9.23686e-4 0.007699966 -0.006705045 8.86884e-4 0.007699966 -0.006987631 0.006611347 0.003999948 -0.002422273 0.006901204 0.003999948 -0.001302301 0.006594181 0.007699966 -0.002416551 0.006918907 0.007699966 -0.001306176 0.006189286 0.007699966 -0.002232134 0.006594181 0.007699966 -0.002416551 0.006662309 0.007699966 -0.001193463 0.006919682 0.007699966 -0.001315832 -0.006163895 0.007699966 -8.96305e-4 -0.004245162 0.007699966 0.002067267 -0.004264235 0.007699966 0.001459538 -0.004556179 0.007699966 7.24405e-4 -0.004723846 0.007699966 0.004059851 0.005419075 0.007699966 0.00307095 0.004804849 0.007699966 0.003963649 0.004045248 0.007699966 0.004736423 0.003163158 0.007699966 0.005365788 0.002185344 0.007699966 0.005832791 0.001141369 0.007699966 0.006123304 6.29015e-5 0.007699966 0.006228446 -0.001017451 0.007699966 0.00614506 -0.002067089 0.007699966 0.005875766 -0.003054141 0.007699966 0.005428552 -0.003948748 0.007699966 0.004817128 -0.005110681 0.007699966 -0.003595411 -0.004041969 0.007699966 -0.004739165 -0.003157615 0.007699966 -0.005369067 -0.002177298 0.007699966 -0.005835831 -0.001130819 0.007699966 -0.006125211 -5.00306e-5 0.007699966 -0.006228566 0.001032292 0.007699966 -0.006142616 0.002083241 0.007699966 -0.005870044 0.00307095 0.007699966 -0.005419075 0.003965318 0.007699966 -0.004803478 0.004739165 0.007699966 -0.004041969 0.005369067 0.007699966 -0.003157615 0.005835831 0.007699966 -0.002177298 0.006125271 0.007699966 -0.001130819 0.006228566 0.007699966 -5.00344e-5 0.006142616 0.007699966 0.001032292 0.005870044 0.007699966 0.002083241 -0.005903899 0.007699966 -0.002022147 -0.001202344 0.007699966 -8.2761e-4 -0.001412928 0.007699966 -3.66447e-4 -0.001453042 0.007699966 1.38901e-4 -0.001317918 0.007699966 6.2748e-4 -9.35048e-4 0.007699966 0.001132667 -3.66442e-4 0.007699966 0.001412928 1.38912e-4 0.007699966 0.001453042 6.27503e-4 0.007699966 0.001317918 0.001040399 0.007699966 0.001023828 0.001327812 0.007699966 6.06241e-4 0.001455068 0.007699966 1.15531e-4 0.001406848 0.007699966 -3.89127e-4 0.001117527 0.007699966 -9.53132e-4 4.91258e-4 0.007699966 -0.001384198 -1.38909e-4 0.007699966 -0.001453042 -7.44585e-4 0.007699966 -0.001266062 0.003679215 0.001999974 -0.02080261 0.003522813 0.001372575 -0.02083063 0.002691924 9.78827e-4 -0.02095431 0.002695858 0.001996815 -0.01505714 0.001680016 9.88126e-4 -0.01523679 0.00233227 0.001215219 -0.0151214 0.002290248 0.001179218 -0.01511472 0.001678943 9.79275e-4 -0.01521718 0.002674758 0.001998901 -0.0150609 0.01297998 0.001997768 -0.007799625 0.01003623 0.001992762 -0.006977677 0.007804155 0.001992166 -0.007173776 0.006177127 0.001992762 -0.007758677 0.003337323 0.001991271 -0.01067477 0.002617716 0.001992881 -0.01327639 0.01313006 0.001140117 -0.00754863 0.01197671 0.001124501 -0.007027924 0.01076918 0.001194119 -0.006635367 0.008858561 0.00118792 -0.006529152 0.006397187 0.001180887 -0.007192671 0.00430113 0.001191437 -0.008644461 0.002843379 0.001180887 -0.0107339 0.002173125 0.001185595 -0.01319241 0.004544019 0.001616477 -0.008872091 0.002864718 0.008999943 -0.02193921 0.003433942 0.008724987 -0.02114087 0.003597021 0.008022844 -0.02079778 0.002795815 0.008014261 -0.01503944 0.001685619 0.00906074 -0.01523578 0.002743959 0.008010745 -0.01504772 0.001692175 0.009105145 -0.01523292 0.01345074 0.009105145 -0.006990313 0.01219916 0.009033799 -0.006397902 0.01086837 0.008999943 -0.006038248 0.009490191 0.008999943 -0.005918443 0.008118093 0.009028434 -0.006042122 0.006776094 0.009009957 -0.006399452 0.005526185 0.009035527 -0.006986021 0.004379987 0.009078085 -0.007798016 0.003412961 0.009011983 -0.008757233 0.002622127 0.009033381 -0.009891808 0.00203514 0.009018182 -0.01115041 0.00167787 0.008999943 -0.01248067 0.001567184 0.009078085 -0.01387935 0.01291799 0.008010745 -0.007915914 0.002646565 0.008001565 -0.01244205 0.003707826 0.008002102 -0.01002174 0.005494713 0.008008003 -0.008241891 0.00770092 0.008002877 -0.00715816 0.01071202 0.008001565 -0.006971478 0.002462208 0.008485794 -0.01323711 0.002993583 0.00866115 -0.01082092 0.004457652 0.00865072 -0.008782148 0.00826478 0.008672118 -0.006718218 0.01134479 0.0086506 -0.00691694 0.01326715 0.001195609 -0.007565915 0.01355582 9.77062e-4 -0.00703758 0.01313382 0.001145303 -0.007543325 0.01295512 0.001999378 -0.007853209 0.0177679 9.47461e-4 -0.009472608 0.01716101 0.001980721 -0.01042681 0.002864718 0.008999943 -0.02193921 0.003596961 0.008464276 -0.02092701 0.003685295 0.008004128 -0.02079695 0.01749777 0.008007347 -0.01168781 0.01427859 0.008000552 -0.01564568 0.01006847 0.008000254 -0.01856839 0.01838636 0.009104371 -0.01228231 0.006543993 0.008999943 -0.02113556 0.01003253 0.009007394 -0.01971763 0.0132327 0.008999943 -0.0177322 0.01606667 0.009047508 -0.01520007 0.01554429 0.008524835 -0.01449412 0.01308751 0.008672356 -0.01683104 0.01008695 0.008677005 -0.01880598 0.006946861 0.008857429 -0.02043896 0.006779193 0.008020758 -0.01994347 0.003264367 0.008890569 -0.02138817 0.01295334 0.008001089 -0.007856309 0.01310062 0.008757472 -0.007600903 0.01345854 0.009007453 -0.00698024 0.01720893 0.008005559 -0.01035743 0.01772457 0.009145736 -0.00946325 0.01765191 0.001983582 -0.0118106 0.01772212 9.7701e-4 -0.01149803 0.0179634 4.78014e-4 -0.01111835 0.01830351 8.13082e-5 -0.01051324 0.01865261 7.30157e-7 -0.00993514 0.01777273 0.002000093 -0.01119393 0.01725947 0.001998782 -0.01028102 0.01776385 9.75199e-4 -0.009465098 0.0174061 0.001258015 -0.01008296 0.01836973 8.02264e-4 -0.009786307 0.01775795 0.00109452 -0.01020157 0.01794815 0.001003503 -0.01083546 0.01847487 0.00901097 -0.01019251 0.01798075 0.0087834 -0.01047539 0.01759487 0.008008897 -0.01069557 0.01866215 0.009027123 -0.01062774 0.01874053 0.00900042 -0.0112515 0.01861798 0.009008705 -0.01186978 0.01838469 0.009096384 -0.01227724 0.01752978 0.008006989 -0.0117045 0.01780337 0.008431911 -0.0114063 0.01724374 0.007999956 -0.01029926 0.01761168 0.007999956 -0.01068103 0.01724642 0.006199955 -0.01029539 0.01760947 0.006199955 -0.01068252 0.02174645 0.009097278 -0.004042804 0.02103829 0.008528769 -0.003115534 0.02090996 0.008004486 -0.002933919 0.01515305 0.008002102 -0.002090096 0.01501429 0.009191811 -0.003081619 0.01515507 0.008005678 -0.002071499 0.01501005 0.009150624 -0.003088533 0.01080471 0.009105145 0.01063227 0.009854078 0.008999943 0.009631097 0.009101271 0.008999943 0.008470475 0.008560895 0.009017169 0.007189035 0.008250892 0.008999943 0.005848705 0.008189022 0.009077608 0.004446983 0.008348524 0.008999943 0.003094196 0.008752763 0.009018003 0.001779019 0.00938332 0.009011983 5.39817e-4 0.01021552 0.008999943 -5.65171e-4 0.01122128 0.009020566 -0.001500129 0.01239442 0.009019792 -0.002261757 0.01366204 0.008999943 -0.002800762 0.01152038 0.008010745 0.009839534 0.01340287 0.008011341 -0.001561701 0.0113855 0.008002936 -3.23968e-4 0.009605288 0.008003354 0.002247333 0.00916475 0.008001089 0.005020022 0.009910106 0.007999181 0.008031964 0.01250368 0.008746862 -0.001626491 0.01029902 0.008776068 3.24324e-4 0.009417414 0.008643925 0.002123653 0.009038269 0.008517086 0.005135178 0.009541928 0.008834958 0.008124291 0.01018977 0.008451938 0.008583426 0.01923793 0.009103417 0.01090002 0.01830744 0.008010745 0.01037383 0.02174425 0.009036004 -0.004037082 0.02209532 0.009109377 -3.33626e-4 0.02177685 0.009112179 0.003700613 0.02085447 0.008999943 0.007390916 0.02105283 0.008567452 -0.003104388 0.02090597 0.008007407 -0.002908587 0.01981502 0.008003413 0.007231175 0.02072036 0.008005261 0.003911435 0.02103209 0.008024334 4.93547e-4 0.02016311 0.008843243 0.00746864 0.01148748 0.008002102 0.009877324 0.01081705 0.009191572 0.01062113 0.01597702 0.009097158 0.01529687 0.01590007 0.00852859 0.01412427 0.01589351 0.008004605 0.01390022 0.01056498 0.009097278 0.01943278 0.009464204 0.008528769 0.01904582 0.009251832 0.008004486 0.0189799 0.006670355 0.008002102 0.01376551 0.007570505 0.009191811 0.01332712 0.006624877 0.008010745 0.01378673 0.007584691 0.009105145 0.0133183 -0.006783366 0.00902605 0.0135582 -0.006114602 0.008999943 0.01234799 -0.005246937 0.009042561 0.0112847 -0.004198908 0.008999943 0.01036632 -0.003018498 0.009018003 0.009659409 -0.00172007 0.009033381 0.009162545 -3.62922e-4 0.008999943 0.008896112 0.001045584 0.00904864 0.008881509 0.002385675 0.009033381 0.009093046 0.003694236 0.008999943 0.009540855 0.004903852 0.008999943 0.01021218 0.005978465 0.008999943 0.0110833 0.006879568 0.009018003 0.01212304 -0.005919516 0.008001506 0.01393723 -0.006057322 0.008656799 0.01388269 0.005131423 0.008003294 0.01160794 0.002592027 0.008007764 0.01023131 4.73075e-4 0.008002936 0.009857296 -0.002021491 0.008001983 0.01030743 -0.004086256 0.008002877 0.01155787 0.005818128 0.008597612 0.01211649 0.00404185 0.008876502 0.01029437 0.001598417 0.008714437 0.009641587 -8.81858e-4 0.008589863 0.00979644 -0.003252804 0.008690357 0.01061236 -0.005113899 0.008637189 0.01226878 0.01056152 0.009048581 0.01942908 0.009443819 0.008544147 0.01906073 0.009232759 0.008013546 0.01897799 -0.00829333 0.008010864 0.01940828 -0.004868447 0.008001506 0.02055281 -0.001098692 0.008009493 0.02107751 0.005872368 0.008001506 0.02028882 -0.009583592 0.009150087 0.0199024 -0.00843507 0.008459329 0.01946699 0.007386803 0.008999943 0.02085596 0.004010319 0.0090397 0.02174299 5.36192e-4 0.008999943 0.02211892 -0.002952516 0.008999943 0.02192759 -0.006367564 0.008999943 0.02118939 -0.005827426 0.008716225 0.02056956 -0.00199306 0.008710503 0.02127808 0.002156138 0.008849799 0.02152562 0.002676963 0.008036375 0.02088057 0.006330072 0.008704721 0.02040916 -0.005750119 0.008014321 0.01401937 -0.006780087 0.009060621 0.01356017 -0.009623885 0.008999943 0.01992273 -0.008701562 0.008725106 0.01957094 -0.008374631 0.008023321 0.01937252 -0.01521688 0.009097278 0.01605296 -0.01518905 0.008528769 0.01488655 -0.01519197 0.008004486 0.01466411 -0.01103055 0.008002102 0.0105977 -0.01033544 0.009191811 0.01131826 -0.008930683 0.009104847 0.009532928 -0.009860992 0.008010685 0.009006679 -0.01499104 0.009033858 -0.002260863 -0.01370525 0.008999943 -0.002019941 -0.01248246 0.009021103 -0.001567602 -0.01134008 0.008999943 -9.19675e-4 -0.01032739 0.00900501 -9.52706e-5 -0.009462893 0.009030461 8.89258e-4 -0.008766949 0.008999943 0.001998543 -0.008265912 0.009003818 0.003210842 -0.007971465 0.008999943 0.004482805 -0.007893919 0.009035944 0.005790174 -0.008024334 0.008999943 0.007090866 -0.008370816 0.009019553 0.008346617 -0.01507461 0.008007109 -0.001374781 -0.01507598 0.008635759 -0.001459658 -0.008926093 0.008001446 0.006726861 -0.009034276 0.008000254 0.004114449 -0.01064479 0.008004248 9.08462e-4 -0.008797526 0.008604824 0.00696057 -0.00901097 0.008617162 0.003437995 -0.01075452 0.008691906 4.9777e-4 -0.01287257 0.008602619 -8.7513e-4 -0.01521444 0.009048521 0.01604855 -0.01520895 0.008545935 0.01487201 -0.01520603 0.008007824 0.01465427 -0.0210157 0.008015513 -0.00188589 -0.02105051 0.008001804 0.001721143 -0.02044832 0.008001804 0.005287051 -0.01924663 0.008001804 0.008698046 -0.01748061 0.008001804 0.01185387 -0.02192163 0.008999943 -0.002996385 -0.02123647 0.008673727 -0.00212574 -0.01753234 0.009017825 0.01348841 -0.01944971 0.00901252 0.01053702 -0.02086603 0.00901252 0.007343471 -0.02176201 0.00901252 0.003966689 -0.02211999 0.008999943 4.91934e-4 -0.0213626 0.0087291 0.001070022 -0.02067881 0.008668482 0.005427539 -0.01917546 0.008678674 0.009400784 -0.01738995 0.008677363 0.01239341 -0.01509928 0.008002102 -0.001238703 -0.01499414 0.009191572 -0.002234518 -0.02191698 0.009097158 -0.002984344 -0.02116549 0.00852859 -0.002080917 -0.02102845 0.008004605 -0.001903533 -0.01998013 0.008999943 -0.009504139 -0.01891076 0.008607089 -0.009829044 -0.01864147 0.008004903 -0.009914398 -0.0134871 0.008002221 -0.007216751 -0.01395785 0.009194791 -0.006332635 -0.003352284 0.009089469 -0.009411215 -0.004251956 0.008005619 -0.009916603 -0.002478778 0.008997261 -0.01495701 -0.002286255 0.009002208 -0.01324391 -0.002636194 0.008999347 -0.01097542 -0.003481447 0.00800246 -0.0147441 -0.003093898 0.008832573 -0.01482677 -0.003295063 0.008002817 -0.01246535 -0.003487408 0.008514225 -0.01125103 -0.003038823 0.008713126 -0.01312422 -0.01997143 0.009030044 -0.009507775 -0.01890432 0.008620977 -0.009851753 -0.01863378 0.008009374 -0.009933114 -0.004701435 0.008014321 -0.02057296 -0.007950842 0.008020877 -0.01952069 -0.01136565 0.008013665 -0.01777458 -0.003924369 0.008999943 -0.02177464 -0.004540264 0.008673846 -0.02085494 -0.01823484 0.008999943 -0.01253092 -0.01603484 0.008999943 -0.01524525 -0.01343494 0.008999943 -0.01757943 -0.01049739 0.00901252 -0.0194711 -0.007303297 0.008999943 -0.02088534 -0.007692813 0.008833825 -0.02014404 -0.01170516 0.008822679 -0.01812875 -0.01636314 0.008805751 -0.01411205 -0.01435124 0.008018136 -0.01544755 -0.01675856 0.008020102 -0.0127862 -0.003487765 0.008002102 -0.01474308 -0.002508223 0.009191572 -0.01495081 -0.003934383 0.009097158 -0.02176648 -0.004561364 0.00852859 -0.02077263 -0.004687726 0.008004605 -0.0205875 0.02047461 0.008999943 -0.006385684 0.0194084 0.008594214 -0.006807386 0.01915132 0.00800383 -0.006892144 0.01917183 0.009023785 -0.009241938 0.01869308 0.008005917 -0.007913053 0.01880079 0.008592784 -0.00817877 0.01865708 0.008005082 -0.00793308 0.01875311 0.008591353 -0.008196055 0.01917153 0.009023785 -0.009242057 0.007114231 0.008999943 -0.003752231 0.006227672 0.008003771 -0.002199172 0.006818175 0.008764982 -0.002958476 0.006692707 0.008043646 -0.001109242 0.007032394 0.0084908 -0.00121963 0.007987618 0.009185075 -7.35236e-4 0.02047461 0.008999943 -0.006385684 0.01939582 0.008600652 -0.006768465 0.01914334 0.008004009 -0.006873309 0.006770193 0.008692622 -0.002786636 0.007112383 0.009025692 -0.00374335 0.003106415 0.009032249 -0.007414638 0.004338741 0.009005308 -0.006771802 0.005445361 0.009003102 -0.00591892 0.006367444 0.008999943 -0.004913985 0.001137256 0.008690834 -0.007229208 0.001789629 0.009063363 -0.007830798 0.006185293 0.008698046 -0.003899097 0.005429089 0.008729696 -0.004865646 0.004042446 0.008697509 -0.006124734 0.002349019 0.008713364 -0.006912648 0.006997644 0.008999943 0.003965437 0.006326138 0.008748412 0.003585815 0.008011758 0.008999943 -7.09305e-4 0.008027315 0.008999943 5.03693e-4 0.007514417 0.008999943 0.002867937 0.007218062 0.008725106 -0.001157164 0.007069408 0.00873363 0.001856625 0.007299065 0.008714795 1.01278e-4 0.007853269 0.009016156 0.001726627 0.001038014 0.008515715 -0.007090687 0.001800656 0.009010314 -0.007838547 2.52742e-4 0.009022533 -0.0214439 -6.16614e-4 0.008006274 -0.02032744 -4.28881e-4 0.008590936 -0.02054655 0.001012802 0.008043706 -0.006707847 0.004045605 0.007999956 0.005207657 0.00471425 0.008623123 0.005544841 0.01330381 0.008003652 0.01530277 0.01471662 0.008999943 0.01537752 0.01357352 0.008598029 0.01530706 0.005767047 0.008999943 0.005606532 -6.4062e-4 0.008005976 -0.02034717 -4.65386e-4 0.008599698 -0.02057927 2.5196e-4 0.009022176 -0.02144396 -0.002865195 0.00902456 -0.02108931 -0.001749873 0.00800538 -0.02022814 -0.001966476 0.008588433 -0.02040743 0.01471662 0.008999943 0.01537752 0.01356929 0.008592009 0.01534879 0.01330161 0.008003711 0.01532709 0.01247072 0.008004009 0.0160818 0.01240015 0.008999943 0.0174992 0.01247662 0.008574843 0.0163483 -0.001779377 0.008005082 -0.02019542 -0.001999855 0.008591294 -0.02036792 -0.002865374 0.009023785 -0.02108913 -0.001370191 0.008999943 -0.00792557 -1.67109e-4 0.008003771 -0.006602466 -7.0681e-4 0.008765041 -0.007398664 0.003123104 0.008043646 0.006022334 0.003333091 0.0084908 0.006311297 0.003167569 0.009185075 0.007369458 0.01240015 0.008999943 0.0174992 0.01243084 0.008600652 0.01635491 0.01245254 0.008004009 0.0160824 -5.58108e-4 0.008692741 -0.00729984 -0.001362264 0.009025633 -0.00792104 -0.006897032 0.009034097 -0.004130303 -0.006096124 0.009060323 -0.0052374 -0.005111873 0.009059727 -0.006201982 -0.00396049 0.009059071 -0.00699377 -0.002740681 0.009072363 -0.007549345 -0.006528854 0.008694767 -0.003313124 -0.002355277 0.008700072 -0.006945729 -0.003927886 0.008688986 -0.006174921 -0.005318582 0.008695423 -0.005054533 0.00315541 0.009037554 0.007391393 0.003333151 0.008692145 0.00651735 -0.003838419 0.008684873 0.006240248 -0.002129256 0.00870788 0.007014751 -2.89802e-4 0.008699715 0.007304847 0.001568078 0.008701384 0.007166206 -0.003556013 0.009038448 0.007202208 0.001837909 0.008999943 0.007830321 4.67006e-4 0.009031295 0.008024513 -9.23891e-4 0.009014427 0.007987558 -0.002262949 0.008999943 0.007718205 -0.006422877 0.008515715 -0.003178358 -0.006898462 0.009010314 -0.004134774 -0.02031624 0.009022533 -0.006866872 -0.01952308 0.008006274 -0.005695044 -0.01967346 0.008590936 -0.005941331 -0.00606656 0.008043706 -0.003036081 -0.00370258 0.007999956 0.005456864 -0.003816664 0.008623123 0.006196975 -0.01044267 0.008003652 0.01738148 -0.01007717 0.008999943 0.01874822 -0.01036345 0.008598089 0.01763933 -0.003549993 0.008999943 0.007217288 -0.01955616 0.00800538 -0.005679905 -0.01971501 0.008600711 -0.005916595 -0.02031654 0.009022176 -0.006866157 -0.02094256 0.00902456 -0.003791928 -0.01977187 0.008005976 -0.004585266 -0.02001714 0.0085873 -0.004436254 -0.01007717 0.008999943 0.01874822 -0.01040983 0.008575439 0.01764321 -0.01046645 0.008003711 0.01738691 -0.01144099 0.008004009 0.0168299 -0.01281088 0.008999943 0.01720082 -0.01169973 0.008591473 0.01691579 -0.007302999 0.008008599 -0.002123415 -0.007454097 0.008911907 -0.001498043 -0.01975548 0.008005559 -0.00455445 -0.0199896 0.008592188 -0.004391849 -0.02094238 0.009023606 -0.003791689 -0.007959723 0.009031057 -0.001147985 -0.005523025 0.008905827 0.005224943 -0.005218505 0.008540689 0.005528509 -0.005105078 0.008000612 0.005633294 -0.006061673 0.009032547 0.005283355 -0.01281088 0.008999943 0.01720082 -0.01170969 0.008586168 0.01687157 -0.01144552 0.008004009 0.01681375 -0.007450342 0.008908569 -0.001497626 -0.00759238 0.008908808 -2.9142e-4 -0.007471561 0.008902311 0.00151664 -0.006877779 0.008908867 0.003228783 -0.006278634 0.008909106 0.004278421 -0.005517899 0.008911728 0.005222916 -0.007961034 0.008999943 -0.001145958 -0.006064713 0.008999943 0.005283057 -0.006878316 0.009005606 0.004167079 -0.0074898 0.009005606 0.002928972 -0.007878065 0.009017467 0.00160402 -0.008038759 0.009005606 2.32847e-4 0.002687156 -0.01249998 0.001849591 0.001892507 -0.01249998 0.002657115 0.001136064 -0.01249998 0.003044962 3.10417e-4 -0.01249998 0.00324738 -8.18983e-4 -0.01249998 0.003157734 -0.001602292 -0.01249998 0.002827525 -0.002288103 -0.01249998 0.002325177 -0.002801418 -0.01249998 0.001647531 -0.003144145 -0.01249998 8.69593e-4 -0.003251969 -0.01249998 -2.5822e-4 -0.002967536 -0.01249998 -0.001354813 -0.002506315 -0.01249998 -0.002068936 -0.001892507 -0.01249998 -0.002657115 -0.001136004 -0.01249998 -0.003044962 -3.1041e-4 -0.01249998 -0.00324738 8.1899e-4 -0.01249998 -0.003157734 0.001849591 -0.01249998 -0.002687156 0.002657115 -0.01249998 -0.001892507 0.003044962 -0.01249998 -0.001136004 0.00324738 -0.01249998 -3.10428e-4 0.003157734 -0.01249998 8.18985e-4 0.001318097 -0.01249998 7.46951e-4 8.73487e-4 -0.01249998 0.001226365 4.01366e-4 -0.01249998 0.001451134 -1.19176e-4 -0.01249998 0.001500904 -6.25323e-4 -0.01249998 0.001369595 -0.001056015 -0.01249998 0.001073122 -0.001359403 -0.01249998 6.47256e-4 -0.001514971 -0.01249998 1.21742e-5 -0.001318037 -0.01249998 -7.46951e-4 -8.7348e-4 -0.01249998 -0.001226365 -4.01359e-4 -0.01249998 -0.001451134 1.19179e-4 -0.01249998 -0.001500904 6.25327e-4 -0.01249998 -0.001369595 0.001056075 -0.01249998 -0.001073122 0.001359403 -0.01249998 -6.47239e-4 0.001514971 -0.01249998 -1.21538e-5 -0.002903461 0 -0.001636087 0.002916753 -0.01249998 0.001665234 8.7963e-4 -0.01249998 0.003180325 -0.001100063 -0.01249998 0.003099799 -0.002873241 -0.01249998 0.001689791 -0.003019273 -0.01249998 -0.001685082 0.002859711 0 0.001624703 0.001600623 0 0.00286436 -5.52434e-4 0 0.003287196 -0.003075838 0 0.001464486 0.001315295 9.99995e-4 7.44166e-4 0.00152558 9.99995e-4 -2.40078e-4 5.72868e-4 9.99995e-4 -0.001481771 -0.00142908 9.99995e-4 -8.3136e-4 0.001447558 -0.01249998 7.98831e-4 -0.001412868 -0.01249998 -8.18599e-4 7.70424e-4 -0.01249998 -0.001454532 0.001427769 9.99995e-4 5.06716e-4 0.001489818 9.99995e-4 -2.75066e-4 0.001226365 9.99995e-4 -8.7348e-4 7.46954e-4 9.99995e-4 -0.001318097 1.19183e-4 9.99995e-4 -0.001500904 -4.01359e-4 9.99995e-4 -0.001451134 -8.7348e-4 9.99995e-4 -0.001226365 -0.001318037 9.99995e-4 -7.46951e-4 -0.001514971 9.99995e-4 1.21538e-5 -0.001359403 9.99995e-4 6.47239e-4 -0.001056015 9.99995e-4 0.001073122 -6.25327e-4 9.99995e-4 0.001369595 -1.19176e-4 9.99995e-4 0.001500904 4.01374e-4 9.99995e-4 0.001451134 9.83149e-4 9.99995e-4 0.001152694 0.004128575 0.001009106 0.001070559 0.004246056 0.001005947 -4.05541e-4 0.003972887 0.001039087 -0.001496613 0.003473222 0.001053333 -0.002467572 0.00177133 0.001007676 -0.003880023 3.37735e-4 0.00100404 -0.004252135 -0.001137137 0.001001358 -0.004111468 -0.002474486 0.00100404 -0.003474414 -0.00327748 9.99995e-4 -0.002705574 -0.003686606 0.001092016 -0.002091586 -0.002762556 1.56537e-5 -0.001567006 -0.002096831 4.5076e-6 -0.002456068 -7.28019e-4 3.76999e-6 -0.003191828 0.001426517 2.07126e-6 -0.002964079 0.00301665 2.80887e-6 -0.001295208 0.003242135 9.08971e-7 2.57432e-4 0.002849698 7.45058e-7 0.001612186 0.00294727 5.04747e-4 0.001667559 0.003690719 0.001069247 0.002090692 -0.002200424 7.76842e-4 -0.002876281 -7.16083e-4 6.52134e-4 -0.003408849 6.6388e-4 6.84261e-4 -0.003423213 0.002157807 5.1365e-4 -0.002615511 0.002676546 0.001039445 -0.003294765 0.003138363 6.56389e-4 -0.001481652 0.003549814 7.32049e-4 -5.21336e-5 0.003380239 -0.006999969 0.002891898 0.003380239 9.99995e-4 0.002891898 0.01426231 -0.006999969 0.01549601 0.01426231 9.99995e-4 0.01549601 0.01426231 -0.006999969 0.01549601 0.01426231 9.99995e-4 0.01549601 0.01268911 -0.006999969 0.01685434 0.01268911 9.99995e-4 0.01685434 0.01268911 -0.006999969 0.01685434 0.01268911 9.99995e-4 0.01685434 0.001807034 -0.006999969 0.004250168 0.001807034 9.99995e-4 0.004250168 0.001807034 -0.006999969 0.004250168 0.001807034 9.99995e-4 0.004250168 0.003380239 -0.006999969 0.002891898 0.003380239 9.99995e-4 0.002891898 0.001807034 -0.006999969 0.004250168 0.003380239 -0.006999969 0.002891898 0.01268911 -0.006999969 0.01685434 0.01426231 -0.006999969 0.01549601 0.003794908 -0.006999969 -0.002321124 0.003794908 9.99995e-4 -0.002321124 0.01914495 -0.006999969 -0.008775711 0.01913511 4.06176e-4 -0.008771479 0.01853406 9.76302e-4 -0.008518874 0.01890093 7.4622e-4 -0.008673131 0.01914495 -0.006999969 -0.008775711 0.01995056 -0.006999969 -0.006859779 0.01995056 2.36988e-4 -0.006859779 0.01914495 3.547e-4 -0.008775711 0.01962929 3.70204e-4 -0.007623851 0.01995056 -0.006999969 -0.006859779 0.004600524 -0.006999969 -4.05222e-4 0.004600524 9.99995e-4 -4.05222e-4 0.01991009 4.26017e-4 -0.006842851 0.01938354 9.62943e-4 -0.00662142 0.004600524 -0.006999969 -4.05222e-4 0.004600524 9.99995e-4 -4.05222e-4 0.003794908 -0.006999969 -0.002321124 0.003794908 9.99995e-4 -0.002321124 0.004600524 -0.006999969 -4.05222e-4 0.003794908 -0.006999969 -0.002321124 0.01995056 -0.006999969 -0.006859779 0.01914495 -0.006999969 -0.008775711 -0.001034855 -0.006999969 -0.004326462 -0.001034855 9.99995e-4 -0.004326462 -0.002430081 -0.006999969 -0.02091974 -0.002430081 9.99995e-4 -0.02091974 -0.002430081 -0.006999969 -0.02091974 -0.002430081 9.99995e-4 -0.02091974 -3.58984e-4 -0.006999969 -0.0210939 -3.5898e-4 9.99995e-4 -0.0210939 -3.58984e-4 -0.006999969 -0.0210939 -3.5898e-4 9.99995e-4 -0.0210939 0.001036226 -0.006999969 -0.004500567 0.001036226 9.99995e-4 -0.004500567 0.001036226 -0.006999969 -0.004500567 0.001036226 9.99995e-4 -0.004500567 -0.001034855 -0.006999969 -0.004326462 -0.001034855 9.99995e-4 -0.004326462 0.001036226 -0.006999969 -0.004500567 -0.001034855 -0.006999969 -0.004326462 -3.58984e-4 -0.006999969 -0.0210939 -0.002430081 -0.006999969 -0.02091974 -0.004434466 -0.006999969 -3.52735e-4 -0.004434466 9.99995e-4 -3.52735e-4 -0.02064681 -0.006999969 -0.00415337 -0.02064681 9.99995e-4 -0.00415337 -0.02064681 -0.006999969 -0.00415337 -0.02064681 9.99995e-4 -0.00415337 -0.02017241 -0.006999969 -0.006176948 -0.02017241 9.99995e-4 -0.006176948 -0.02017241 -0.006999969 -0.006176948 -0.02017241 9.99995e-4 -0.006176948 -0.003960072 -0.006999969 -0.002376317 -0.003960072 9.99995e-4 -0.002376317 -0.003960072 -0.006999969 -0.002376317 -0.003960072 9.99995e-4 -0.002376317 -0.004434466 -0.006999969 -3.52735e-4 -0.004434466 9.99995e-4 -3.52735e-4 -0.003960072 -0.006999969 -0.002376317 -0.004434466 -0.006999969 -3.52735e-4 -0.02017241 -0.006999969 -0.006176948 -0.02064681 -0.006999969 -0.00415337 -0.001705765 -0.006999969 0.004108428 -0.001705765 9.99995e-4 0.004108428 -0.01033031 -0.006999969 0.0183528 -0.01033031 9.99995e-4 0.0183528 -0.01033031 -0.006999969 0.0183528 -0.01033031 9.99995e-4 0.0183528 -0.01210826 -0.006999969 0.01727634 -0.01210826 9.99995e-4 0.01727634 -0.01210826 -0.006999969 0.01727634 -0.01210826 9.99995e-4 0.01727634 -0.003483712 -0.006999969 0.003031969 -0.003483712 9.99995e-4 0.003031969 -0.003483712 -0.006999969 0.003031969 -0.003483712 9.99995e-4 0.003031969 -0.001705765 -0.006999969 0.004108428 -0.001705765 9.99995e-4 0.004108428 -0.003483712 -0.006999969 0.003031969 -0.001705765 -0.006999969 0.004108428 -0.01210826 -0.006999969 0.01727634 -0.01033031 -0.006999969 0.0183528 -0.004035115 0.008081197 -0.005298793 -0.003692626 0.008001089 -0.005470395 -0.004242777 0.008000791 -0.005119621 -0.00420475 0.007999956 -0.005095839 -0.00388664 0.007999956 -0.005416691 1.49943e-4 0.008081197 0.006658613 -2.27999e-4 0.008001089 0.006596088 4.23294e-4 0.008000791 0.006635725 4.12043e-4 0.007999956 0.006585717 -2.0767e-4 0.007999956 0.006598532 9.913e-5 0.007999956 0.006687283 0.006310224 0.008053243 0.002081394 0.006207048 0.007999956 0.002248167 0.006396591 0.007999956 0.001650393 0.006329119 0.007999956 0.00210011 0.003792524 0.008081197 -0.005475044 0.00406152 0.008001089 -0.005202353 0.00355792 0.008000791 -0.005617201 0.004051864 0.007999956 -0.005218207 0.003724455 0.007999956 -0.005529522 0.001279592 0.00789994 7.26996e-4 -0.001265168 0.00789994 -7.16971e-4 -0.001521766 0.00789994 2.37299e-4 -3.26075e-5 0.00789994 0.001595377 -0.001309812 0.007699966 -7.3676e-4 -0.001305282 0.007699966 8.17476e-4 5.16623e-5 0.007699966 0.001496315 0.001327991 0.007699966 7.61889e-4 -0.001202344 0.00789994 -8.2761e-4 -0.001412928 0.00789994 -3.66447e-4 -0.001453042 0.00789994 1.38901e-4 -0.001317918 0.00789994 6.2748e-4 -9.35048e-4 0.00789994 0.001132667 -3.66442e-4 0.00789994 0.001412928 1.38912e-4 0.00789994 0.001453042 6.27503e-4 0.00789994 0.001317918 0.001040399 0.00789994 0.001023828 0.001327812 0.00789994 6.06241e-4 0.001455068 0.00789994 1.15531e-4 0.001406848 0.00789994 -3.89127e-4 0.001117527 0.00789994 -9.53132e-4 4.91258e-4 0.00789994 -0.001384198 -1.38909e-4 0.00789994 -0.001453042 -7.44585e-4 0.00789994 -0.001266062 -0.0048334 0.007699966 4.11848e-4 -0.0048334 0.007955372 4.11848e-4 -0.006163895 0.007699966 -8.96305e-4 -0.007068991 0.008628666 -0.001786172 -0.007315039 0.008148074 -0.002028107 -0.007314801 0.00901705 -0.002027809 -0.006032824 0.008386373 -7.67406e-4 -0.004119873 0.007701158 0.002342045 -0.004237174 0.007950127 0.002323746 -0.004816651 0.007700085 3.97382e-4 -0.0048334 0.007955372 4.11848e-4 -0.004378259 0.007844865 0.001059174 -0.004723846 0.007699966 0.004059851 -0.004991948 0.008519768 0.005146443 -0.004293859 0.007699966 0.00231707 -0.004293859 0.007964074 0.00231707 -0.004686772 0.008395016 0.003909647 -0.005107522 0.00901705 0.005614995 -0.005105972 0.008132278 0.005608856 -0.007332026 0.008279919 -0.002013444 -0.007323861 0.008999943 -0.00203675 -0.007521271 0.008841991 -0.001649439 -0.007605314 0.008898496 9.24448e-4 -0.006330668 0.008948981 0.003942608 -0.005506992 0.008864879 0.005341172 -0.005133986 0.008327484 0.005604147 -0.005110621 0.008999943 0.005627512 -0.007619857 0.008999705 -2.63484e-4 -0.007325112 0.008999705 0.00211519 -0.005110621 0.008999943 0.005627512 -0.005071818 0.008999943 0.005470216 -0.007207691 0.008999943 -0.001922488 -0.007478833 0.008999943 -2.12548e-4 -0.007187843 0.008999943 0.002076625 -0.006213128 0.008999943 0.004168331 -0.007323861 0.008999943 -0.00203675 -0.007552921 0.008999943 -8.60378e-4 -0.007594287 0.008999943 3.37379e-4 -0.007446885 0.008999943 0.001526713 -0.00711441 0.008999943 0.002678155 -0.006605088 0.008999943 0.00376302 -0.005931556 0.008999943 0.004754304 -0.007207691 0.008999943 -0.001922488 -0.007476627 0.00900489 -2.11138e-4 -0.007190048 0.008997082 0.002074837 -0.006209075 0.009009003 0.004166781 -0.005112648 0.008843541 0.005527615 -0.004777193 0.007893323 4.68023e-4 -0.004392623 0.007855474 0.001045942 -0.004213988 0.0078817 0.001862466 -0.005203485 0.008217155 0.002149462 -0.005189239 0.008171916 0.001839458 -0.005336403 0.008191525 0.001562595 -0.0055992 0.008267343 0.00140196 -0.005899846 0.008380115 0.001393079 -0.006199598 0.008507132 0.001559436 -0.006352603 0.008612871 0.001885712 -0.006267607 0.008645117 0.002296745 -0.005811214 0.008484601 0.002576231 -0.005378484 0.008318603 0.002417087 -0.005232572 0.007999956 0.002212584 -0.005173504 0.007999956 0.001911938 -0.005317211 0.007999956 0.001585245 -0.005617141 0.007999956 0.001391768 -0.006072223 0.007999956 0.001449286 -0.006343662 0.007999956 0.001819074 -0.006286144 0.007999956 0.002274096 -0.005916357 0.007999956 0.002545595 -0.005461335 0.007999956 0.002488017 -0.005257785 0.008249342 0.002257108 -0.00521779 0.008156478 0.001800537 -0.005698263 0.008300721 0.001358985 -0.006288051 0.008560538 0.001670658 -0.005224108 0.007999956 0.002272486 -0.005404293 0.008000016 0.001424014 -0.006320893 0.008000016 0.001648306 -0.01696419 0.005999982 -0.009031414 -0.01671928 0.005999982 -0.009474635 -0.01696312 0.006199955 -0.009030759 -0.01672035 0.006199955 -0.009475231 -0.004696905 0.006199955 -0.02059668 -0.00814253 0.006199955 -0.01949316 -0.01134938 0.006199955 -0.01781785 -0.01422327 0.006199955 -0.01561993 -0.01668 0.006199955 -0.01296383 -0.01864749 0.006199955 -0.009927511 -0.01696878 0.006199955 -0.009038209 -0.01492506 0.006199955 -0.01210558 -0.012721 0.006199955 -0.01440411 -0.01016765 0.006199955 -0.01630711 -0.007335066 0.006199955 -0.0177623 -0.004301071 0.006199955 -0.01872974 -0.01865375 0.005999982 -0.009935677 -0.01696878 0.005999982 -0.009038209 -0.01492506 0.005999982 -0.01210558 -0.012721 0.005999982 -0.01440411 -0.01016765 0.005999982 -0.01630711 -0.007335066 0.005999982 -0.0177623 -0.004301071 0.005999982 -0.01872974 -0.004696905 0.005999982 -0.02059668 -0.008039712 0.005999982 -0.01953577 -0.01116091 0.005999982 -0.01793652 -0.01397454 0.005999982 -0.01584285 -0.01640301 0.005999982 -0.01331257 0.01765149 0.006199955 -0.01159989 0.0177403 0.006199955 -0.01097822 0.01545381 0.006199955 -0.01440358 0.01293873 0.006199955 -0.01669955 0.01008737 0.006199955 -0.01856148 0.006973922 0.006199955 -0.01994115 0.003679215 0.006199955 -0.02080261 0.00334692 0.006199955 -0.01892358 0.006521344 0.006199955 -0.01807689 0.009505212 0.006199955 -0.01670187 0.01221126 0.006199955 -0.01483869 0.0145604 0.006199955 -0.01254183 0.0164839 0.006199955 -0.009878396 0.01742082 0.006199955 -0.01043653 0.003679215 0.005999982 -0.02080261 0.00334692 0.005999982 -0.01892358 0.006521344 0.005999982 -0.01807689 0.009505212 0.005999982 -0.01670187 0.01221126 0.005999982 -0.01483869 0.0145604 0.005999982 -0.01254183 0.0164839 0.005999982 -0.009878396 0.01742082 0.005999982 -0.01043653 0.01765149 0.005999982 -0.01159989 0.0177403 0.005999982 -0.01097822 0.01545381 0.005999982 -0.01440358 0.01293873 0.005999982 -0.01669955 0.01008737 0.005999982 -0.01856148 0.006973922 0.005999982 -0.01994115 0.003405511 0.006199955 -0.01913881 0.003383338 0.005999982 -0.01905751 0.01117491 0.006199955 -0.01571202 0.01659607 0.006199955 -0.009960234 0.01666408 0.005999982 -0.01000994 0.01069074 0.005999982 -0.01604533 0.01903164 0.006199955 -0.002664566 0.01903164 0.005999982 -0.002664566 0.0191254 0.006199955 0.002260565 0.01740503 0.006199955 0.008295178 0.01448869 0.006199955 0.01262456 0.01448869 0.005999982 0.01262456 0.01917368 0.005999982 0.002266287 0.01714408 0.005999982 0.008821904 0.01590633 0.006199955 0.0139023 0.01724117 0.006199955 0.01222848 0.01837944 0.006199955 0.01041543 0.01983088 0.006199955 0.007281482 0.02075231 0.006199955 0.00395298 0.02111905 0.006199955 5.18853e-4 0.0209214 0.006199955 -0.002929151 0.01903164 0.006199955 -0.002664566 0.01920735 0.006199955 6.16124e-4 0.01882171 0.006199955 0.003878831 0.01788598 0.006199955 0.007028162 0.01642739 0.006199955 0.009972095 0.01448869 0.006199955 0.01262456 0.01837944 0.005999982 0.01041543 0.01983088 0.005999982 0.007281482 0.02075231 0.005999982 0.00395298 0.02111905 0.005999982 5.18853e-4 0.0209214 0.005999982 -0.002929151 0.01903164 0.005999982 -0.002664566 0.01920735 0.005999982 6.16124e-4 0.01882171 0.005999982 0.003878831 0.01788598 0.005999982 0.007028162 0.01642739 0.005999982 0.009972095 0.01448869 0.005999982 0.01262456 0.01590633 0.005999982 0.0139023 0.01724117 0.005999982 0.01222848 0.008415281 0.006199955 0.01727676 0.008494377 0.005999982 0.01748532 0.003760099 0.006199955 0.01888787 -0.002510726 0.006199955 0.01911652 -0.007529377 0.006199955 0.01768082 -0.007571995 0.005999982 0.01781296 1.94579e-4 0.005999982 0.01927971 -0.008306503 0.006199955 0.01942384 -0.004870295 0.006199955 0.02055639 -0.001291215 0.006199955 0.02108597 0.002325713 0.006199955 0.02099704 0.005874454 0.006199955 0.02029228 0.009250879 0.006199955 0.01899224 0.008415281 0.006199955 0.01727676 0.005349397 0.006199955 0.01845771 0.00212723 0.006199955 0.01909917 -0.001157104 0.006199955 0.01918238 -0.004407644 0.006199955 0.01870495 -0.007529377 0.006199955 0.01768082 0.009250879 0.005999982 0.01899224 0.008415281 0.005999982 0.01727676 0.005349397 0.005999982 0.01845771 0.00212723 0.005999982 0.01909917 -0.001157104 0.005999982 0.01918238 -0.004407644 0.005999982 0.01870495 -0.007529377 0.005999982 0.01768082 -0.008306503 0.005999982 0.01942384 -0.004870295 0.005999982 0.02055639 -0.001291215 0.005999982 0.02108597 0.002325713 0.005999982 0.02099704 0.005874454 0.005999982 0.02029228 -0.01383066 0.006199955 0.0133422 -0.01383066 0.005999982 0.0133422 -0.01696252 0.006199955 0.009166061 -0.01898628 0.006199955 0.003226339 -0.01914215 0.006199955 -0.001697182 -0.01914215 0.005999982 -0.001697182 -0.01667523 0.005999982 0.0096789 -0.01903426 0.005999982 0.003234505 -0.02104002 0.006199955 -0.001897692 -0.02105528 0.006199955 0.001720309 -0.02045291 0.006199955 0.005287826 -0.01925069 0.006199955 0.008700311 -0.01748377 0.006199955 0.01185756 -0.01520401 0.006199955 0.01466703 -0.01383066 0.006199955 0.0133422 -0.0159012 0.006199955 0.01079136 -0.01750701 0.006199955 0.007925093 -0.01860111 0.006199955 0.004827141 -0.0191515 0.006199955 0.001588165 -0.01914215 0.006199955 -0.001697182 -0.01520401 0.005999982 0.01466703 -0.01383066 0.005999982 0.0133422 -0.0159012 0.005999982 0.01079136 -0.01750701 0.005999982 0.007925093 -0.01860111 0.005999982 0.004827141 -0.0191515 0.005999982 0.001588165 -0.01914215 0.005999982 -0.001697182 -0.02104002 0.005999982 -0.001897692 -0.02105528 0.005999982 0.001720309 -0.02045291 0.005999982 0.005287826 -0.01925069 0.005999982 0.008700311 -0.01748377 0.005999982 0.01185756 0.002265095 0.00119996 -0.01510339 0.00450617 0.00119996 -0.0145924 0.006645143 0.00119996 -0.01375085 0.008633613 0.00119996 -0.01259779 0.01042652 0.00119996 -0.01115936 0.01198327 0.00119996 -0.009468138 0.01327002 0.00119996 -0.00755912 0.01200199 0.00119996 -0.006960332 0.01076894 0.00119996 -0.006630003 0.009497284 0.00119996 -0.006518423 0.00822556 0.00119996 -0.00662899 0.00699222 0.00119996 -0.006958305 0.005834639 0.00119996 -0.007496416 0.004787862 0.00119996 -0.00822705 0.0038836 0.00119996 -0.009128093 0.003149211 0.00119996 -0.01017224 0.002606928 0.00119996 -0.01132786 0.002273201 0.00119996 -0.01256 0.002158105 0.00119996 -0.01383137 0.002175509 0.001176118 -0.01495105 0.004825651 9.95331e-4 -0.01456701 0.009752035 9.99622e-4 -0.01184499 0.01222717 9.99995e-4 -0.009150981 0.005552709 0.001205384 -0.01429098 0.009646594 0.00119853 -0.01188278 0.01336914 0.001184582 -0.007633805 0.0133624 0.001059651 -0.007303595 -0.0118696 0.00119996 -0.009610235 -0.01012951 0.00119996 -0.01142966 -0.008114159 0.00119996 -0.01293849 -0.005878329 0.00119996 -0.01409572 -0.003479838 0.00119996 -0.0148704 -0.004208028 0.00119996 -0.009891211 -0.003595292 0.00119996 -0.01126766 -0.003288626 0.00119996 -0.01325237 -0.01348567 0.00119996 -0.007182359 -0.0123884 0.00119996 -0.00671494 -0.01123321 0.00119996 -0.006445765 -0.01004904 0.00119996 -0.006377398 -0.008870482 0.00119996 -0.006511807 -0.007732093 0.00119996 -0.006844997 -0.006667137 0.00119996 -0.007367312 -0.005706727 0.00119996 -0.008063435 -0.004878938 0.00119996 -0.00891298 -0.01328712 0.00119996 -0.007529675 -0.01328712 9.99995e-4 -0.007529675 -0.01091432 0.00119996 -0.01074975 -0.006841123 0.00119996 -0.01370686 -0.003482758 0.00119996 -0.01486992 -0.003482758 9.99995e-4 -0.01486992 -0.01122534 9.99995e-4 -0.01042455 -0.007240772 9.99995e-4 -0.01350003 -0.01521778 0.00119996 -0.001286029 -0.009469926 0.00119996 0.008453488 -0.009007215 0.00119996 0.006906509 -0.008889794 0.00119996 0.005768716 -0.008960962 0.00119996 0.004627108 -0.009218811 0.00119996 0.00351274 -0.00965625 0.00119996 0.00245583 -0.01026147 0.00119996 0.001485228 -0.01101797 0.00119996 6.27326e-4 -0.01190513 0.00119996 -9.46354e-5 -0.01289892 0.00119996 -6.60973e-4 -0.01397228 0.00119996 -0.001056253 -0.01099157 0.00119996 0.0106033 -0.01032924 0.00119996 0.009873092 -0.01262956 0.00119996 0.008587062 -0.01390224 0.00119996 0.006322324 -0.01477265 0.00119996 0.003874719 -0.01521563 0.00119996 0.001314997 -0.01112836 0.00119996 0.01071327 -0.01107668 9.99995e-4 0.01067173 -0.01451277 0.00119996 0.004914283 -0.01532763 0.00119996 -0.001282036 -0.01539391 9.99995e-4 -0.001281619 -0.01435708 9.99995e-4 0.005352139 -0.005925774 0.00119996 0.01407545 0.00668776 0.00119996 0.01373016 0.006063044 0.00119996 0.01269716 0.005268692 0.00119996 0.01178807 0.004328787 0.00119996 0.01103049 0.003271758 0.00119996 0.01044738 0.002129614 0.00119996 0.01005637 9.36996e-4 0.00119996 0.009869277 -2.70013e-4 0.00119996 0.009891808 -0.00145483 0.00119996 0.01012331 -0.002581536 0.00119996 0.01055669 -0.003616094 0.00119996 0.01117891 -0.004527032 0.00119996 0.01197105 -0.005286872 0.00119996 0.01290917 0.004263997 0.00119996 0.014665 0.001716852 0.00119996 0.01517552 -8.79887e-4 0.00119996 0.01524698 -0.003451168 0.00119996 0.01487725 0.00668776 0.00119996 0.01373016 0.006726503 9.99995e-4 0.01383233 0.00278294 0.00119996 0.01506739 -0.002410233 0.00119996 0.01513147 -0.005922675 0.00119996 0.01407712 -0.005975902 9.99995e-4 0.01424437 6.53628e-4 9.99995e-4 0.01530832 0.01530015 0.00119996 -0.002126097 0.01512479 9.99995e-4 -0.002117514 0.01462966 0.00119996 0.004554629 0.01164674 0.00119996 0.01004654 0.01155793 9.99995e-4 0.009982883 0.01524388 9.99995e-4 0.001547694 0.01385116 9.99995e-4 0.006551146 0.01155537 0.00119996 0.009985327 0.01512479 0.00119996 -0.002117514 0.01394933 0.00119996 -0.001842677 0.01283925 0.00119996 -0.001368105 0.0118283 0.00119996 -7.08315e-4 0.0109471 0.00119996 1.16793e-4 0.01022225 0.00119996 0.001082181 0.0096758 0.00119996 0.002158641 0.009324252 0.00119996 0.003313541 0.00917828 0.00119996 0.004511892 0.009242296 0.00119996 0.005717396 0.009514331 0.00119996 0.006893575 0.009986221 0.00119996 0.008004784 0.0106436 0.00119996 0.009017288 0.01526492 0.00119996 4.76424e-4 0.01496332 0.00119996 0.003056585 0.01422882 0.00119996 0.005548357 0.01308262 0.00119996 0.007879614 -0.02090185 0.008002519 -0.01184439 -0.01745116 0.008000314 -0.01661878 -0.01221716 0.008002817 -0.02069199 -0.006427049 0.008001685 -0.02323806 -2.34384e-4 0.008002817 -0.02402836 0.003920793 0.008011341 -0.0237745 0.008038222 0.008003234 -0.02264934 0.01187634 0.008010327 -0.02095746 0.01528638 0.008001089 -0.01851761 0.01834321 0.008006155 -0.01556718 0.02176898 0.008001685 -0.01036465 0.02387011 0.007995486 -0.002925217 0.02370107 0.008003234 0.00398308 0.02269262 0.008006155 0.007991075 0.02096307 0.008012831 0.01187932 -0.02055937 0.008830547 -0.01165103 -0.02001029 0.008999943 -0.0113396 0.02001911 0.009091973 0.01134699 0.0216754 0.008999943 0.007692575 0.02268457 0.009029626 0.003813803 0.02300035 0.009011983 -1.84761e-4 0.02262103 0.009033381 -0.004176318 0.02154999 0.009009957 -0.008039772 0.01982843 0.009033381 -0.01166129 0.01750463 0.009138047 -0.0149489 0.01464509 0.009029626 -0.01773852 0.0113458 0.009101986 -0.0200212 0.007694959 0.009029626 -0.02167767 0.003822088 0.00909537 -0.02269184 -1.8445e-4 0.009009957 -0.02300018 -0.004175543 0.009009957 -0.02261871 -0.008038163 0.009058475 -0.02155637 -0.01165962 0.008999943 -0.01982551 -0.01492547 0.009009957 -0.01750057 -0.01773768 0.009009957 -0.01464289 0.02295356 0.008859038 0.005778789 0.02381849 0.008667349 -1.32702e-4 0.02339404 0.008649468 -0.004357635 0.02222269 0.00874722 -0.008307278 0.02053123 0.008649468 -0.0120306 0.0151236 0.008672297 -0.01834768 0.007915019 0.008729338 -0.0223484 -1.53277e-4 0.008789598 -0.02366071 -0.004380524 0.008738398 -0.02332943 -0.008342862 0.008595168 -0.02231609 -0.01190793 0.008844077 -0.0203858 -0.01545548 0.008691489 -0.01809704 -0.01827907 0.008738517 -0.01514351 -0.02102816 0.007999956 -0.01193559 -0.01427435 0.007999956 -0.01939588 -0.008389353 0.007999956 -0.02248591 -0.002664029 0.007999956 -0.02393454 0.005682706 0.007999956 -0.02340221 0.01334404 0.007999956 -0.0200473 0.01964342 0.007999956 -0.01399093 0.0231831 0.007999956 -0.00641191 0.02403348 0.007999956 0.001532614 0.02114433 0.007999956 0.0119515 0.02088034 -0.005999982 0.01183265 0.02340227 -0.005999982 0.005682706 0.02394431 -0.005999982 -0.002288758 0.02248597 -0.005999982 -0.008389353 0.01959198 -0.005999982 -0.01395434 0.01396089 -0.005999982 -0.01962268 0.006407618 -0.005999982 -0.02321422 -0.001918554 -0.005999982 -0.02400577 -0.008389353 -0.005999982 -0.02248591 -0.01366436 -0.005999982 -0.01983034 -0.02111792 -0.005999982 -0.01199805 -0.01837944 -0.00899738 -0.01041543 -0.01629155 -0.00899738 -0.01344871 -0.01371169 -0.009031355 -0.01607686 -0.01070934 -0.00899738 -0.01820975 -0.007384538 -0.00899738 -0.01979273 -0.00383538 -0.00899738 -0.02077436 -1.69691e-4 -0.00899738 -0.02112478 0.003501117 -0.00899738 -0.02083331 0.007065951 -0.009025633 -0.01991271 0.01041543 -0.00899738 -0.01837944 0.01344871 -0.00899738 -0.01629161 0.01607567 -0.009025633 -0.01371192 0.01820975 -0.00899738 -0.01070934 0.01979273 -0.00899738 -0.007384538 0.02077883 -0.009031355 -0.003836214 0.02112478 -0.00899738 -1.69696e-4 0.02083331 -0.00899738 0.003501117 0.01990884 -0.00899738 0.007065594 0.01837944 -0.00899738 0.01041543 -0.01986962 -0.008527517 -0.01125979 -0.02096068 -0.00600928 -0.01187908 0.02088034 -0.005999982 0.01183265 0.02337378 -0.005999207 0.005804538 0.02403277 -0.006000518 -0.00182563 0.02195972 -0.006001889 -0.009971022 0.01833301 -0.006009101 -0.01563584 0.01532483 -0.006006777 -0.01856428 0.009279966 -0.005997478 -0.02221333 0.00410819 -0.006007969 -0.02373123 -1.93067e-4 -0.006003022 -0.02403336 -0.00642848 -0.006002008 -0.0232433 -0.01218384 -0.006003022 -0.02071696 -0.01553845 -0.006007969 -0.0184012 -0.01853471 -0.006003022 -0.01530045 0.01953405 -0.008684635 0.01106947 0.02068942 -0.007234096 0.01172536 0.0213527 -0.008782863 0.00646764 0.02237349 -0.007258951 0.008060574 0.02240556 -0.008714377 0.001700162 0.02343332 -0.007259011 0.004052937 0.02360945 -0.00753355 -1.89651e-4 0.02176547 -0.008719027 -0.005516767 0.02337795 -0.007254421 -0.004316031 0.0220344 -0.007742464 -0.008172333 0.01921147 -0.008728444 -0.01146084 0.02055615 -0.007259011 -0.01195788 0.01752799 -0.008341431 -0.0148909 0.01172864 -0.008782029 -0.01898568 0.01480334 -0.008058845 -0.01793253 0.01182323 -0.007259011 -0.02063387 0.007809162 -0.008190333 -0.02186417 0.001388549 -0.008772015 -0.02229237 0.001636326 -0.007765352 -0.02349072 -0.004919469 -0.008772194 -0.02179944 -0.004316031 -0.007254421 -0.02337795 -0.009730339 -0.008714377 -0.02025389 -0.008206605 -0.007259011 -0.02232033 -0.01196897 -0.00753355 -0.02035152 -0.01506668 -0.008284032 -0.01746332 -0.01720356 -0.008741617 -0.01424008 -0.01820778 -0.00753355 -0.01503056 -0.01837944 -0.00899738 -0.01041543 -0.01953405 -0.008684575 -0.01106947 -0.02071344 -0.007192075 -0.01173824 -0.02088028 -0.005999982 -0.01183265 0.0183916 -0.009093523 0.01042145 0.01629376 -0.00901854 0.01345056 0.01370871 -0.00899738 0.0160734 0.01071208 -0.009025633 0.01821249 0.007386147 -0.009031355 0.01979702 0.00383538 -0.00899738 0.02077436 1.69698e-4 -0.00899738 0.02112478 -0.003501117 -0.00899738 0.02083331 -0.007070004 -0.009091973 0.0199213 -0.01041638 -0.009025633 0.0183832 -0.01344871 -0.00899738 0.01629155 -0.0160734 -0.00899738 0.01370871 -0.01821249 -0.009025633 0.01071208 -0.01979273 -0.00899738 0.007384538 -0.02077436 -0.00899738 0.00383538 -0.02112478 -0.00899738 1.69696e-4 -0.02083331 -0.00899738 -0.003501117 -0.01990884 -0.00899738 -0.007065594 0.02040773 -0.007861316 0.01156485 0.02089875 -0.006001949 0.01184237 -0.02334356 -0.006002008 -0.006054341 -0.02403336 -0.006003022 1.93058e-4 -0.02370518 -0.006007969 0.004256129 -0.02147734 -0.006002545 0.01099371 -0.01832288 -0.006002485 0.01554381 -0.01524084 -0.006007969 0.01864844 -0.009158313 -0.006000995 0.02231079 -0.004002511 -0.0060153 0.02381658 7.51168e-5 -0.006007969 0.02408409 0.006659924 -0.005999207 0.02314454 0.0121839 -0.006003022 0.02071696 0.01553851 -0.006007969 0.0184012 0.0185818 -0.006009101 0.01533931 -0.02129459 -0.008784532 -0.006615877 -0.02237606 -0.007294297 -0.007990002 -0.0225591 -0.008632838 -0.002072334 -0.02351105 -0.007037103 -0.003995895 -0.02362108 -0.007508516 1.54866e-4 -0.02117997 -0.00878787 0.00693345 -0.02280783 -0.008115053 0.00425899 -0.02224487 -0.007294297 0.008348405 -0.0192427 -0.008555948 0.01228135 -0.01775181 -0.007901906 0.01527816 -0.01216769 -0.008668482 0.01901453 -0.01492196 -0.007872521 0.01799261 -0.01176398 -0.007011413 0.02075922 -0.007686793 -0.00808078 0.02191865 -0.003100574 -0.008692562 0.02235889 2.33788e-4 -0.008115053 0.02320092 0.004039466 -0.008716404 0.02203607 0.004258871 -0.007218956 0.0234096 0.009201645 -0.008638918 0.02057039 0.008206605 -0.007259011 0.02232033 0.01195293 -0.007742464 0.0202344 0.01567339 -0.008789718 0.01579254 0.01670455 -0.007964253 0.01636588 0.02088034 0.007999956 0.01183265 0.02088034 -0.005999982 0.01183265 0.01742559 0.007999956 0.01662248 0.01068943 0.007999956 0.02157992 0.002664029 0.007999956 0.02393454 -0.00605452 0.007999956 0.02334427 -0.01363778 0.007999956 0.01981365 -0.01939588 0.007999956 0.01427435 -0.0231083 0.007999956 0.00677973 -0.02399921 0.007999956 1.92786e-4 -0.02328312 0.007999956 -0.006038665 -0.02088028 0.007999956 -0.01183265 -0.02114433 -0.005999982 -0.0119515 -0.02397799 -0.005999982 -0.001903831 -0.02330791 -0.005999982 0.006057918 -0.02068752 -0.005999982 0.01216655 -0.01715624 -0.005999982 0.0169003 -0.01183265 -0.005999982 0.02088028 -0.006038665 -0.005999982 0.02328312 0.001918494 -0.005999982 0.02400577 0.01001328 -0.005999982 0.02190184 0.0169003 -0.005999982 0.01715624 -0.02096301 0.008012831 -0.01187932 -0.02001911 0.009091973 -0.01134699 0.0209515 0.008010745 0.01187199 0.01851767 0.008001089 0.01528632 0.01564049 0.008012354 0.01833838 0.0122115 0.008010327 0.02076393 0.006427109 0.008001685 0.023238 -9.09597e-4 0.007996261 0.02405017 -0.008038222 0.008003234 0.02264934 -0.01398324 0.008000552 0.01963025 -0.01825612 0.008002817 0.0156247 -0.02073311 0.008005499 0.01219332 -0.02251726 0.008003234 0.008401036 -0.02368831 0.008010327 0.004373371 -0.02403265 0.008003234 1.9305e-4 -0.02373546 0.008006155 -0.003929138 -0.02273243 0.008011341 -0.007989645 0.02002274 0.009105145 0.01134473 -0.02168339 0.00909537 -0.007704436 -0.02268302 0.009011983 -0.003812015 -0.0230022 0.009029626 1.83271e-4 -0.02263003 0.009101986 0.004177987 -0.02155214 0.009033381 0.008040964 -0.01982647 0.009009957 0.0116598 -0.01750218 0.009033381 0.01492732 -0.01464277 0.009029626 0.01774042 -0.01134085 0.009025394 0.02001243 -0.007693707 0.009033381 0.02167856 -0.003812193 0.009025394 0.02268439 1.84763e-4 0.009011983 0.02300035 0.008039832 0.009009957 0.02154999 0.01166599 0.009101986 0.01983636 0.01493191 0.009088397 0.01750761 0.01773804 0.009011983 0.01464277 -0.02367717 0.008791506 -0.001719355 -0.02222156 0.008718013 0.008290708 -0.01922589 0.008803069 0.01388746 -0.0151503 0.008672297 0.01832562 -0.01179951 0.008611023 0.02072513 -0.007932662 0.008718013 0.02235186 -0.003999531 0.008611023 0.02351093 1.90068e-4 0.008785784 0.02365833 0.004354298 0.008594691 0.0234276 0.004176735 0.009052753 0.02262324 0.008307278 0.00874722 0.02222269 0.01830327 0.008734464 0.01510941</float_array>
          <technique_common>
            <accessor source="#³µÖ48x3x18_004-mesh-positions-array" count="2606" stride="3">
              <param name="X" type="float"/>
              <param name="Y" type="float"/>
              <param name="Z" type="float"/>
            </accessor>
          </technique_common>
        </source>
        <source id="³µÖ48x3x18_004-mesh-normals">
          <float_array id="³µÖ48x3x18_004-mesh-normals-array" count="5850">-0.1523587 0.9260451 0.3452933 -0.1112024 0.9309822 0.3477156 0.988842 -0.05495822 -0.1384604 0.9883744 0.003260135 -0.152005 0.3294714 -0.5772677 -0.7471351 -0.1710573 0.5744007 -0.8005019 -0.6016858 -0.1075463 -0.7914596 -0.1480615 0 0.9889782 -0.1480617 1.78103e-7 0.9889782 -0.1480617 1.51116e-7 0.9889782 -0.75972 0.03615736 0.6492445 -0.561725 -0.05120509 0.825738 -0.3317675 0.005068302 0.9433476 -0.9262655 -3.0345e-7 0.3768717 -0.9262668 1.26133e-6 0.3768684 -0.9262651 0 0.3768725 0.7921924 -0.01652133 -0.6100479 0.7749733 0.0102244 -0.6319113 0.2979557 -0.0149334 -0.9544629 0.3520812 0.02651166 -0.935594 0 -1 -2.37363e-7 0 -1 0 0 -1 0 0 -1 -2.59821e-7 0 -1 -2.63605e-7 0 -1 -4.86839e-7 0 1 -3.44001e-6 0 1 9.20289e-6 0 1 0 0 1 3.5992e-6 0 1 -2.14608e-6 0 1 2.28558e-6 -0.3422728 0.9246662 0.1668593 -0.1746956 0.9543524 0.2422664 -0.1889483 0.9528594 0.2373977 -0.1623936 0.9486683 0.2713984 -0.1805205 0.9478764 0.2625693 -0.2902473 0.9109936 0.2929972 -0.1621432 0.9453842 0.2827693 -0.2631149 0.9082829 0.3252583 -0.2905961 0.9093729 0.2976491 -0.2329975 0.9046353 0.3568574 -0.2706578 0.8963586 0.3511205 -0.2458958 0.9006578 0.3582607 0.4713178 0.6577056 0.5876078 -0.3207601 0.9183923 0.2316653 -0.2272617 0.9382068 0.2609984 -0.2524005 0.9315336 0.2618001 -0.2962839 0.9200964 0.2562002 -0.9807366 -0.1889123 -0.0496782 -0.9276021 0.1934434 0.3195841 -0.4472357 -0.1651851 0.8790302 0.2375338 0.2003959 0.9504836 0.5303038 -0.119824 0.8392975 0 1 6.10941e-6 0 1 -1.99182e-6 0 1 7.87207e-7 0 1 -2.03666e-6 0 1 1.50192e-6 0 1 -2.44329e-6 0.9197077 -0.3057565 0.2462735 0.8478342 0.4987401 -0.1800984 0.874094 -0.1694838 -0.4552307 -0.1150119 0.2230702 -0.9679939 -0.2563951 -0.1320604 -0.9575082 0.7359285 -0.02103567 0.6767324 0.7826477 0.0210359 0.6221094 -0.9863277 0 0.1647961 -0.9863278 2.3747e-7 0.1647956 -0.9863278 2.01488e-7 0.1647959 -0.8644991 0.03261536 -0.5015752 -0.9587765 -0.05015587 -0.2797002 -0.999953 0.005484998 -0.007996499 -0.6446589 -2.4276e-7 -0.7644704 -0.6446581 1.57892e-7 -0.7644711 -0.6446595 0 -0.7644699 0.9278857 0 0.3728652 0.9366875 -0.01271462 0.3499357 0.9974304 0 -0.07164275 0.9988083 0.01271516 -0.04711967 0 -1 -1.56426e-7 0 -1 -1.83577e-7 0 -1 5.55448e-7 0 -1 3.78562e-7 0 -1 -3.75716e-7 0 1 -8.06613e-6 0 1 6.02898e-6 0 1 -7.17058e-6 0 1 9.62234e-7 0 1 -1.1778e-6 0 1 8.1289e-7 -0.2781444 0.95311 -0.1192357 -0.275241 0.9557645 -0.1037148 -0.2979371 0.9512029 -0.08029127 -0.3150321 0.9482159 -0.04051637 -0.3524163 0.9141752 -0.2002161 -0.3713255 0.9169229 -0.1461844 -0.4129187 0.9053759 -0.09895771 -0.4384703 0.8953436 -0.07812643 -0.3820313 0.9019059 -0.2015391 -0.2848396 0.9411871 -0.1817511 -0.3278898 0.9256427 -0.1888754 -0.3915038 0.8970335 -0.2050752 -0.2716623 0.9453232 -0.1804543 -0.3871356 0.9206885 -0.04958522 -0.3598368 0.9324062 -0.03371012 -0.3215322 0.9468746 -0.006754577 -0.4278496 0.9014471 -0.06586331 -0.9925834 0.1136194 0.04323154 -0.9925571 -0.01192539 -0.1211952 -0.5925702 -0.2342539 0.7707047 0.04131799 0.5204472 0.8528937 0.5363743 -0.5641794 0.6276977 0 1 -2.72673e-6 0 1 3.65254e-6 0 1 1.36225e-6 0 1 1.44906e-6 0 1 -1.77108e-6 0.8645986 0.2494078 -0.436194 0.964384 -0.02336084 -0.2634728 0.186481 -0.2093755 -0.959889 -0.5739449 0.09460395 -0.8134109 -0.5237233 0.008747696 -0.8518436 -0.4615221 0 -0.8871287 -0.4615214 1.78103e-7 -0.8871292 -0.4615226 8.05951e-7 -0.8871285 0.2098817 0.03261524 -0.9771826 -0.03027009 -0.05015683 -0.9982826 -0.3014002 0.005484342 -0.953482 0.5278444 0 -0.8493411 0.5278449 1.86893e-7 -0.8493409 0.5278447 0 -0.8493409 -0.2279657 -0.0166099 0.9735275 -0.2555406 0.009746491 0.9667492 0.2917793 -0.005613505 0.9564692 0.2651563 0.01345682 0.9641116 0 -1 2.48841e-7 0 -1 -2.55736e-7 0 -1 2.52974e-7 0 -1 -1.29517e-7 0 -1 -2.61236e-7 0 -1 4.94507e-7 0 1 -4.1897e-6 0 1 6.01532e-6 0 1 -7.86891e-6 0 1 -7.88031e-6 0 1 4.20429e-6 0 1 7.86977e-6 0 1 -1.11616e-5 0.03100663 0.9522774 -0.3036553 0.01959002 0.9543468 -0.2980577 -0.003682136 0.9523121 -0.3051034 0.0356881 0.9519182 -0.3042666 -0.009313106 0.9411318 -0.3379116 0.03024256 0.9131472 -0.4065068 0.0842058 0.9082224 -0.4099286 -0.01630872 0.9091915 -0.4160588 -0.03753167 0.9036284 -0.4266701 -0.09581488 0.9210044 -0.3775852 -0.06058633 0.8954477 -0.4410246 -0.1425167 0.9265013 -0.3482593 0.07772237 0.9253637 -0.3710277 0.07872653 0.9284129 -0.363114 0.07960236 0.9025128 -0.4232427 0.08998084 0.9442575 -0.316672 -0.105145 0.9250839 -0.3649168 -0.107186 0.9248029 -0.3650353 -0.9876337 0.1309107 -0.0862677 -0.8537585 -0.3778982 0.3581753 -0.4222755 0.3176862 0.8489752 -0.2242593 -0.1906362 0.9557017 0.6065022 -0.1339075 0.7837244 0.5749267 0.003452003 0.8181976 0 1 2.3248e-6 0 1 -2.89818e-6 0 1 2.48962e-7 0 1 1.99175e-6 0.9788745 -0.0315054 -0.2020202 0.9847743 0.007049024 -0.173695 0.1031436 -0.1470475 -0.983737 -0.1748979 0.6409728 -0.7473719 -0.5912113 -0.2238332 -0.7748341 0.4711147 -0.04444915 0.8809514 0.3032014 6.38553e-4 0.9529263 0.7160921 0.03845494 0.6969459 0.8948206 0 0.4464259 0.8948207 0 0.4464258 0.8948187 -1.91414e-6 0.4464299 0.0721957 1.51725e-7 0.9973906 0.07219654 -2.13678e-7 0.9973905 0.07219529 0 0.9973906 -0.2072795 0.04177027 -0.9773896 -0.4119303 -0.08893054 -0.9068654 -0.6945289 0.08856678 -0.7139927 -0.8414548 -0.04182529 -0.5387063 0 -1 2.5164e-7 0 -1 -4.60171e-7 0 -1 2.34608e-7 0 1 1.39523e-6 0 1 2.80897e-6 0 1 7.87737e-6 0 1 -3.02542e-6 0 1 -5.06434e-6 0.1544187 0.9514268 0.2663494 0.1648685 0.9515253 0.2596498 0.1784117 0.9536531 0.2423121 0.1954534 0.9511929 0.23881 0.2248122 0.9486011 0.2227455 0.2228785 0.913168 0.341247 0.2372877 0.9132374 0.3311977 0.1750834 0.9059299 0.3855346 0.2497533 0.9111871 0.3276606 0.3057523 0.9033023 0.3009328 0.3094059 0.8944718 0.3227819 0.1327651 0.9365159 0.3245173 0.1529218 0.9255181 0.3464554 0.1895622 0.8993221 0.3940634 0.1241679 0.9402816 0.316943 0.3057109 0.902467 0.3034704 0.2565609 0.9466307 0.1951076 0.2752901 0.9286983 0.2484653 0.2702149 0.9333036 0.2364917 -0.955696 -0.1050398 0.2749763 -0.9619668 0.1554818 0.2246004 -0.2116012 -0.2346606 0.9487673 0.3715957 0.180378 0.9107033 0.6122658 -0.007751822 0.7906141 0 1 6.39078e-7 0 1 -1.43318e-6 0 1 4.54005e-6 -0.8776306 0.005051136 -0.4793111 -0.8752148 -0.005039811 -0.4837084 0.8142081 0 0.5805733 0.755795 -0.3431879 0.5576702 0.5383242 -0.3939058 0.7450136 0.5600897 0.3939043 0.7287929 0.3236569 0 0.9461745 0.3184035 0.3431988 0.883648 0.9965103 0.022982 0.08024352 0.9909722 -0.1206467 -0.05846798 0.4215818 -0.002593755 -0.9067867 -0.1826683 -0.535658 -0.824441 -0.5970106 0.3235936 -0.7340746 -0.5339168 0.4739958 -0.7001864 -0.2728089 -0.7312787 -0.6251454 0.3392437 0.6178788 -0.7093234 0.5115174 -0.5682391 -0.6445575 0.7450237 0.6670171 0.005290329 0.9543495 -0.2318537 0.1883112 -0.8178653 -0.5604802 -0.1302244 0.7480027 -0.3419561 0.5688218 0.5107697 -0.696282 0.5042874 -0.3045694 -0.9098424 0.2818232 -0.139674 -0.9720898 -0.1885012 0.377749 -0.2743573 0.8843268 0.1758236 -0.5687413 0.8035045 0.31252 0.328078 0.8914573 -0.04026985 0.1143682 0.9926219 -0.02888035 -0.8046799 0.5930062 -0.002051353 -0.9990729 -0.04300284 0.05353599 -0.9306558 0.3619583 0.03228259 -0.945829 0.3230563 -0.0827893 -0.9550294 0.2847187 -0.5295726 -0.3508728 0.7722961 -0.5462792 -0.1139774 0.8298122 -0.5310217 -0.3476669 0.7727507 -0.0932694 -0.9673504 0.2356568 -0.356663 -0.8553805 0.3756539 0.05611777 -0.9955198 -0.07609945 -0.8747534 -0.4280595 0.2270942 -0.9028562 -0.329541 0.2761405 -0.4012127 -0.9092338 0.1110055 0.1090241 -0.9938791 -0.01784092 -0.3737149 -0.9204193 0.1147418 -0.9569424 -0.2095776 -0.2008448 -0.8249397 -0.4618537 -0.325831 -0.3780657 -0.9214849 -0.08906167 -0.3598202 -0.9275109 -0.1012581 -0.3597567 -0.9275467 -0.1011554 0.9570811 0 0.2898207 0.9810623 0.006484389 0.1935844 0.8621307 -0.01275879 -0.5065253 0.5241594 0.02290254 -0.8513122 0.2167947 -0.007727682 -0.9761867 -0.6315737 -0.00144571 -0.7753145 -0.6528386 0.001298666 -0.757496 0.9381718 0.003129005 0.3461561 0.9923553 -0.02162766 0.121504 0.9533807 0.03062778 -0.3002121 0.6471825 -0.03070354 -0.7617166 0.2772849 0.03064483 -0.9602989 -0.08076268 -0.01677602 -0.9965922 -0.6394403 0.005545496 -0.7688208 -0.6315734 0.003383815 -0.7753087 -0.3994445 0.867913 -0.2952478 -0.3412588 0.8858289 -0.3144034 -0.2876773 0.8998188 -0.3279755 -0.3316173 0.9340643 -0.1324914 0.22638 0.9305604 -0.2877663 0.1506314 0.6524507 -0.7427101 0.328957 0.3684099 -0.869518 -0.01387172 0.9730582 0.230142 -0.01720249 0.9911898 0.1313275 0.02205848 0.8470606 -0.5310384 0.0548529 0.7795557 -0.6239264 0.04653948 0.2773362 -0.9596451 -0.004362642 0.4528257 -0.8915884 -0.1407569 0.8664612 -0.4789913 -0.1448795 0.8732448 -0.4652456 -0.26903 0.07799291 -0.9599688 -0.3731141 0.4710311 -0.799322 0.04461073 0.9970985 0.06168174 0.1180432 0.9821333 0.1465613 -0.2828437 0.8677849 -0.408594 -0.3812067 0.781473 -0.493945 -0.5476467 0.2071084 -0.8106721 -0.3499106 0.8942049 -0.2792138 -0.2987647 0.9349495 -0.1913352 -0.6304577 0.5148352 -0.5809198 -0.80958 0.2133639 -0.5468604 0.09933865 0.9920802 0.07686984 -0.3052836 0.9223862 -0.2366553 -0.6583184 0.5015806 -0.5612789 -0.2497875 0.9556354 -0.1561005 -0.7700886 0.3256164 -0.5485777 -0.2000939 0.9656361 -0.1658592 -0.3730579 0.8322787 -0.410049 -0.7660083 0.1832644 -0.6161537 -0.3113821 0.9309006 -0.190959 -0.2935984 0.9361342 -0.1935274 -0.4683997 0.7531366 -0.4619386 -0.7445098 0.2441956 -0.6213483 -0.8234034 0.3814383 -0.4201332 -0.999721 -0.02357643 -0.001511335 -0.9969261 0.02357935 0.0747165 -0.4373589 0.8621488 -0.2557669 -0.1468078 0.9727033 -0.1797105 -0.4423569 0.4836664 -0.7552399 -0.7409794 0.2350057 -0.6290642 0.5665926 0.7456302 0.3507257 0.5724947 0.7786488 0.256819 0.6138283 0.7243838 0.31382 0.6789413 0.728544 0.09089863 0.6098172 0.7559559 0.2380204 0.5924069 0.7926535 0.144065 0.6527752 0.7479333 0.1203346 -0.6046284 0.7489355 -0.2711461 -0.5745965 0.7858492 -0.2286483 -0.5894683 0.7776773 -0.2185073 -0.5975239 0.7536847 -0.2737233 -0.6277123 0.775398 -0.06881499 -0.6289505 0.7596508 0.1653845 -0.5398317 0.8235111 0.1743884 -0.3596656 0.7840325 0.5058991 -0.4710325 0.7167261 0.5142296 -0.3887854 0.7503614 0.5346062 -0.0451526 0.7565017 0.6524313 0.3663114 0.7931202 0.4865969 0.3598598 0.7979738 0.4834653 0.4455049 0.7338986 0.5127555 0.5348457 0.7494703 0.3901723 0.5348818 0.7492603 0.3905261 -0.6461019 0.7379401 -0.1949278 -0.6161917 0.752583 -0.2322212 -0.6781943 0.717723 -0.1578806 -0.6300424 0.7729367 -0.07493716 -0.6855778 0.7215544 0.09665578 -0.7053245 0.7076905 0.0411303 -0.5864449 0.7647768 0.2668313 -0.5837305 0.746811 0.318641 -0.6411593 0.691734 0.3322935 -0.3786955 0.8066657 0.4537402 -0.548985 0.7662649 0.3338466 -0.467522 0.7371299 0.4879168 -0.3767595 0.7519333 0.5409703 -0.292163 0.8019335 0.5210984 -0.2963502 0.7390316 0.6049866 -0.2861096 0.7246139 0.6269577 -0.1176803 0.7831467 0.6106004 -0.1730211 0.7313821 0.6596544 -0.1669879 0.7207091 0.672825 0.04409402 0.8392598 0.5419398 0.1169811 0.7272837 0.6762942 0.09095299 0.7280747 0.6794372 0.1200582 0.7329329 0.6696234 0.3213313 0.7439639 0.5858874 0.276338 0.735526 0.6185781 0.3682194 0.7381365 0.5653044 0.2881318 0.7575727 0.5857164 0.4417557 0.7075478 0.5515688 0.4512198 0.7440931 0.4926725 -0.9363917 0.03761279 -0.3489356 -0.991741 -0.05753594 -0.1146285 -0.9971719 0.008494853 0.07467347 -0.9599985 0.005409777 -0.279953 -0.9531484 -0.004130482 -0.3024751 -0.990387 0.01230204 0.1377764 -0.9950897 -0.006026089 0.09879481 -0.7341741 0.01476341 0.6788008 -0.7653761 -0.01476323 0.6434141 -0.2555483 0 0.9667963 -0.2826777 -0.01121741 0.9591494 -0.9999955 0.002579391 -0.001511752 -0.9998643 -0.001513719 -0.01640808 -0.9088441 -0.1236985 -0.3983732 -0.9379155 0.2051004 -0.2797293 -0.9920315 0.1236596 0.02412497 -0.9752526 -0.2025167 -0.08870875 0.9148393 -0.01450222 0.4035577 0.9260982 -0.0128557 0.3770638 0.8750234 3.24785e-4 0.4840807 0.9580549 0.04436922 0.2831292 0.984786 -0.006515145 0.1736491 0.9959126 0.006415486 -0.09009516 0.2081878 0.007839441 0.9780575 0.9902651 -0.01780277 -0.1380513 0.9158568 0.01156562 -0.4013386 0.8548295 -0.02360665 -0.5183717 0.7540056 0.03301656 -0.6560377 0.7922453 0.003371357 -0.6101934 0.6598877 -0.01282882 -0.7512548 0.5339377 0.04027122 -0.8445643 0.4678014 -0.002834975 -0.8838292 0.6646445 0.03033059 -0.7465439 0.1805612 -0.01866877 -0.9833866 0.1087365 0.01822519 -0.9939035 -0.2231946 -0.01799476 -0.9746078 -0.2711386 0.006702363 -0.962517 0.6176924 -2.05911e-4 -0.7864199 -0.5795913 0.01295316 -0.8148043 -0.6230108 -0.02532225 -0.7818034 -0.8021275 0.01188147 -0.5970347 -0.8018438 -0.004151701 -0.5975193 -0.809338 0.006702721 -0.5873049 -0.915624 0 -0.4020359 -0.9243282 0.00725764 -0.3815296 -0.9975237 -0.001378238 -0.07031816 -0.9961171 -0.01057529 -0.08740162 -0.9994407 0.004302084 0.03316253 -0.963374 0.02567899 0.2669293 -0.940325 -0.02839428 0.3390911 -0.8608012 0.001814484 0.5089383 -0.8537718 0.004972457 0.5206236 -0.832627 0.01568305 0.5536122 -0.8416578 0.0206483 0.5396164 -0.857427 0.0277878 0.5138549 -0.6831099 -0.01806616 0.7300922 -0.6918399 -0.01187247 0.7219533 -0.4477032 0.007950067 0.8941469 -0.3672305 -0.01988857 0.9299173 -0.2155967 0.01335304 0.9763912 -0.1745268 0.02688431 0.9842854 -0.2128636 0.01432216 0.9769771 -0.150206 4.03343e-4 0.9886547 -0.1506007 4.71949e-4 0.9885947 0.02168697 -0.02275681 0.9995059 0.09507691 0.02351206 0.9951923 0.4218294 -0.001510322 0.906674 0.2967277 0.006143748 0.9549425 0.4383128 -0.01137655 0.8987506 0.7265061 0.01136523 0.6870661 0.7478618 -0.006497204 0.6638227 0.9903334 -0.1354126 -0.03005319 0.9641128 0.2214009 -0.1465209 0.9348704 -0.1583513 -0.3177144 0.8338574 0.2049697 -0.5125129 0.7972756 -0.08473777 -0.597638 0.2924082 0 -0.9562936 0.2759765 0.04764902 -0.9599826 -0.03977626 0.05586045 -0.997646 -0.009290397 -0.05586129 -0.9983954 -0.3390421 0 -0.9407712 -0.3228113 -0.0476489 -0.9452632 -0.803559 0.04569554 -0.5934687 -0.8257668 -0.04569554 -0.5621576 -0.7294165 6.54655e-4 -0.6840696 -0.7200477 -0.001150667 -0.6939237 -0.6843239 0.05935084 0.7267588 -0.7013781 -0.0453813 0.7113433 -0.3692796 0.04538255 0.9282096 -0.390252 -0.0593506 0.9187933 0.2424779 0.448794 -0.8601096 0.1513494 0.1985348 -0.9683374 0.8894287 0.2194849 0.4009277 0.8913646 0.1953338 0.4090403 0 -1 0 0 -1 0 0 -1 0 0 -1 -2.57677e-7 0 -1 -3.80495e-7 0 -1 0 0 -1 3.96493e-7 0 -1 -7.49029e-7 0 -1 0 0 -1 0 0 -1 0 0 -1 0 0 -1 0 0 -1 0 0 -1 4.73659e-7 0 -1 -2.12705e-7 0 -1 0 0 -1 0 0 -1 -1.29734e-7 0 -1 0 0 -1 -2.13307e-7 0 -1 0 0 -1 2.5398e-7 0 -1 -4.7468e-7 0 -1 -1.43608e-7 0 -1 0 0 -1 1.3366e-7 0 -1 0 0 -1 0 0 -1 0 0 -1 0 0 -1 0 0 -1 0 0 -1 0 0 -1 0 0 -1 0 0 -1 0 0 -1 0 0 -1 0 -0.9251999 -0.1460172 0.3502629 -0.5611636 -0.7101719 0.4251486 -0.5359987 -0.7933113 0.2887262 -0.9231394 -0.09814244 0.371728 -0.9229092 1.48903e-4 0.3850181 0.3425252 -0.9254237 -0.1620723 -0.5158538 -0.8454098 0.1384819 -0.6145943 -0.7367109 0.2820121 -0.8943248 -0.3554602 0.2717192 -0.1052222 -0.9942575 0.0195049 -0.8048082 -0.5861305 0.09346044 -0.9407959 -0.2615203 0.2156624 0 1 -5.40777e-7 0 1 5.77336e-7 0 1 -1.11062e-6 0 1 -2.68139e-7 0 1 -2.82492e-7 0 1 1.37914e-7 0 1 6.49462e-7 0 1 0 0 1 -4.7168e-7 0 1 3.36627e-7 0 1 -1.72531e-7 0 1 2.57157e-7 0 1 5.5227e-7 0 1 5.64938e-7 0 1 -1.13316e-6 0 1 -5.5611e-7 0 1 7.24037e-7 0 1 4.24498e-7 0 1 -1.37084e-6 0 1 9.27714e-7 0 1 5.88536e-7 0 1 2.34815e-7 0 1 -1.20424e-6 0 1 -7.88049e-7 0 1 -5.5331e-7 0 1 5.67466e-7 0 1 1.45563e-6 0 1 1.15922e-6 0 1 4.60452e-7 0 1 3.1717e-7 0 1 -4.27006e-7 0 1 -7.84323e-7 0 1 6.62763e-7 1.94093e-6 1 8.07457e-7 0 1 5.56851e-7 0 1 2.83995e-7 2.10219e-6 1 0 0 1 -1.34262e-6 0 1 7.71159e-7 0 1 -5.39005e-7 0 1 -7.2078e-7 0 1 5.70915e-7 0 1 -7.12265e-7 0 1 4.81516e-7 0 1 4.47645e-7 0 1 8.17947e-7 0 1 -1.07761e-6 0 1 -1.18414e-6 0 1 6.32076e-7 0 1 -2.89573e-7 0 1 2.04486e-7 0 1 -9.63033e-7 0 1 3.56131e-7 0 1 2.21486e-6 0 1 -2.75906e-7 0 1 -2.83928e-7 0 1 0 0 1 -5.95754e-7 0 1 9.01528e-7 0 1 -6.48005e-7 -2.95609e-6 1 -2.61241e-6 0 1 3.55495e-7 0 1 0 0 1 2.12886e-7 0 1 0 0 1 -4.95659e-7 0 1 6.40509e-7 0 1 -3.1717e-7 0 1 4.64483e-7 2.41612e-6 1 -6.67761e-6 0 1 -7.12262e-7 0 1 5.55704e-7 0 1 -2.54332e-7 3.29769e-6 1 -5.20643e-6 0 1 -1.11901e-6 0 1 1.12461e-6 0 1 4.07291e-7 0 1 -5.15968e-7 0 1 5.39484e-7 0 1 -3.08387e-6 6.53311e-6 1 -6.23922e-6 0 1 -5.21287e-7 6.15196e-6 1 -4.68486e-6 8.90675e-7 1 -3.732e-7 8.34771e-7 1 -3.34476e-6 0 1 8.64091e-7 0 1 -1.498e-6 0 1 -1.3447e-7 0 1 8.36394e-7 0 1 -6.1459e-7 2.35862e-6 1 1.39248e-6 2.75731e-6 1 8.36168e-7 0 1 6.97527e-7 0 1 -1.72578e-6 0 1 9.96216e-7 0 1 -7.43382e-7 0 1 1.33058e-6 0 1 2.54542e-6 0 1 -1.68907e-6 0 1 -3.93318e-6 0 1 2.62665e-7 0 1 -1.53896e-7 0 1 -1.77348e-7 0 1 0 0 1 -3.04384e-7 0 1 6.71747e-7 0 1 2.10698e-6 0 1 2.65315e-6 0 1 -1.34709e-6 -2.1e-6 1 -6.60843e-6 0 1 2.43507e-6 -3.62341e-6 1 -9.40462e-6 3.28504e-5 1 -2.94978e-5 -2.0749e-5 1 2.38783e-5 0 1 -3.3677e-7 4.98441e-6 1 -3.30423e-6 -1.69181e-4 1 1.6794e-4 0 1 -6.73541e-7 0 1 1.29825e-7 0 1 -1.01423e-6 0.9762715 0.01547008 -0.2159971 0.9826391 -0.008979916 -0.1853101 0.6914959 -0.02555721 -0.7219281 0.6815316 -0.01509803 -0.731633 0.206927 0.05618733 -0.9767416 -0.06759297 -0.100841 -0.9926038 -0.3529296 0.03874093 -0.9348475 0.984717 0 0.1741621 0.9847171 0 0.1741618 0.9847172 0 0.1741615 0.984717 0 0.174162 0.984717 0 0.1741621 -0.499548 0 -0.8662863 -0.4995483 3.68513e-7 -0.866286 -0.4995501 0 -0.866285 -0.4995496 0 -0.8662854 -0.4995495 0 -0.8662853 -0.499548 -1.22838e-6 -0.8662863 0.1257813 5.19553e-5 0.992058 0.3275306 0.01283067 0.9447535 0.2971121 -5.69643e-4 0.9548425 0.8139998 0.01675426 0.5806236 0.7833544 -0.01688492 0.6213459 0.9968417 0.0166006 -0.07766044 0.9994882 -0.0167315 -0.02726751 0.7804604 -5.61521e-7 -0.6252053 0.7987722 -0.01258856 -0.601502 0.1387488 -1.2314e-5 0.9903276 0.1386578 -5.55464e-7 0.9903404 0.1386565 -8.26809e-7 0.9903407 0.1386565 0 0.9903406 0.138657 0 0.9903405 0.1386571 0 0.9903405 0.1386569 -4.33419e-7 0.9903406 0.6695181 7.27786e-5 -0.7427957 0.6695165 -7.47629e-7 -0.7427973 0.6695178 -2.29696e-6 -0.7427961 0.6695198 0 -0.7427942 0.6695179 0 -0.742796 0.6695184 0 -0.7427955 0.6695185 -1.35257e-6 -0.7427954 -0.9048271 5.46969e-5 0.4257794 -0.7973027 0.01283079 0.6034434 -0.816297 -5.68833e-4 0.5776322 -0.3006655 0.01675492 0.9535825 -0.3488641 -0.01688402 0.9370213 0.3819015 0.0166006 0.9240539 0.3347939 -0.0167309 0.9421429 0.8357817 0 0.5490621 0.8188967 -0.01258862 0.5738028 -0.8990229 0 0.4379015 -0.8990225 2.4965e-7 0.4379028 -0.8990232 0 0.4379011 -0.8990224 0 0.4379029 -0.8990226 3.97664e-7 0.4379025 -0.8990226 -3.46736e-7 0.4379022 0.9133332 -1.85459e-5 0.4072129 0.9133329 7.47629e-7 0.4072138 0.9133328 6.10872e-7 0.4072142 0.9133337 0 0.4072121 0.9133336 0 0.4072124 0.9133337 0 0.4072121 0.9133331 -1.01442e-6 0.4072134 -0.7745619 0.006606817 -0.6324638 -0.8046757 -0.00784415 -0.5936629 -0.7605635 0.006699264 -0.6492291 -0.694283 3.813e-7 -0.7197021 -0.6942829 0 -0.7197023 -0.6942834 0 -0.7197018 -0.6942837 0 -0.7197014 -0.694283 0 -0.7197021 -0.6942828 6.93471e-7 -0.7197024 -0.1050471 3.20791e-5 0.9944672 -0.1050462 -3.11512e-7 0.9944673 -0.1050468 -7.39856e-7 0.9944673 -0.105047 0 0.9944673 -0.1050467 0 0.9944673 -0.1050469 0 0.9944673 -0.1050471 -2.53606e-7 0.9944673 0.4808986 5.04487e-5 -0.8767763 0.2935462 0.01237136 -0.9558649 0.3234968 -5.5969e-4 -0.9462292 -0.3039798 0.01608091 -0.9525429 -0.2561345 -0.01626485 -0.9665044 -0.7810026 0 -0.6245279 -0.7621851 -0.0121811 -0.6472446 0.4699319 0 -0.8827027 0.4699319 -2.49649e-7 -0.8827027 0.4699319 0 -0.8827028 0.4699319 0 -0.8827028 0.469932 0 -0.8827028 0.4699321 0 -0.8827027 -0.9782559 -2.82084e-5 0.2074018 -0.9782561 3.73814e-7 0.2074009 -0.9782561 7.11995e-7 0.2074012 -0.978256 0 0.2074015 -0.9782559 0 0.2074018 -0.9782559 2.11806e-6 0.207402 -0.9782561 1.35256e-6 0.207401 0.4144966 -2.9622e-7 0.9100509 0.4144965 0 0.9100509 0.4144994 0 0.9100497 0.4144963 -3.59322e-6 0.910051 -0.4145035 0 -0.9100478 -0.4144967 0 -0.9100508 -0.4144964 8.10869e-7 -0.910051 -0.4144974 4.52906e-6 -0.9100505 0 1 4.80166e-7 0 1 -1.63749e-7 0.9935964 0 -0.1129885 0.9935964 -9.24762e-7 -0.1129882 0.9935963 -4.87135e-6 -0.1129889 0.9935963 -5.83899e-6 -0.1129884 -0.9935965 0 0.1129872 -0.9935963 0 0.1129885 -0.9935964 0 0.1129885 -0.9935964 -1.0287e-6 0.1129882 -0.7374233 0 0.675431 -0.7374233 0 0.6754309 -0.737422 -6.92815e-6 0.6754324 -0.7374244 -7.18646e-6 0.6754298 0.7374266 0 -0.6754273 0.7374232 0 -0.675431 0.7374231 0 -0.6754311 0.7374237 -3.64533e-6 -0.6754305 0 1 0 0 1 -4.80165e-7 -0.8702492 0 -0.4926118 -0.8702493 0 -0.4926118 -0.8702499 8.66022e-6 -0.4926106 -0.8702496 7.18645e-6 -0.4926112 0.8702483 0 0.4926133 0.8702503 0 0.49261 0.8702505 -1.98836e-6 0.4926096 0.8702493 -6.21666e-6 0.4926117 0 1 0 0.1995796 2.46603e-6 -0.9798817 0.1995788 0 -0.9798818 0.1995806 -4.33009e-6 -0.9798814 0.1995788 -1.79661e-6 -0.9798819 -0.1995759 0 0.9798824 -0.1995796 0 0.9798816 -0.1995797 0 0.9798816 -0.1995795 3.65914e-6 0.9798817 0 1 1.65057e-7 0.3225314 -0.1354497 0.9368175 0.4332408 0.2241884 0.8729501 0.7301763 0.217266 0.6477948 0.5880197 -0.1557878 0.7937021 0.8101704 -0.1353952 0.570344 0.4049154 0.7928025 -0.4555303 0.5784301 0.7044035 -0.4113812 -0.03222328 0.7144068 -0.6989883 0.02419567 0.8138718 -0.5805405 -0.005127668 0.7840329 -0.6206982 0.02852022 0.7394638 -0.672592 -0.3067075 0.7848784 -0.5384203 -0.5552666 0.7361374 -0.3870152 -0.5689668 0.7289698 -0.380631 -0.3526749 0.7586133 -0.547838 0.4052286 0.7749276 -0.4850538 0.2902664 0.7557152 -0.5870605 0.3106225 0.7326949 -0.6055344 0.1924893 0.7091985 -0.6782222 0.2902849 0.7558045 -0.5869365 0.06564015 0.756168 -0.6510772 -0.06368231 0.708966 -0.7023616 -0.1152573 0.7504037 -0.6508534 -0.04098069 0.679486 -0.7325431 -0.1313938 0.7563128 -0.6408796 -0.258588 0.7116693 -0.6531916 -0.2511258 0.7076579 -0.6604213 -0.4639131 0.7448803 -0.4795185 -0.404702 0.7937009 -0.4541532 -0.4792744 0.7354238 -0.4790073 -0.4844878 0.7242143 -0.4906988 0.9100514 0 -0.4144957 0.9100509 -1.74893e-6 -0.4144964 -0.9100536 0 0.4144907 -0.9100511 1.5938e-6 0.4144961 -0.1129871 0 -0.9935964 -0.112988 -2.84201e-6 -0.9935964 0.1129876 0 0.9935964 0.1129912 0 0.993596 0.6754304 0 0.7374238 0.6754309 -1.74893e-6 0.7374234 -0.6754307 0 -0.7374235 -0.675429 0 -0.737425 -0.4926111 0 0.8702496 -0.492613 1.74893e-6 0.8702484 0.4926094 0 -0.8702506 0.4926131 -5.97677e-7 -0.8702485 -0.9798814 0 -0.1995805 -0.9798812 5.24679e-6 -0.1995817 0.9798819 0 0.1995788 0.9798818 0 0.199579 -0.9414743 0.004894196 -0.3370495 -0.9304709 -0.004893541 -0.3663334 0 1 6.99275e-7 -0.6114827 0.004893839 0.7912427 -0.635933 -0.00489366 0.7717288 0 1 6.99266e-7 0.5635581 0.004893541 0.826062 0.5374431 -0.004894256 0.8432859 0 1 -1.79849e-6 0.0296185 0.004894077 -0.9995494 0.06087148 -0.004894375 -0.9981337 0 1 -1.23647e-6 0.9597812 0.004893362 -0.2807068 0.9680914 -0.004894196 -0.2505494 0 1 3.99114e-7 0 1 1.85445e-7 0 1 1.08553e-6 0 1 -1.80038e-7 0 1 -2.97232e-7 0 1 3.00699e-6 0 1 -2.17993e-7 0 1 -2.43068e-7 0 1 3.76206e-7 0 1 1.76653e-7 0 1 3.01624e-7 0 1 3.52117e-7 0 1 -5.64397e-7 0 1 0 0 1 -2.99584e-7 0 1 1.76653e-7 0 1 3.76287e-7 0 1 -3.53305e-7 0 1 4.99853e-7 0 1 -3.50025e-7 0 1 -2.54008e-6 0 1 1.41218e-6 0 1 0 0.9555198 -0.2455175 0.163411 0.8874666 -0.4270519 0.1732912 0.3190913 -0.9459469 0.05801206 0.4197939 -0.9054596 0.06257981 -0.3861426 -0.3206605 -0.8649108 -0.2811693 -0.5843204 -0.7612578 -0.2355445 -0.4774146 -0.8465189 -0.04870659 -0.4308962 -0.9010861 0.07239907 -0.5642629 -0.8224146 0.2400919 -0.3957295 -0.8864277 0.2944553 -0.4915726 -0.8195441 0.4501333 -0.6076726 -0.6543043 0.5811764 -0.3535019 -0.7329874 0.4950315 -0.7231155 -0.4817135 0.6497379 -0.6124863 -0.4502237 0.7216624 -0.3986211 -0.5659548 0.8420634 -0.4876547 -0.2304828 0.8379843 -0.4938716 -0.2321061 0.877054 -0.477231 0.05501711 0.9043076 -0.425996 0.02748394 0.3689432 0.9277337 0.05649042 0.6630294 0.7324415 0.1546655 0.9492558 0.285229 0.1325067 0.517938 0.8529541 0.06488293 0.725035 0.6854445 -0.06700831 0.9131333 0.406108 0.03555274 -0.3435618 0.9357631 0.0794537 0.3613003 0.9315252 -0.04150676 0.6343534 0.7483489 -0.1938291 0.9762519 0.01717573 -0.2159572 0.401223 0.8943432 -0.1979151 0.8173317 0.4510721 -0.358473 0.3157163 0.9269754 -0.2025835 0.3317435 0.9139974 -0.2335702 0.8006396 0.1715524 -0.574061 0.619906 0.4758211 -0.6239479 0.2971535 0.8841632 -0.3604933 0.6061039 0.7459328 -0.2760841 0.1446898 0.9775741 -0.1530151 0.2721841 0.5966955 -0.7548977 0.4311832 0.2130603 -0.8767476 -0.05774557 0.9844387 0.16597 0.160055 0.887162 -0.4328117 0.01011574 0.9931606 0.1163184 0.05320209 0.5168505 -0.854421 0.01007741 0.9913797 0.1306318 -0.02416205 0.8822414 -0.4701769 -0.04824525 0.8398361 -0.5406921 -0.06270164 0.1441268 -0.9875708 -0.2100321 0.9192344 -0.3330087 -0.1722873 0.6836413 -0.7091909 -0.3586959 0.419788 -0.8337358 -0.4827029 -0.3861631 -0.7860509 -0.2980195 -0.7361691 -0.6076507 0.3799705 -0.8832437 0.2747781 -0.1758587 -0.9398713 -0.2927725 -0.5254144 0.6930704 0.4935517 -0.420629 0.849727 0.3178608 -0.6972908 0.4392957 0.5663964 -0.2738774 0.9172226 0.2892991 -0.3247864 0.8590447 0.3956718 -0.685835 0.06330519 0.7249986 -0.2113829 0.9148135 0.3441417 -0.2000365 0.9307429 0.3061095 -0.5250567 0.2946814 0.7984224 -0.5223124 0.4014496 0.7523484 -0.3640825 0.3173823 0.8756213 -0.125781 0.9302731 0.3446321 -0.1070656 0.9600921 0.25838 -0.3679869 0.5273137 0.7658498 -0.05008447 0.9720658 0.2293025 -0.04998612 0.9724045 0.2278836 -0.1836853 0.6522585 0.7354038 -0.1827824 0.527854 0.8294341 -0.2607325 0.2159025 0.9409595 -0.1885371 0.9438349 -0.2713475 -0.3249973 0.6702291 -0.6672105 -0.4723863 0.3631383 -0.8031076 -0.8171153 -0.3703799 0.4417482 -0.3430113 -0.9276712 -0.1475446 -0.4311207 -0.9022944 1.13173e-4 -0.4554987 -0.8793478 -0.1388106 -0.946313 0.03382611 0.3214771 -0.9757081 -0.1020404 0.1938602 -0.8276265 -0.313224 -0.4657525 -0.9157631 -0.2404144 0.321837 -0.9049205 -0.2217776 0.3632267 -0.9246447 -0.2009597 0.3234927 -0.4304821 -0.3116896 -0.8470742 -0.8534317 -0.4867876 -0.1862584 -0.3579323 0.9260557 -0.1196046 0.1708223 0.9850847 -0.02068513 -0.3167944 0.9439297 0.09294217 0.3937625 0.918797 -0.02762413 -0.7969043 0.5994928 -0.07451331 -0.8953437 0.4453692 0.00243926 -0.8063552 0.5841489 -0.09252852 -0.856453 0.5133597 0.05431586 -0.7294161 0.00145477 -0.6840687 -0.7200449 -0.002557039 -0.6939228 0.09298956 0.8156315 0.5710502 0.07512152 0.6435601 0.7617003 0.1385055 0.2937223 0.9458031 -0.2015773 0.8393085 -0.5049038 0.07494527 0.9207926 0.382785 0.3674859 0.5173473 0.7728556 0.2108639 0.6639794 0.7174036 0.2283972 0.908114 0.350947 0.4242729 0.5799567 0.6954443 0.2252051 0.9441993 0.2403547 0.6354783 0.2945163 0.7137419 -0.1010388 0.991083 -0.08686619 0.2998924 0.9137687 0.2740283 0.6757894 0.6330337 0.3775938 0.7758027 0.3312261 0.537047 0.2771218 0.9511045 0.136396 0.3738414 0.8935042 0.2487831 -0.34972 0.9320542 -0.09471559 0.4583395 0.8854302 0.07706153 0.4914527 0.8653366 0.09831994 0.9405886 0.304769 0.1496966 0.969258 0.2083948 0.1308076 -0.3417717 0.9373918 0.06699907 0.185953 0.9825522 -0.003574967 0.642287 0.7432398 -0.1872489 0.88967 0.4134091 -0.1938565 0.9319604 0.2798936 -0.2304548 0.2763696 0.9554406 -0.1036975 0.6724735 0.3672843 -0.6425588 0.005942285 0.9939044 -0.1100858 0.2379128 0.9589489 -0.1543194 0.6597716 0.6357196 -0.4007021 0.6062443 0.6868218 -0.4009287 0.7034593 0.3313533 -0.6287687 -0.2335279 0.9627975 -0.1359626 -0.6807661 0.6934007 -0.2361211 -0.8073052 0.444386 -0.3883036 -0.2238065 0.9742785 -0.02631342 -0.8717821 0.4284735 -0.2375008 -0.7223669 0.6392372 -0.2637459 -0.7349466 0.6755979 -0.05848944 -0.7278952 0.6828269 -0.06257939 -0.5294438 0.8476876 0.03339523 -0.6680036 0.7363822 0.1072965 -0.9636816 0.2648279 0.03440696 0.3967934 0.8154539 -0.4214143 0.6444342 0.2937548 -0.7059836 0.4894106 0.6437231 -0.5883008 -0.514361 0.8156351 0.2649001 -0.7012048 0.6435625 0.3068211 -0.8567137 0.2937163 0.4239958 -0.3649647 0.9191424 0.1482498 -0.534991 0.6823653 0.4981588 -0.7468541 0.4261749 0.5104741 -0.1255649 0.9799193 0.1548922 -0.087134 0.9944905 0.05827945 -0.3312706 0.8293637 0.4499063 -0.6871646 0.1952185 0.6997818 -0.118512 0.9697192 0.2135406 -0.3841572 0.5895149 0.71056 -0.03565615 0.9834619 0.1775709 -0.1494677 0.9328275 0.3278603 -0.2624801 0.3734556 0.8897389 -0.05880248 0.8973615 0.4373613 -0.1517429 0.4987735 0.8533459 -0.01981222 0.9098402 0.4144855 0.04999935 0.2165589 0.9749884 -0.03603893 0.9523112 -0.3029929 0.04899817 0.8476591 0.528274 0.1579126 0.4554256 0.8761571 0.1752133 0.9003857 0.3982534 0.1227477 0.9288527 0.3495221 0.3270435 0.1734602 0.9289534 0.454424 0.4805794 0.7500281 -0.1320933 0.9717084 -0.1957911 0.2819307 0.8838759 0.3732004 0.2722042 0.9021181 0.3347952 0.6442902 0.224395 0.7311204 -0.2252148 0.9634294 -0.145197 0.3508738 0.904159 0.2436887 0.4880464 0.828293 0.2752116 0.8436786 0.218205 0.4905029 0.6794782 0.5137347 0.5238188 0.2607461 0.7864981 -0.5598504 0.06444531 0.9274128 -0.368446 0.3593763 0.2318657 -0.9039286 0.290149 0.40961 -0.8648892 0.07747739 0.9303367 -0.3584284 0.06207525 0.942509 -0.3283649 0.175911 0.2583112 -0.9499109 0.1244617 0.4165022 -0.900575 0.02090555 0.9243081 -0.3810744 -0.01523584 0.958649 -0.2841833 0.04528599 0.3278174 -0.9436552 -0.05103158 0.9261483 -0.3736912 -0.04585158 0.6025122 -0.7967916 -0.09148049 0.9165671 -0.3892763 -0.05699336 0.9403924 -0.3352822 -0.2027568 0.5254532 -0.8263102 -0.1722277 0.2740533 -0.9461673 -0.3389345 0.368749 -0.8655331 -0.1433858 0.947211 -0.2867609 -0.1917166 0.8193504 -0.5402868 -0.3685823 0.2845128 -0.8849856 0.3373719 0.9277384 0.1596305 0.6354244 0.7325932 0.2440145 0.8616255 0.2820551 0.4219557 -0.4108767 0.8156401 -0.4073223 -0.5084899 0.6435598 -0.5720742 -0.6679848 0.293713 -0.683761 -0.2743404 0.9412019 -0.1971709 -0.709006 0.6844633 -0.169766 -0.8743251 0.3256411 -0.3598798 0.2387881 0.9697443 0.05075764 -0.5235899 0.8469628 -0.09223794 0.1745916 0.9839297 -0.03741765 -0.4012026 0.9155758 0.02752536 -0.9807732 0.1856725 0.06008148 -0.9957162 0.08277404 0.04120242 -0.4471085 0.8928865 0.05336534 0.1417165 0.9879806 -0.0617308 -0.3973711 0.8920878 0.2151175 -0.7904516 0.465893 0.3976556 -0.3058296 0.9297555 0.2049952 -0.8461641 0.1671935 0.5060166 -0.3166226 0.9137989 0.2544045 0.07195359 0.9929236 -0.09447437 -0.51482 0.3775286 0.7696965 -0.217595 0.9190908 0.3285187 -0.2806866 0.8832578 0.3755937 0.0690084 0.9702958 -0.2318705 -0.3324273 0.6873213 0.6458185 -0.1016752 0.8951644 0.433985 -0.1230774 0.8785443 0.4615322 -0.2524749 0.1289648 0.9589706 0.4057297 0.9137018 0.02307176 0.3387118 0.9408856 -0.002932906 0.9440917 0.3281679 0.03157204 0.915538 0.4020978 0.01037234 0.3639522 0.9305214 -0.04085224 0.354104 0.9342365 -0.04257351 0.9229784 0.3518747 -0.1558689 0.9496915 0.2775095 -0.1451715 0.4402436 0.8902482 -0.1168066 0.8769099 0.3682115 -0.3089489 0.3883771 0.9052583 -0.1722515 0.3453461 0.9289975 -0.1330405 0.902787 0.2604712 -0.3422431 0.80592 0.3835515 -0.4509782 0.3583108 0.903696 -0.2344077 0.3250509 0.9256812 -0.1935359 0.8239787 0.2819495 -0.4914914 0.7203502 0.3712487 -0.5858926 0.2682989 0.9292326 -0.2540522 0.4469745 0.8233829 -0.3496493 0.7318916 0.2589903 -0.6302847 -0.07331264 0.8154343 0.5741884 -0.1063889 0.293758 0.9499409 -0.05014872 0.6437217 0.7636148 0.1954227 0.8836694 -0.4253687 0.3894094 0.6427967 -0.6596763 0.4400724 0.3159694 -0.8405355 -0.7225446 0.6731641 -0.1574147 -0.8426362 0.4354004 -0.3168449 -0.1156555 0.9871978 -0.1098384 -0.7945862 0.5936632 -0.1272675 -0.01554924 0.9998785 -0.001144289 -0.9651843 0.1484157 -0.215388 -0.5046744 0.8630684 -0.02041423 -0.2428228 0.96711 0.0757324 -0.9022477 0.4271411 0.05915832 -0.9139035 0.3990015 0.07468771 0.1035096 0.913571 0.3932861 0.1098515 0.9560086 0.2719933 0.2233725 0.3366056 0.9147685 0.2615107 0.5336623 0.8042492 0.1278942 0.9513181 0.2804228 0.1198337 0.9623697 0.2438946 0.3932876 0.4775744 0.7856512 0.3928775 0.5021312 0.7703971 0.1924432 0.9326974 0.3050265 0.1592454 0.9690263 0.1887564 0.1985505 0.9548133 0.2211546 0.5575354 0.5179746 0.6487347 0.5988177 0.2275888 0.7678677 0.3029923 0.9208074 0.2455798 0.5911989 0.6041359 0.5343254 0.1813391 0.9788762 0.09443211 0.4225016 0.8589619 0.2892696 0.7716779 0.4190208 0.4784716 0.8007414 0.2841019 0.5273514 -0.5687387 0.8154355 0.1077089 -0.9363209 0.2937667 0.1923654 -0.7417414 0.6437172 0.1882766 -0.4475318 0.8722118 0.197388 -0.4158113 0.887844 0.1970639 -0.8627952 0.3312137 0.381945 -0.8639692 0.3203918 0.3884669 0.1490408 0.9316518 0.3313785 0.2072838 0.8720123 0.4434275 0.3518753 0.5099869 0.7849186 0.3967237 0.3208047 0.8600552 -0.1784669 0.8881469 -0.4234909 -0.2666069 0.7706757 -0.5787744 -0.3906681 0.3171516 -0.8641721 -0.4179912 0.09447288 -0.9035255 0.08853447 0.9930024 -0.07815372 -0.296633 0.9298634 0.2176303 -0.6360076 0.6938316 0.3377753 -0.2655565 0.9341655 0.2383583 -0.186276 0.9516836 0.2441306 -0.07476818 0.9799956 0.1844409 -0.5078723 0.669372 0.542224 -0.1552069 0.9229938 0.352127 -0.1085472 0.9050824 0.4111489 -0.1263275 0.8988704 0.4196112 -0.2956627 0.9493784 -0.1061334 0.08115637 0.9959687 0.03820925 -0.3582429 0.9194944 -0.1618398 -0.3466607 0.936353 -0.05540323 -0.3293603 0.944195 0.004222333 -0.2348129 0.9709388 -0.04627043 -0.5728517 0.8185005 0.04356813 -0.4792785 0.8758006 0.05714458 -0.5025867 0.8625823 0.057953 -0.9349893 0.339139 0.1038261 -0.9821237 0.1473803 0.1170985 -0.3325738 0.8925268 0.3046156 -0.3365927 0.8899431 0.3077445 -0.7026343 0.3141444 0.6384499 -0.6783155 0.3912535 0.6219397 0.04969173 0.869852 0.4908038 0.05467402 0.8785153 0.4745752 0.1006612 0.3263311 0.9398805 0.1046986 0.335151 0.9363291 -0.3080134 0.8899666 -0.3362843 -0.3305159 0.8779938 -0.346246 -0.6378198 0.3161287 -0.7023167 -0.6398405 0.3305108 -0.6938061 0.3612163 0.9316518 -0.03934389 0.4858185 0.8719899 -0.06011772 0.8552284 0.5100019 -0.09210008 0.9405345 0.3208673 -0.1115299 0.3476167 0.8881453 -0.3006002 0.4680595 0.7706778 -0.4324073 0.7011529 0.3171521 -0.6385915 0.7301357 0.09450155 -0.6767357 0.1232936 0.9322831 0.3400693 0.0974794 0.8736601 0.4766716 0.1851135 0.8848134 0.4275962 0.1888607 0.8976364 0.3982218 0.2673397 0.8820189 0.3880365 0.2745242 0.9011305 0.3355598 0.3330322 0.8797487 0.3393108 0.3539668 0.8932332 0.2772039 0.3313413 0.9148901 0.2306277 -0.05093932 0.9783409 0.2006348 0.119767 0.9199519 -0.3732884 0.2369031 0.8031497 -0.5466513 0.06238245 0.9271457 -0.3694718 1.08131e-4 0.9081839 -0.4185717 -0.03007102 0.9194608 -0.3920301 0.05871838 0.9641317 0.2588479 -0.1155525 0.8684698 -0.482087 -0.1379287 0.9112046 -0.3881775 -0.09376096 0.875792 0.473495 -0.1001919 0.8625788 0.4959028 -0.1901828 0.339143 0.9213102 -0.1921264 0.1474093 0.9702361 -0.3924788 0.8925261 -0.2221659 -0.3966927 0.8899444 -0.2250198 -0.8243266 0.3141487 -0.4709526 -0.8011057 0.3912661 -0.4529244 0.4846001 0.8681934 0.1067856 0.4669726 0.8792186 0.09439933 0.920984 0.3395513 0.1910324 0.9293382 0.3207074 0.1829683 0.2425007 0.8789509 -0.4106566 0.2250426 0.8895511 -0.3975611 0.469888 0.3218834 -0.8219467 0.4674367 0.3259906 -0.8217258 0.03825503 0.961551 -0.2719489 0.09633541 0.874397 -0.4755517 0.1691697 0.5799499 -0.7968938 0.1808608 0.3290482 -0.9268316 0.4018301 0.8863612 0.2299924 0.2421728 0.957784 0.1549267 0.5748981 0.7504854 0.3259816 0.8210793 0.3260041 0.4685618 0.8380277 0.2681937 0.4751651 0.2214014 0.9751458 0.008493959 0.1910011 0.9813373 0.02226948 0.2696179 0.9628573 -0.01456296 0.1786335 0.9834746 -0.02945739 0.2531581 0.9630922 -0.09145754 0.1764857 0.983368 -0.04289823 0.2031389 0.9739962 -0.1003294 0.1763101 0.979152 -0.1008774 0.1804909 0.9753875 -0.1266579 0.1452886 0.9821134 -0.1197689 -4.56868e-6 -1 0 0 -1 -2.44355e-7 3.60737e-6 -1 -2.46217e-6 -9.12579e-7 -1 -1.98228e-6 4.54794e-6 -1 0 -3.15662e-6 -1 -3.69318e-6 1.20361e-6 -1 -1.98227e-6 3.15665e-6 -1 4.30876e-6 0 -1 -2.57891e-6 1.72908e-6 -1 0 0 -1 0 -5.65491e-7 -1 -4.96758e-6 0 -1 -1.16795e-6 7.45372e-7 -1 4.88075e-6 -2.06356e-6 -1 3.96638e-7 -3.16733e-6 -1 -2.48378e-6 0 -1 -4.88718e-7 0 -1 3.31487e-7 -1.55293e-6 -1 4.98928e-6 4.71147e-6 -1 -2.40867e-6 0 -1 -9.77463e-7 -3.60737e-6 -1 3.69325e-6 9.12579e-7 -1 1.98228e-6 4.56868e-6 -1 0 -0.9984133 0.009470343 -0.05550879 -0.9989465 -0.01541054 0.04322707 -0.6223966 0.00402075 0.7826918 -0.5854959 0.01349949 0.8105631 -0.04064685 -0.01319962 0.9990864 0.1926847 0.01368522 0.9811653 0.5967076 -0.01413965 0.8023342 0.7015826 0.005514085 0.7125669 -0.9778761 -0.01042699 -0.2089247 -0.9573276 0.02767086 0.2876774 -0.7933327 -0.01038205 0.6086998 0.2796551 0.001243591 0.9600998 0.3089786 0.006439149 0.9510473 0 -1 0 0 -1 0 0 -1 -5.9375e-7 0 -1 4.49713e-7 0 -1 0 0 -1 0 0 -1 -1.5301e-7 -0.4518415 -0.6731876 -0.5853698 -0.737224 -0.396529 -0.5470517 -0.3082131 -0.9275829 -0.2111744 0.3534907 -0.861436 0.3646538 -0.4552958 -0.2750881 -0.8467777 -0.3311666 -0.4848526 -0.809473 -0.2940967 -0.6939868 -0.657183 -0.08801835 -0.9439036 -0.318275 0.002760052 -0.9999465 0.009980201 0.09164834 -0.4834868 -0.8705407 -0.002472579 -0.3174058 -0.9482867 0.01785486 -0.9304378 -0.3660148 0.4683061 -0.06933468 -0.8808417 0.1837248 -0.8906459 -0.4159271 0.1808745 -0.8397652 -0.5119366 -0.01921761 -0.9963005 0.08376187 0.6303745 -0.4920416 -0.6004358 0.7383567 -0.3085548 -0.5996861 0.3884975 -0.8482451 -0.3599306 0.3914015 -0.8919873 -0.2261939 0.9346043 -0.2470239 -0.2559182 0.4033342 -0.8880725 -0.220565 0.8929606 -0.4308959 -0.1301932 0.4147462 -0.9071349 -0.07135885 0.3161606 -0.9425653 -0.1077649 0.9387656 -0.2116273 0.2719065 0.9202692 -0.2656095 0.2873259 0.5687868 -0.817408 0.091246 0.1930614 -0.9711269 0.1401427 0.3800635 -0.9243993 0.03221487 0.7569218 0 -0.6535055 0.7569219 0 -0.6535055 0.6535047 0 0.7569226 0.6535058 0 0.7569217 -0.7569218 0 0.6535056 -0.7569219 0 0.6535055 -0.6535053 0 -0.756922 -0.6535053 0 -0.756922 0 -1 1.5767e-7 -0.3876211 0 -0.9218189 -0.3876189 -4.93024e-6 -0.9218198 -0.3873888 1.56542e-5 -0.9219165 -0.3876348 -2.83843e-4 -0.9218131 0.9218183 0 -0.3876224 0.9218193 -4.74976e-7 -0.3876199 0.9218212 0 -0.3876155 0.3876098 1.25452e-5 0.9218236 0.3876189 1.32997e-5 0.9218198 0.3876251 -2.26852e-7 0.9218171 -0.9218195 4.37584e-7 0.3876195 -0.9218202 0 0.3876179 -2.06226e-7 -1 -1.31392e-7 -6.94747e-7 -1 -1.68182e-6 -0.9964836 4.64255e-7 0.08378952 -0.9964836 4.64255e-7 0.08378952 -0.08378863 0 -0.9964836 -0.08378863 0 -0.9964836 0.9964836 -4.64255e-7 -0.08378952 0.9964836 0 -0.08378976 0.08378863 0 0.9964836 0.08378851 0 0.9964836 0 -1 0 -0.2282416 0 0.9736045 -0.2282417 0 0.9736046 -0.9736045 0 -0.2282416 -0.9736045 0 -0.2282416 0.2282417 0 -0.9736046 0.2282416 0 -0.9736046 0.9736044 0 0.2282425 0.9736044 0 0.2282425 0 -1 0 0.8554224 0 0.5179311 0.8554224 0 0.5179311 -0.5179305 0 0.8554228 -0.5179317 0 0.855422 -0.8554224 0 -0.5179311 0.5179308 0 -0.8554226 0.517931 0 -0.8554225 0 -1 2.10227e-7 0 -1 -1.5767e-7 0.4823258 0.4409567 0.7569143 0.0546962 0.4409989 -0.8958395 0 1 7.71496e-6 -0.5708045 0.4410138 0.6925958 0.5315644 0.2688615 0.8032141 0.4871631 -0.2141929 0.8466367 -0.3782742 -0.534003 0.7561412 -0.3890795 0.8164635 0.4266199 -0.6815171 -0.7317996 0.001999914 -0.9387296 0.234687 -0.252406 0 1 1.03477e-5 0 1 -1.24804e-6 0 1 1.08954e-6 0 1 4.7383e-7 0 1 1.08372e-6 0 1 -1.03007e-6 0 1 1.19544e-6 0 1 -4.78992e-7 0.701092 0 -0.7130709 0.7010916 7.10133e-7 -0.7130712 0.7010955 -2.18211e-7 -0.7130675 0.7010964 3.78279e-6 -0.7130665 0.7010995 8.34706e-6 -0.7130635 0.9001763 0.414098 -0.1349279 0.570784 -0.7953325 -0.2040878 0.821859 0.08588504 -0.56318 0.9708957 9.65586e-6 0.2395029 0.970885 2.01058e-6 0.239546 0.9708842 -3.72814e-5 0.2395495 0.9708846 0 0.2395483 0.9708843 3.20282e-6 0.2395491 -0.8901689 -0.004654109 -0.4556073 -0.7592989 0.6382979 -0.1266537 -0.6049916 0.7926959 0.07495689 -0.338591 -0.9274852 0.1585162 -0.58373 -0.007888734 0.8119096 -0.5200604 0.7777442 0.3530597 -0.9221022 -0.3863412 -0.0216332 0 1 3.93999e-6 0 1 5.25529e-7 0 1 -9.83601e-7 0 1 2.79314e-6 0 1 7.51905e-7 0 1 5.58095e-6 0 1 -4.51374e-6 0.3682672 0.9280794 0.0552085 0.2741054 0.9541932 -0.1199229 0.3262317 0.941024 -0.08970463 0.2859908 0.9536938 -0.09315413 0.2914084 0.9526085 -0.08728343 0.2856739 0.9500581 -0.1256193 0.2674488 0.9459186 -0.1836004 0.4218693 0.9052885 -0.04979181 0.3936151 0.9125506 -0.110989 0.3838629 0.9109668 -0.1509605 0.4253184 0.8857938 -0.1856712 0.3892068 0.9018321 -0.1876615 0.3845441 0.9229328 -0.01790988 0.3521478 0.9337547 -0.06398534 0.3742128 0.9267371 -0.0335136 0.2679721 0.9459748 -0.1825454 0.2925823 0.9384909 -0.1833864 0.3850596 0.9008063 -0.2006921 0 1 -6.47821e-6 0 1 5.39138e-7 0 1 -1.04317e-6 0 1 1.85158e-6 0 1 -4.33368e-6 -0.988794 -0.1372588 -0.05870825 -0.8141944 0.5542293 0.1729665 -0.6562672 -0.5240742 0.5428257 0.2173413 0.4046435 0.8882716 0.4449747 -0.06173652 0.8934127 0.8776208 -0.006339669 0.4793137 0.8752058 0.006339669 0.4837093 0 1 0 0 1 -2.68689e-7 0 1 1.48301e-7 0 1 2.99281e-7 0 1 -6.01592e-7 0 1 2.65351e-7 -2.82817e-6 -1 -2.45596e-6 -1.48462e-6 -1 1.80173e-6 -2.34073e-6 -1 -3.27544e-6 -2.34e-6 -1 -2.85195e-6 -1.98331e-6 -1 1.09209e-6 -1.78887e-6 -1 -3.60146e-6 0 1 2.10624e-7 0 1 -5.72976e-7 0 1 0 0 1 0 0 1 2.83083e-7 0 1 -1.4322e-7 0 -1 0 0 -1 -5.77355e-7 0 -1 -1.41476e-7 0 -1 5.69253e-7 0 -1 -2.13619e-7 -0.3538893 -0.4806219 0.8023496 -0.3516233 0.3856356 0.8530219 -0.6714217 -0.3856322 0.6328355 -0.6232812 0.4806115 0.6168738 -0.9995855 0 0.02879375 -0.9720257 -0.234145 0.01850235 -0.9351302 -0.233374 -0.2665864 -0.8653559 0.4235363 -0.2679108 -0.7729197 -0.3626566 -0.5206491 -0.8198903 0 -0.5725208 0 1 1.42949e-7 0 1 -2.11086e-7 0 1 0 0 1 -1.40045e-7 0 1 1.80775e-7 0 -1 -4.46009e-7 0 -1 -2.24913e-7 0 -1 2.84519e-7 0 -1 0 0 -1 -1.4462e-7 0 -1 2.78582e-7 -0.218371 -0.7444451 -0.6309641 -0.02212995 -0.7944968 -0.6068651 -0.1003929 0.8799369 -0.4643622 0.2259802 -0.5700456 -0.7899248 0.09374636 0.8630238 -0.4963885 0 1 -2.64786e-7 0 1 -2.64718e-7 0 1 0 0 1 -1.65362e-7 0 1 0 0 -1 3.97179e-7 0 -1 0 0 -1 3.96973e-7 0 -1 -5.82084e-7 0 -1 -1.65362e-7 0 -1 -1.32255e-7 0.7898404 0 -0.6133126 0.7455556 -0.3626654 -0.559125 0.9204206 -0.2334053 -0.313605 0.8506732 0.4235442 -0.3113929 0.9717033 -0.2341941 -0.03075653 0.9997608 0 -0.02187359 0 1 1.45521e-7 0 1 -1.32359e-7 0 1 0 0 1 -1.48942e-7 0 1 2.90877e-7 0 -1 -1.32359e-7 -1.15519e-6 -1 -1.58706e-6 0 -1 0 -3.92398e-6 -1 -1.38599e-7 1.57422e-7 -1 2.32701e-6 -1.58026e-6 -1 -1.74726e-6 -5.85524e-6 1 0 0 1 0 0 1 0 0 1 0 0 1 0 0 1 0 0 1 0 0 1 0 0 1 0 0 1 0 0 1 0 0 1 -1.56516e-7 0.156606 0.5425051 -0.825326 0.5043736 0.1045889 -0.857128 0.4284867 -0.4649248 -0.7747542 0.7258791 0.2641474 -0.6350794 0.519077 0.7092456 -0.4770009 0.5191482 -0.8028604 -0.2930876 0 1 0 0 1 0 0 1 0 0 1 0 0 1 0 0 1 0 0 1 0 0 1 0 -0.8145259 0 -0.5801274 -0.7737296 0.2761712 -0.570151 -0.556733 0.3193483 -0.766854 -0.5790176 -0.3193436 -0.7501723 -0.3272448 0 -0.9449397 -0.3291619 -0.2761659 -0.9029866 -2.19231e-6 1 4.00582e-6 -2.80053e-6 1 -1.04592e-5 1.50356e-6 1 1.71395e-7 1.6315e-6 1 -8.79401e-7 1.47626e-6 1 -1.57853e-7 3.522e-6 1 5.81482e-6 0 1 1.49748e-7 -0.7931025 0.3958958 0.462877 -0.8085817 -0.3123643 0.4986223 -0.9418522 0.3123698 0.1238527 -0.9072809 -0.395897 0.1417989 0 1 0 0 1 0 2.91625e-6 1 0 0 1 0 5.91188e-6 1 -2.15411e-6 0 1 0 0 1 0 0.2843694 0.4791566 0.8303874 0.1409787 -0.802288 0.5800508 0.00841397 0.7315725 0.6817118 -0.08572608 -0.8410092 0.534186 -0.2161051 0.6595562 0.7199196 0.7512471 -0.6595698 -0.02440422 0.5383064 0.8410158 0.05402386 0.6567808 -0.731584 0.1828219 0.5245582 0.8022859 0.2849144 0.7297877 -0.4791585 0.4876649 -2.49415e-6 1 -5.35236e-6 0 1 -1.29937e-7 0 1 0 0 1 0 0 1 0 0 1 0 0 1 1.42171e-7 0.7237563 0.6109053 0.320892 0.6367076 0.7078201 0.3059318 0.2195631 0.9727101 0.07501488 0.9194358 0.3181569 0.2311147 0.1951926 0.9790322 0.05827426 0.999388 -0.02498781 0.02447831 0.8495755 0.5163843 0.1075591 0.3878912 0.9213132 0.02688115 0.3866091 0.921864 0.02646195 0.8895288 0.4476701 -0.09126931 0.4353646 0.8989973 -0.04755485 0.3897075 0.9203792 -0.03209894 0.9570697 0.1048744 -0.2702204 0.9433738 0.1852562 -0.2751835 0.422955 0.9002609 -0.1031481 0.3284932 0.9395371 -0.09676021 0.7654083 0.5322915 -0.361685 0.3869751 0.9002651 -0.1994318 0.310772 0.9398694 -0.1416553 0.8217904 0.1789045 -0.5409749 0.5648078 0.6765601 -0.4725027 0.3693582 0.8997504 -0.2324304 0.6550702 0.3308694 -0.6792706 0.5567063 0.6761054 -0.4826592 0.2746408 0.9078575 -0.316808 0.5503007 0.327903 -0.7678859 0.3536726 0.7020184 -0.6181309 0.2516535 0.9080072 -0.3349528 0.3675249 0.4085949 -0.8354494 0.346001 0.7020092 -0.6224681 0.1467669 0.9199022 -0.3636475 0.2416121 0.406214 -0.8812569 0.1216766 0.7069244 -0.6967444 0.1137162 0.9201804 -0.3746154 0.05454903 0.418125 -0.9067503 0.1156027 0.7071624 -0.6975366 0.004120111 0.9486475 -0.3163083 -0.1234493 0.2229765 -0.9669756 -0.07574236 0.428559 -0.9003334 -0.03852546 0.9371063 -0.3469119 -0.03035742 0.9477279 -0.3176326 -0.2278366 0.5317254 -0.8156953 -0.1515604 0.8697448 -0.4696525 -0.08045536 0.9386322 -0.3354052 -0.3995102 0.1218377 -0.9085963 -0.4035398 0.4402426 -0.8020862 -0.1861689 0.8702492 -0.4560785 -0.1192287 0.968928 -0.2167095 -0.6119515 0.08518135 -0.7862949 -0.4971756 0.4522383 -0.7404708 -0.1434838 0.9680368 -0.205711 -0.2286803 0.9285056 -0.2925453 -0.7515349 0.4280542 -0.5019611 -0.6198218 0.505077 -0.6005983 -0.7839872 0.2533017 -0.5667472 -0.2423689 0.9383085 -0.2466462 -0.215522 0.9656202 -0.1453545 -0.2647182 0.9284724 -0.2605057 -0.2789291 0.9377754 -0.2068235 -0.7413151 0.007749259 -0.6711124 -0.7243654 -0.01016831 -0.6893413 -0.4648723 0.007220268 -0.8853483 -0.2452831 0 -0.9694515 -0.4496625 0 -0.8931987 -0.2286477 -0.00721997 -0.9734826 0.06363922 0.00846821 -0.9979372 0.09463638 -0.008468031 -0.9954759 0.4011155 0.008468151 -0.9159885 0.4294026 -0.008468568 -0.9030735 0.6930361 0.008674561 -0.7208507 0.7094298 -0.004451274 -0.7047622 0.9059581 0.01464766 -0.4231138 0.8871974 -0.004467785 -0.4613686 0.9940636 0.02271229 -0.106404 0.9724766 -0.01559168 -0.2324786 0.9973874 -0.02486681 0.06782555 0.9630211 0.03573852 0.2670453 0.9250302 -0.02066689 0.379331 -0.2186743 -0.9641199 -0.150514 0.1795801 -0.9803206 0.08199054 0.2057796 -0.9732571 0.1021055 0.669294 -0.6742568 0.3121273 0.6451758 -0.7146496 0.2702299 0.9229519 -0.04916447 0.3817626 0.8943252 -0.1741323 0.4121412 0.1640163 -0.98554 0.04253834 0.6864772 -0.713279 0.141358 0.7133018 -0.6749948 0.1886336 0.9234725 -0.2959046 0.244211 0.1941935 -0.9808421 0.01541894 0.2137171 -0.9763323 0.03317165 0.7547791 -0.6518462 0.0735206 0.9936771 -0.07237845 0.08583259 0.9758499 -0.2116086 0.05421066 0.2338418 -0.9721872 -0.01304805 0.265945 -0.9637147 -0.02296572 0.6517829 -0.7562364 -0.05731898 0.7045896 -0.7042409 -0.08716893 0.9375529 -0.3395348 -0.0755701 0.1992499 -0.9778078 -0.06474065 0.7289449 -0.6631207 -0.1700306 0.9219256 -0.2585295 -0.2884715 0.9689794 -0.01624536 -0.246607 0.1932108 -0.9768353 -0.09199219 0.2279897 -0.968877 -0.09642714 0.5547453 -0.7975224 -0.2370987 0.6351188 -0.6951197 -0.336798 0.8545598 -0.3550272 -0.3790557 0.1756743 -0.9776313 -0.1156533 0.2548215 -0.9389898 -0.2310066 0.614898 -0.6911449 -0.379762 0.7036079 -0.4247789 -0.569648 0.8389732 -0.08798271 -0.537013 0.1753937 -0.9661482 -0.1891953 0.2438087 -0.9385453 -0.2443155 0.332771 -0.8637765 -0.3783566 0.6540512 -0.4254953 -0.6254366 0.6479839 -0.3696885 -0.6659185 0.09669667 -0.9853496 -0.1404851 0.37426 -0.6916692 -0.6176757 0.5672219 -0.3705782 -0.7354801 0.5165308 -0.03005576 -0.855741 0.08436506 -0.9824804 -0.1661769 0.1185289 -0.9283792 -0.3522259 0.3530096 -0.6971657 -0.6239746 0.3497965 -0.371537 -0.8600015 0.04969185 -0.9737029 -0.2223364 0.1078379 -0.9281643 -0.356205 0.1116687 -0.7721533 -0.6255473 0.2670677 -0.3236438 -0.9077057 0.2057369 -0.4109232 -0.8881523 0.01364874 -0.9850203 -0.1718977 0.06795823 -0.2284952 -0.9711703 -0.01869493 -0.9805102 -0.1955764 -0.01642054 -0.9774419 -0.2105656 -0.05065333 -0.7595267 -0.648501 -0.07385587 -0.704607 -0.7057437 -0.04683023 -0.3380457 -0.9399638 -0.1250292 -0.1048235 -0.9866002 -0.04628354 -0.9848117 -0.1673435 -0.2224211 -0.7123171 -0.6656825 -0.1942492 -0.6689487 -0.7174782 -0.2481502 -0.32027 -0.9142475 -0.08374202 -0.9808428 -0.1758828 -0.07747513 -0.9757649 -0.204647 -0.3137193 -0.6518486 -0.6904156 -0.399766 -0.1032506 -0.9107834 -0.4315583 -0.2663888 -0.8618552 -0.1282168 -0.9721885 -0.1959851 -0.223676 -0.9323845 -0.2839514 -0.3610401 -0.7322165 -0.5775026 -0.5661417 -0.411625 -0.7141768 -0.5473294 -0.2663046 -0.7934182 -0.1540762 -0.9782907 -0.1385924 -0.1885487 -0.9771135 -0.09848213 -0.2257164 -0.932482 -0.2820103 -0.520858 -0.7263792 -0.4484196 -0.5371056 -0.7267038 -0.4282745 -0.7697783 -0.4458584 -0.4567841 -0.6183066 -0.4055597 -0.6732149 -0.6933839 -0.2661975 -0.6695951 -0.7860577 -0.2662921 -0.5578548 -0.9083582 -0.1577947 -0.3872809 -0.2052896 -0.9732679 -0.1029843 -0.1768749 -0.9809149 -0.08075499 -0.6705374 -0.6713367 -0.3157321 -0.6433622 -0.7162236 -0.2703867 -0.9108736 -0.07371687 -0.4060482 -0.1652526 -0.9853196 -0.04285949 -0.7126501 -0.6791695 -0.1756666 -0.7430002 -0.6474887 -0.169438 -0.914397 -0.3268951 -0.2387838 -0.2204881 -0.9752326 -0.01750677 -0.2319213 -0.9722052 -0.03208988 -0.805243 -0.5863862 -0.08794862 -0.9633644 -0.262423 -0.05534505 -0.9923225 -0.05734461 -0.1095806 -0.2859081 -0.9578673 0.02732968 -0.2861363 -0.9577992 0.02732557 -0.4568022 -0.8878872 0.05466479 -0.6947321 -0.7185798 0.03147184 -0.9130658 -0.3886662 0.1234886 -0.9610972 -0.2651684 0.07731831 -0.1635078 -0.985505 0.04522281 -0.6734888 -0.7013536 0.2334867 -0.9013558 -0.3835701 0.201076 -0.9464832 -0.07866966 0.3130187 -0.1721996 -0.9823216 0.0734288 -0.2416031 -0.9617317 0.1292291 -0.6480516 -0.7137428 0.2657074 -0.7730187 -0.4520882 0.4450376 -0.2044432 -0.9665197 0.1550576 -0.7667478 -0.4312086 0.4755597 -0.7811709 -0.3106064 0.5415679 -0.2360017 -0.9435985 0.2322176 -0.2110664 -0.9536496 0.2144843 -0.363495 -0.8559826 0.3676486 -0.3917998 -0.8199499 0.417343 -0.6467876 -0.3491209 0.6780712 -0.677748 -0.2977911 0.6722931 -0.13364 -0.974441 0.1805694 -0.4247052 -0.6053338 0.6731987 -0.5578726 -0.35866 0.7484259 -0.5157781 0.01473176 0.8565956 -0.1191735 -0.9687613 0.2174842 -0.1477164 -0.9000217 0.4100499 -0.3608011 -0.63313 0.6848132 -0.3467881 -0.4048752 0.8460581 -0.02574288 -0.9789792 0.2023296 -0.1590377 -0.8997424 0.4064119 -0.1494326 -0.5111756 0.8463861 -0.2629764 -0.3551871 0.8970426 -0.01587057 -0.9796919 0.1998797 -0.1274426 -0.5070614 0.852436 -0.05959004 -0.389688 0.9190171 0.02047151 -0.9765833 0.2141638 0.008589088 -0.9652647 0.2611328 0.02018696 -0.8599849 0.5099201 0.1139914 -0.6805687 0.7237626 0.03763091 -0.3838757 0.9226177 0.1410524 -0.06298619 0.9879965 0.04835754 -0.9765794 0.2096528 0.09144729 -0.958096 0.2714579 0.1889411 -0.6786732 0.7097211 0.202223 -0.7098233 0.6747272 0.2514038 -0.2945554 0.9219726 0.111115 -0.9668869 0.2297458 0.2990546 -0.6592432 0.689902 0.4000605 -0.1045368 0.9105075 0.4357588 -0.293887 0.850732 0.126955 -0.9781017 0.1649232 0.1757292 -0.9472789 0.2679219 0.3250322 -0.8227908 0.4662289 0.3620836 -0.7928416 0.4902017 0.5644854 -0.4092944 0.7168225 0.5432925 -0.2906573 0.787624 0.1223927 -0.9841194 0.128566 0.1664784 -0.9761326 0.1394642 0.3971998 -0.8827562 0.2509459 0.4646557 -0.8172525 0.3408718 0.6772476 -0.2967549 0.673255 0.7270544 -0.4082214 0.5520393 0.7981691 -0.2896275 0.5282443 0.8110491 0 0.5849781 0.8008964 -0.007220327 0.5987594 0.5927106 0.008468151 0.8053711 0.5673827 -0.00846827 0.8234107 0.2815129 0.008468091 0.9595202 0.2515428 -0.008468389 0.9678092 -0.06754237 0.008674681 0.9976788 -0.09044265 -0.004451453 0.9958918 -0.4220315 0.01464742 0.906463 -0.383072 -0.004467606 0.9237078 -0.6930767 0.02426058 0.7204555 -0.598697 -0.01618111 0.8008123 -0.8959781 0.01584291 0.4438156 -0.8014427 -0.01607084 0.5978556 -0.9189891 -0.007220029 0.394217 -0.990951 0.007220268 0.1340304 -0.9963785 -0.0140661 0.08385878 -0.9933416 0.0155909 -0.1141468 -0.9619523 -0.03237855 -0.2712922 -0.92352 0.02066916 -0.3829932 -0.6427074 0.7073274 -0.2943047 -0.6470133 0.7034959 -0.2940533 -0.7789515 0.5970771 -0.1916604 -0.679913 0.7081019 -0.1905524 -0.3579269 0.9309712 -0.07197898 -0.9615294 0.2658611 -0.06913161 -0.2675229 0.9632107 -0.0256285 -0.8372154 0.5426231 0.06804811 -0.7072139 0.7014201 0.0886473 -0.3785867 0.9253808 0.01850742 -0.8785966 0.4030546 0.2561543 -0.6992593 0.7020061 0.1349961 -0.3848113 0.9146796 0.1236181 -0.8282886 0.4028212 0.3894523 -0.729486 0.5674968 0.3818346 -0.3632655 0.9140245 0.180548 -0.3780816 0.9068621 0.1861599 -0.7789422 0.2771909 0.5625073 -0.2184497 0.9644873 0.1484729 -0.6666034 0.2231872 0.7112155 -0.6217861 0.519274 0.5862906 -0.3058724 0.9010692 0.3074349 -0.2936152 0.9077411 0.2996603 -0.4953257 0.508026 0.7046718 -0.234373 0.9067825 0.3504495 -0.2483 0.8982881 0.3625269 -0.4527056 0.02063983 0.8914212 -0.3643223 0.4031688 0.8394786 -0.1855807 0.8966587 0.4019491 -0.1786803 0.9138524 0.3646193 -0.1917856 -0.1083434 0.9754384 -0.2485575 0.4032238 0.8806984 -0.09168672 0.9138768 0.3955034 -0.108487 0.898299 0.4257813 -0.05128133 0.5003667 0.8642936 -0.05284792 0.8974397 0.4379603 -0.022529 0.9453889 0.3251652 0.1097303 0.06651389 0.9917334 0.06821048 0.3656772 0.9282389 0.06681966 0.8732944 0.4825889 0.02103126 0.945527 0.3248639 0.2274164 0.5347961 0.8138027 0.1105399 0.8739363 0.4733035 0.1011918 0.9396699 0.3267734 0.3801488 0.2529295 0.8896706 0.3617137 0.7020183 0.6134604 0.1259765 0.9400047 0.3170506 0.4116986 0.7007732 0.5825986 0.4101884 0.7110206 0.571135 0.7612024 0.3536547 0.5435986 0.6812424 0.3537612 0.6409071 0.6225364 0.6984028 0.3531033 0.4549987 0.712242 0.5344976 0.2652656 0.9351289 0.2348793 0.2782501 0.9351679 0.2191754</float_array>
          <technique_common>
            <accessor source="#³µÖ48x3x18_004-mesh-normals-array" count="1950" stride="3">
              <param name="X" type="float"/>
              <param name="Y" type="float"/>
              <param name="Z" type="float"/>
            </accessor>
          </technique_common>
        </source>
        <vertices id="³µÖ48x3x18_004-mesh-vertices">
          <input semantic="POSITION" source="#³µÖ48x3x18_004-mesh-positions"/>
        </vertices>
        <lines count="10">
          <input semantic="VERTEX" source="#³µÖ48x3x18_004-mesh-vertices" offset="0"/>
          <p>1301 1300 1947 1946 693 692 658 657 669 668 1955 1954 704 703 1962 1961 284 283 1957 1956</p>
        </lines>
        <triangles material="mat_5-material" count="1948">
          <input semantic="VERTEX" source="#³µÖ48x3x18_004-mesh-vertices" offset="0"/>
          <input semantic="NORMAL" source="#³µÖ48x3x18_004-mesh-normals" offset="1"/>
          <p>0 0 1 0 2 0 0 1 2 1 3 1 7 2 10 2 9 2 7 3 9 3 6 3 8 4 10 4 7 4 8 5 4 5 10 5 5 6 4 6 8 6 12 7 13 7 14 7 12 8 14 8 15 8 11 9 12 9 15 9 18 10 19 10 20 10 18 11 20 11 16 11 17 12 18 12 16 12 23 13 25 13 21 13 23 14 24 14 25 14 22 15 23 15 21 15 26 16 29 16 30 16 27 17 26 17 30 17 28 18 30 18 31 18 28 19 27 19 30 19 42 20 33 20 32 20 41 21 33 21 42 21 40 22 34 22 33 22 40 22 33 22 41 22 39 23 35 23 34 23 39 22 34 22 40 22 38 24 35 24 39 24 37 22 35 22 38 22 36 25 35 25 37 25 46 26 43 26 44 26 57 27 43 27 46 27 56 28 57 28 46 28 45 29 56 29 46 29 55 28 56 28 45 28 50 28 55 28 45 28 54 28 55 28 50 28 49 30 54 30 50 30 53 28 54 28 49 28 48 28 53 28 49 28 52 28 53 28 48 28 47 31 52 31 48 31 51 28 52 28 47 28 65 32 61 32 64 32 74 33 62 33 61 33 74 34 63 34 62 34 73 35 63 35 74 35 73 36 58 36 63 36 66 37 69 37 68 37 59 38 58 38 73 38 67 39 70 39 69 39 67 40 69 40 66 40 60 41 71 41 70 41 60 42 72 42 71 42 60 43 70 43 67 43 60 44 59 44 72 44 61 45 65 45 66 45 61 46 75 46 74 46 61 47 68 47 75 47 61 48 66 48 68 48 77 49 80 49 76 49 77 50 81 50 80 50 78 51 81 51 77 51 78 52 82 52 81 52 79 53 82 53 78 53 86 54 87 54 88 54 86 55 88 55 89 55 86 56 89 56 90 56 85 28 86 28 90 28 85 28 83 28 84 28 85 57 90 57 91 57 85 58 91 58 92 58 85 59 92 59 83 59 95 60 98 60 94 60 95 61 99 61 98 61 96 62 99 62 95 62 96 63 93 63 99 63 97 64 93 64 96 64 103 65 100 65 101 65 102 66 103 66 101 66 105 67 106 67 107 67 105 68 107 68 108 68 104 69 105 69 108 69 111 70 112 70 113 70 111 71 113 71 109 71 110 72 111 72 109 72 116 73 118 73 114 73 116 74 117 74 118 74 115 75 116 75 114 75 124 76 120 76 119 76 124 77 119 77 121 77 123 78 121 78 122 78 123 79 124 79 121 79 133 22 132 22 131 22 125 80 133 80 131 80 125 81 130 81 129 81 125 82 131 82 130 82 126 83 125 83 129 83 127 84 126 84 129 84 128 22 127 22 129 22 141 85 139 85 140 85 138 86 139 86 141 86 142 87 138 87 141 87 137 28 138 28 142 28 143 28 137 28 142 28 136 88 137 88 143 88 144 89 136 89 143 89 135 90 136 90 144 90 134 28 135 28 144 28 157 91 150 91 158 91 157 92 151 92 150 92 156 93 151 93 157 93 155 94 151 94 156 94 147 95 161 95 148 95 147 96 152 96 161 96 147 97 153 97 152 97 146 98 153 98 147 98 149 99 148 99 161 99 149 100 159 100 158 100 149 101 160 101 159 101 149 102 161 102 160 102 149 103 158 103 150 103 145 104 154 104 153 104 145 105 155 105 154 105 145 106 151 106 155 106 145 107 153 107 146 107 163 108 167 108 166 108 163 109 166 109 162 109 164 110 167 110 163 110 164 111 168 111 167 111 165 112 168 112 164 112 171 113 173 113 174 113 171 114 172 114 173 114 171 115 174 115 175 115 170 28 177 28 169 28 170 28 176 28 177 28 170 116 175 116 176 116 170 117 171 117 175 117 181 118 184 118 183 118 181 119 183 119 180 119 182 120 184 120 181 120 179 121 184 121 182 121 179 122 178 122 184 122 186 123 187 123 188 123 186 124 188 124 189 124 185 125 186 125 189 125 192 126 193 126 194 126 192 127 194 127 190 127 191 128 192 128 190 128 197 129 199 129 195 129 197 130 198 130 199 130 196 131 197 131 195 131 201 132 203 132 204 132 201 133 200 133 203 133 202 134 204 134 205 134 202 135 201 135 204 135 209 22 211 22 210 22 209 136 212 136 211 136 209 137 213 137 212 137 209 138 214 138 213 138 208 22 214 22 209 22 207 139 214 139 208 139 207 22 215 22 214 22 216 140 215 140 207 140 206 141 216 141 207 141 224 142 219 142 223 142 220 143 219 143 224 143 225 144 220 144 224 144 226 28 220 28 225 28 221 28 220 28 226 28 227 145 221 145 226 145 222 146 221 146 227 146 228 28 222 28 227 28 229 147 222 147 228 147 218 28 222 28 229 28 217 148 218 148 229 148 241 149 236 149 242 149 241 150 237 150 236 150 240 151 237 151 241 151 240 152 235 152 237 152 239 153 235 153 240 153 232 154 245 154 244 154 232 155 244 155 231 155 232 156 246 156 245 156 232 157 247 157 246 157 233 158 238 158 247 158 233 159 247 159 232 159 234 160 235 160 233 160 230 161 243 161 242 161 230 162 244 162 243 162 230 163 231 163 244 163 230 164 242 164 236 164 235 165 239 165 238 165 235 166 238 166 233 166 248 167 253 167 252 167 249 168 253 168 248 168 249 169 254 169 253 169 250 170 254 170 249 170 250 171 255 171 254 171 251 172 255 172 250 172 256 28 264 28 265 28 257 173 259 173 260 173 257 174 260 174 261 174 257 175 261 175 262 175 257 176 262 176 263 176 257 28 263 28 264 28 257 28 264 28 256 28 257 28 258 28 259 28 268 177 272 177 271 177 269 178 272 178 268 178 270 179 272 179 269 179 266 180 272 180 270 180 267 181 266 181 270 181 276 182 273 182 274 182 276 183 277 183 273 183 275 184 276 184 274 184 279 185 280 185 281 185 279 186 281 186 282 186 278 187 279 187 282 187 287 188 289 188 285 188 287 189 288 189 289 189 286 190 287 190 285 190 291 191 290 191 293 191 291 192 293 192 294 192 292 193 291 193 294 193 292 194 294 194 295 194 297 195 304 195 303 195 297 22 305 22 304 22 297 196 296 196 305 196 298 22 303 22 302 22 298 22 297 22 303 22 298 22 302 22 301 22 300 22 298 22 301 22 299 197 298 197 300 197 319 198 306 198 307 198 312 28 319 28 307 28 318 28 319 28 312 28 317 28 318 28 312 28 311 28 317 28 312 28 310 28 316 28 317 28 310 199 317 199 311 199 315 200 316 200 310 200 309 201 315 201 310 201 314 28 315 28 309 28 308 202 314 202 309 202 313 28 314 28 308 28 328 203 326 203 325 203 338 204 326 204 328 204 338 205 327 205 326 205 337 206 327 206 338 206 336 207 327 207 337 207 322 208 331 208 330 208 322 209 332 209 331 209 322 210 330 210 321 210 322 211 333 211 332 211 323 212 334 212 333 212 323 213 333 213 322 213 320 214 329 214 328 214 320 215 330 215 329 215 320 216 321 216 330 216 320 217 328 217 325 217 324 218 334 218 323 218 324 219 327 219 336 219 324 220 335 220 334 220 324 221 336 221 335 221 339 222 344 222 343 222 340 223 344 223 339 223 341 224 344 224 340 224 341 225 345 225 344 225 342 226 345 226 341 226 348 28 350 28 351 28 348 28 351 28 352 28 348 227 352 227 353 227 348 28 349 28 350 28 347 28 348 28 353 28 347 228 353 228 354 228 347 229 354 229 346 229 358 230 355 230 356 230 357 231 358 231 356 231 362 232 364 232 361 232 362 233 365 233 364 233 363 234 366 234 365 234 363 235 365 235 362 235 360 236 359 236 366 236 360 237 366 237 363 237 368 238 372 238 371 238 369 239 372 239 368 239 369 240 373 240 372 240 370 241 373 241 369 241 370 242 367 242 373 242 381 243 377 243 376 243 380 244 381 244 376 244 380 245 376 245 375 245 379 246 380 246 375 246 379 247 375 247 374 247 378 248 379 248 374 248 382 249 384 249 383 249 404 250 400 250 399 250 396 251 399 251 398 251 396 252 404 252 399 252 397 253 396 253 398 253 405 254 400 254 404 254 405 255 401 255 400 255 406 256 405 256 404 256 407 257 401 257 405 257 407 258 405 258 406 258 394 259 396 259 395 259 394 260 404 260 396 260 394 261 406 261 404 261 393 262 406 262 394 262 402 263 401 263 407 263 408 264 407 264 406 264 408 265 402 265 407 265 408 266 406 266 393 266 391 267 408 267 393 267 391 268 393 268 392 268 409 269 403 269 402 269 409 270 402 270 408 270 409 271 408 271 391 271 389 272 391 272 390 272 389 273 409 273 391 273 386 274 403 274 409 274 386 275 385 275 403 275 388 276 409 276 389 276 388 277 386 277 409 277 388 278 387 278 386 278 413 279 416 279 412 279 413 280 418 280 416 280 414 281 418 281 413 281 414 282 417 282 418 282 415 283 417 283 414 283 411 284 417 284 415 284 411 285 410 285 417 285 427 286 428 286 423 286 427 287 423 287 422 287 426 288 427 288 422 288 426 289 422 289 421 289 425 290 426 290 421 290 425 291 421 291 420 291 425 292 420 292 419 292 424 293 425 293 419 293 432 294 434 294 429 294 434 295 433 295 431 295 434 296 431 296 430 296 434 297 430 297 429 297 450 298 449 298 442 298 450 299 445 299 449 299 450 300 446 300 445 300 451 301 441 301 440 301 451 302 442 302 441 302 451 303 450 303 442 303 452 304 450 304 451 304 452 305 446 305 450 305 452 306 447 306 446 306 439 307 452 307 451 307 453 308 452 308 439 308 447 309 452 309 453 309 448 310 447 310 453 310 436 311 438 311 437 311 436 312 439 312 438 312 454 313 439 313 436 313 454 314 453 314 439 314 448 315 453 315 454 315 454 316 435 316 443 316 454 317 436 317 435 317 444 318 448 318 454 318 444 319 454 319 443 319 455 320 457 320 456 320 455 321 461 321 457 321 459 322 460 322 461 322 461 323 455 323 458 323 459 324 461 324 458 324 468 325 464 325 463 325 469 326 468 326 463 326 467 327 466 327 469 327 470 328 463 328 462 328 470 329 469 329 463 329 470 330 462 330 465 330 470 331 467 331 469 331 470 332 465 332 467 332 473 333 474 333 472 333 473 334 471 334 474 334 477 335 480 335 475 335 477 336 475 336 476 336 478 337 480 337 477 337 478 338 479 338 480 338 485 339 488 339 487 339 485 340 489 340 488 340 486 341 485 341 487 341 481 342 482 342 484 342 483 343 489 343 485 343 483 344 482 344 489 344 484 345 482 345 483 345 524 346 509 346 506 346 524 347 520 347 509 347 525 348 520 348 524 348 507 349 524 349 506 349 508 350 520 350 525 350 502 351 519 351 504 351 502 352 518 352 519 352 527 353 516 353 529 353 500 354 529 354 499 354 500 355 527 355 528 355 494 356 514 356 496 356 511 357 512 357 523 357 521 358 511 358 523 358 492 359 521 359 522 359 493 360 510 360 511 360 493 361 511 361 492 361 507 362 525 362 526 362 507 363 526 363 524 363 507 364 508 364 525 364 519 365 520 365 508 365 519 366 505 366 504 366 519 367 508 367 505 367 503 368 518 368 502 368 503 369 499 369 518 369 503 370 498 370 499 370 517 371 529 371 516 371 517 372 518 372 499 372 517 373 499 373 529 373 500 374 528 374 529 374 515 375 516 375 527 375 515 376 527 376 500 376 515 377 500 377 501 377 496 378 514 378 515 378 496 379 515 379 501 379 497 380 496 380 501 380 494 381 513 381 514 381 494 382 491 382 513 382 490 383 494 383 495 383 490 384 491 384 494 384 530 385 523 385 512 385 530 386 512 386 513 386 530 387 522 387 523 387 530 388 513 388 491 388 530 389 492 389 522 389 511 390 521 390 492 390 533 391 535 391 534 391 532 392 535 392 533 392 532 393 531 393 535 393 539 394 543 394 542 394 539 395 542 395 538 395 540 396 544 396 543 396 540 397 543 397 539 397 541 398 545 398 544 398 541 399 544 399 540 399 537 400 536 400 545 400 537 401 545 401 541 401 547 402 546 402 549 402 547 403 549 403 548 403 553 404 554 404 552 404 553 405 555 405 554 405 551 406 550 406 555 406 551 407 555 407 553 407 571 408 575 408 572 408 574 409 572 409 575 409 573 410 572 410 574 410 571 411 583 411 575 411 570 412 583 412 571 412 568 413 582 413 583 413 568 414 583 414 570 414 569 415 582 415 568 415 569 416 581 416 582 416 567 417 581 417 569 417 566 418 581 418 567 418 566 419 580 419 581 419 565 420 580 420 566 420 565 421 579 421 580 421 564 422 579 422 565 422 562 423 579 423 564 423 563 424 579 424 562 424 563 425 578 425 579 425 561 426 578 426 563 426 561 427 577 427 578 427 560 428 577 428 561 428 560 429 576 429 577 429 559 430 576 430 560 430 559 431 556 431 576 431 557 432 559 432 558 432 557 433 556 433 559 433 602 434 603 434 601 434 602 435 613 435 603 435 600 436 612 436 613 436 600 437 613 437 602 437 599 438 612 438 600 438 599 439 611 439 612 439 598 440 611 440 599 440 597 441 611 441 598 441 596 442 611 442 597 442 596 443 610 443 611 443 595 444 610 444 596 444 593 445 610 445 595 445 593 446 609 446 610 446 594 447 609 447 593 447 594 448 608 448 609 448 592 449 608 449 594 449 589 450 607 450 608 450 588 451 608 451 592 451 588 452 589 452 608 452 590 453 607 453 589 453 591 454 607 454 590 454 587 455 607 455 591 455 587 456 606 456 607 456 584 457 605 457 606 457 584 458 606 458 587 458 585 459 605 459 584 459 585 460 604 460 605 460 586 461 604 461 585 461 615 462 618 462 614 462 615 463 619 463 618 463 616 464 619 464 615 464 616 465 620 465 619 465 617 466 620 466 616 466 622 467 625 467 621 467 622 468 626 468 625 468 623 469 627 469 626 469 623 470 626 470 622 470 624 471 628 471 627 471 624 472 627 472 623 472 629 473 632 473 631 473 630 474 632 474 629 474 633 475 636 475 635 475 633 476 635 476 634 476 638 477 641 477 640 477 638 478 640 478 637 478 639 479 642 479 641 479 639 480 641 480 638 480 644 481 643 481 646 481 645 482 644 482 646 482 650 483 649 483 648 483 650 484 648 484 647 484 696 485 693 485 694 485 696 22 694 22 695 22 690 22 691 22 692 22 701 486 702 486 703 486 707 22 704 22 705 22 707 487 705 487 706 487 711 22 696 22 697 22 711 22 697 22 698 22 724 488 711 488 723 488 722 489 723 489 711 489 722 22 698 22 699 22 722 490 711 490 698 490 725 491 711 491 724 491 722 22 699 22 700 22 710 492 711 492 725 492 710 493 689 493 690 493 712 22 722 22 700 22 712 494 700 494 701 494 721 22 722 22 712 22 726 22 689 22 710 22 726 22 710 22 725 22 726 495 688 495 689 495 727 22 688 22 726 22 727 496 687 496 688 496 713 497 707 497 651 497 713 498 651 498 652 498 713 499 720 499 721 499 713 500 721 500 712 500 719 22 720 22 713 22 683 22 684 22 685 22 681 22 727 22 728 22 681 501 685 501 686 501 681 502 686 502 687 502 681 22 687 22 727 22 729 503 681 503 728 503 718 22 713 22 652 22 718 504 719 504 713 504 653 22 718 22 652 22 682 22 683 22 685 22 680 22 729 22 730 22 680 22 681 22 729 22 714 22 717 22 718 22 716 505 717 505 714 505 654 22 718 22 653 22 654 506 714 506 718 506 715 507 716 507 714 507 735 22 716 22 715 22 709 508 731 508 732 508 733 509 709 509 732 509 678 22 679 22 677 22 708 22 733 22 734 22 708 22 709 22 733 22 655 22 714 22 654 22 676 22 677 22 680 22 675 510 730 510 731 510 675 22 676 22 680 22 675 511 680 511 730 511 657 22 655 22 656 22 674 512 731 512 709 512 674 513 675 513 731 513 673 22 674 22 709 22 662 22 715 22 661 22 672 22 673 22 709 22 659 22 661 22 658 22 663 514 735 514 715 514 663 22 715 22 662 22 671 515 672 515 709 515 660 22 661 22 659 22 664 516 734 516 735 516 664 22 735 22 663 22 665 517 708 517 734 517 665 22 734 22 664 22 666 22 708 22 665 22 669 518 670 518 671 518 667 22 668 22 666 22 679 22 680 22 677 22 681 519 682 519 685 519 668 22 708 22 666 22 709 22 669 22 671 22 692 22 710 22 690 22 711 520 693 520 696 520 703 521 712 521 701 521 713 522 704 522 707 522 657 523 714 523 655 523 715 22 658 22 661 22 738 524 737 524 744 524 736 525 746 525 745 525 736 526 747 526 746 526 736 527 745 527 744 527 737 528 736 528 744 528 742 529 740 529 739 529 748 530 742 530 739 530 748 531 739 531 738 531 748 532 738 532 744 532 742 533 741 533 740 533 748 534 743 534 742 534 748 535 744 535 743 535 845 536 771 536 772 536 846 28 771 28 845 28 844 537 845 537 772 537 844 538 772 538 773 538 847 28 771 28 846 28 847 539 770 539 771 539 843 540 844 540 773 540 843 28 773 28 774 28 848 28 770 28 847 28 848 541 769 541 770 541 792 542 769 542 848 542 842 543 843 543 774 543 775 28 842 28 774 28 793 28 768 28 769 28 793 28 769 28 792 28 785 28 842 28 775 28 824 544 768 544 793 544 776 28 785 28 775 28 767 28 768 28 824 28 823 545 785 545 776 545 868 28 823 28 776 28 825 546 767 546 824 546 777 28 868 28 776 28 766 28 767 28 825 28 861 28 842 28 785 28 841 547 824 547 793 547 867 28 868 28 777 28 826 548 766 548 825 548 778 549 867 549 777 549 765 28 766 28 826 28 866 550 867 550 778 550 827 551 765 551 826 551 789 552 853 552 854 552 788 28 854 28 855 28 788 553 855 553 856 553 788 554 789 554 854 554 790 28 853 28 789 28 790 555 852 555 853 555 787 556 788 556 856 556 787 557 856 557 857 557 791 558 851 558 852 558 791 28 852 28 790 28 786 28 787 28 857 28 786 559 857 559 858 559 779 560 866 560 778 560 764 561 765 561 827 561 837 562 838 562 794 562 865 563 866 563 779 563 822 28 871 28 872 28 828 28 764 28 827 28 795 564 837 564 794 564 821 565 822 565 872 565 836 28 837 28 795 28 873 566 821 566 872 566 796 567 836 567 795 567 820 28 821 28 873 28 835 28 836 28 796 28 874 568 820 568 873 568 780 569 865 569 779 569 763 570 764 570 828 570 797 571 835 571 796 571 864 572 865 572 780 572 834 573 835 573 797 573 819 28 820 28 874 28 829 28 763 28 828 28 875 574 819 574 874 574 798 575 834 575 797 575 798 28 833 28 834 28 818 576 819 576 875 576 876 28 818 28 875 28 799 577 833 577 798 577 817 578 876 578 877 578 817 579 818 579 876 579 863 580 864 580 780 580 878 581 817 581 877 581 781 582 863 582 780 582 762 28 763 28 829 28 830 583 762 583 829 583 800 584 762 584 830 584 862 585 863 585 781 585 910 586 911 586 802 586 909 587 802 587 803 587 909 588 910 588 802 588 782 589 862 589 781 589 761 590 762 590 800 590 801 28 761 28 800 28 908 28 803 28 804 28 908 591 909 591 803 591 891 28 814 28 890 28 891 28 813 28 814 28 892 28 813 28 891 28 907 592 908 592 804 592 907 28 804 28 805 28 893 28 811 28 812 28 893 593 812 593 813 593 893 594 813 594 892 594 816 595 862 595 782 595 816 596 880 596 862 596 894 597 811 597 893 597 906 28 805 28 806 28 906 598 907 598 805 598 914 599 761 599 801 599 914 600 801 600 913 600 895 601 810 601 811 601 895 28 811 28 894 28 905 602 906 602 806 602 905 603 806 603 807 603 783 604 816 604 782 604 760 605 761 605 914 605 896 606 810 606 895 606 815 28 816 28 783 28 904 607 905 607 807 607 897 28 810 28 896 28 887 608 815 608 783 608 915 609 760 609 914 609 784 28 887 28 783 28 784 28 886 28 887 28 759 610 760 610 915 610 916 28 759 28 915 28 758 611 759 611 916 611 749 612 886 612 784 612 749 28 885 28 886 28 917 613 758 613 916 613 757 28 758 28 917 28 750 28 885 28 749 28 750 614 884 614 885 614 918 615 757 615 917 615 756 616 757 616 918 616 751 617 884 617 750 617 751 28 883 28 884 28 808 28 901 28 900 28 919 618 756 618 918 618 881 619 809 619 899 619 752 28 882 28 883 28 752 28 883 28 751 28 755 620 756 620 919 620 755 28 901 28 808 28 755 621 920 621 901 621 755 622 919 622 920 622 753 623 881 623 882 623 753 28 882 28 752 28 753 624 809 624 881 624 754 625 809 625 753 625 754 626 808 626 809 626 754 627 755 627 808 627 785 628 786 628 860 628 860 28 786 28 859 28 859 28 786 28 858 28 785 629 860 629 861 629 791 28 792 28 849 28 791 630 849 630 850 630 791 631 850 631 851 631 793 632 794 632 840 632 840 633 794 633 839 633 839 634 794 634 838 634 793 635 840 635 841 635 799 636 800 636 831 636 799 637 831 637 832 637 799 638 832 638 833 638 801 639 802 639 912 639 912 640 802 640 911 640 801 641 912 641 913 641 807 642 808 642 902 642 902 28 808 28 900 28 807 643 902 643 903 643 807 644 903 644 904 644 809 645 810 645 898 645 898 646 810 646 897 646 809 647 898 647 899 647 814 648 815 648 888 648 814 649 888 649 889 649 814 650 889 650 890 650 816 651 817 651 879 651 879 28 817 28 878 28 816 652 879 652 880 652 822 28 823 28 869 28 822 28 869 28 870 28 822 653 870 653 871 653 830 654 831 654 800 654 848 28 849 28 792 28 868 28 869 28 823 28 887 655 888 655 815 655 922 656 929 656 925 656 922 657 925 657 921 657 923 658 928 658 929 658 923 659 929 659 922 659 923 660 927 660 928 660 924 661 927 661 923 661 924 662 926 662 927 662 931 663 932 663 930 663 931 663 933 663 932 663 937 664 936 664 935 664 934 665 931 665 937 665 934 666 933 666 931 666 934 667 937 667 935 667 943 668 940 668 938 668 943 669 941 669 940 669 944 670 943 670 938 670 942 671 941 671 943 671 939 672 945 672 944 672 939 673 944 673 938 673 948 674 953 674 952 674 949 675 954 675 953 675 949 676 953 676 948 676 950 677 955 677 954 677 950 678 954 678 949 678 951 679 956 679 955 679 951 680 955 680 950 680 947 681 946 681 956 681 947 682 956 682 951 682 957 683 959 683 960 683 958 684 961 684 959 684 958 685 959 685 957 685 965 686 964 686 963 686 962 687 958 687 965 687 962 688 961 688 958 688 962 689 965 689 963 689 966 690 974 690 973 690 968 691 966 691 973 691 968 692 973 692 972 692 969 693 968 693 972 693 967 694 966 694 968 694 971 695 970 695 969 695 971 696 969 696 972 696 977 697 982 697 981 697 978 698 983 698 982 698 978 699 982 699 977 699 979 700 984 700 983 700 979 701 983 701 978 701 980 702 985 702 984 702 980 703 984 703 979 703 976 704 975 704 985 704 976 705 985 705 980 705 987 706 988 706 986 706 987 707 989 707 988 707 993 708 992 708 991 708 990 709 987 709 993 709 990 710 989 710 987 710 990 711 993 711 991 711 994 712 1002 712 1001 712 996 713 994 713 1001 713 996 714 1001 714 1000 714 997 715 996 715 1000 715 995 716 994 716 996 716 999 717 998 717 997 717 999 718 997 718 1000 718 1003 719 1007 719 1006 719 1004 720 1007 720 1003 720 1003 721 1006 721 1005 721 1009 722 1010 722 1008 722 1009 723 1011 723 1010 723 1015 724 1014 724 1013 724 1012 725 1009 725 1015 725 1012 726 1011 726 1009 726 1012 727 1015 727 1013 727 1016 728 1024 728 1023 728 1018 729 1016 729 1023 729 1018 730 1023 730 1022 730 1019 731 1018 731 1022 731 1017 732 1016 732 1018 732 1021 733 1020 733 1019 733 1021 734 1019 734 1022 734 1025 735 1030 735 1029 735 1026 736 1031 736 1030 736 1026 737 1030 737 1025 737 1027 738 1032 738 1031 738 1027 739 1031 739 1026 739 1028 740 1033 740 1032 740 1028 741 1032 741 1027 741 1035 742 1036 742 1034 742 1035 743 1037 743 1036 743 1041 744 1040 744 1039 744 1038 745 1035 745 1041 745 1038 746 1037 746 1035 746 1038 747 1041 747 1039 747 1042 748 1050 748 1049 748 1044 749 1042 749 1049 749 1044 750 1049 750 1048 750 1045 751 1044 751 1048 751 1043 752 1042 752 1044 752 1047 753 1046 753 1045 753 1047 754 1045 754 1048 754 1053 755 1052 755 1051 755 1053 756 1051 756 1056 756 1055 757 1054 757 1053 757 1055 758 1053 758 1056 758 1062 759 1057 759 1058 759 1060 760 1059 760 1057 760 1061 761 1060 761 1057 761 1061 762 1057 762 1062 762 1066 763 1063 763 1064 763 1066 764 1064 764 1065 764 1069 765 1068 765 1067 765 1069 766 1067 766 1072 766 1071 767 1070 767 1069 767 1071 768 1069 768 1072 768 1078 769 1073 769 1074 769 1076 770 1075 770 1073 770 1077 771 1076 771 1073 771 1077 772 1073 772 1078 772 1082 28 1079 28 1080 28 1082 28 1080 28 1081 28 1085 773 1084 773 1083 773 1085 774 1083 774 1088 774 1087 775 1086 775 1085 775 1087 776 1085 776 1088 776 1094 777 1089 777 1090 777 1092 778 1091 778 1089 778 1093 779 1092 779 1089 779 1093 780 1089 780 1094 780 1098 781 1096 781 1097 781 1095 782 1096 782 1098 782 1101 783 1100 783 1099 783 1101 784 1099 784 1104 784 1103 785 1102 785 1101 785 1103 786 1101 786 1104 786 1106 787 1108 787 1107 787 1105 788 1109 788 1108 788 1105 789 1108 789 1106 789 1110 790 1109 790 1105 790 1112 791 1114 791 1111 791 1112 28 1113 28 1114 28 1116 792 1117 792 1115 792 1118 793 1117 793 1116 793 1120 794 1119 794 1118 794 1120 795 1118 795 1116 795 1126 796 1121 796 1122 796 1124 797 1123 797 1121 797 1125 798 1124 798 1121 798 1125 799 1121 799 1126 799 1128 800 1130 800 1127 800 1129 28 1130 28 1128 28 1132 801 1135 801 1131 801 1132 802 1136 802 1135 802 1133 803 1137 803 1136 803 1133 804 1136 804 1132 804 1134 805 1137 805 1133 805 1151 806 1160 806 1153 806 1152 807 1151 807 1153 807 1150 808 1160 808 1149 808 1163 809 1158 809 1159 809 1161 810 1158 810 1163 810 1147 811 1162 811 1163 811 1143 812 1156 812 1157 812 1139 813 1154 813 1155 813 1140 814 1154 814 1139 814 1141 815 1156 815 1143 815 1149 816 1160 816 1151 816 1159 817 1160 817 1150 817 1146 818 1150 818 1145 818 1146 819 1147 819 1159 819 1146 820 1159 820 1150 820 1159 821 1147 821 1163 821 1148 822 1161 822 1162 822 1148 823 1158 823 1161 823 1148 824 1162 824 1147 824 1157 825 1158 825 1148 825 1157 826 1144 826 1143 826 1148 827 1144 827 1157 827 1155 828 1141 828 1142 828 1155 829 1156 829 1141 829 1139 830 1155 830 1142 830 1139 831 1142 831 1138 831 1167 832 1166 832 1165 832 1164 833 1167 833 1165 833 1170 834 1169 834 1168 834 1170 835 1168 835 1171 835 1175 836 1174 836 1173 836 1172 837 1175 837 1173 837 1178 838 1177 838 1176 838 1178 839 1176 839 1179 839 1183 840 1182 840 1181 840 1180 841 1183 841 1181 841 1186 842 1185 842 1184 842 1186 843 1184 843 1187 843 1191 844 1190 844 1189 844 1188 845 1191 845 1189 845 1194 846 1193 846 1192 846 1194 847 1192 847 1195 847 1199 848 1198 848 1197 848 1196 849 1199 849 1197 849 1202 850 1201 850 1200 850 1202 851 1200 851 1203 851 1204 852 1206 852 1207 852 1205 853 1204 853 1207 853 1208 28 1211 28 1209 28 1210 854 1211 854 1208 854 1212 855 1214 855 1215 855 1213 856 1212 856 1215 856 1216 28 1219 28 1217 28 1216 857 1218 857 1219 857 1220 858 1222 858 1223 858 1221 859 1220 859 1223 859 1224 28 1226 28 1227 28 1225 860 1224 860 1227 860 1228 861 1230 861 1231 861 1229 862 1228 862 1231 862 1235 863 1233 863 1232 863 1234 28 1235 28 1232 28 1236 864 1238 864 1239 864 1237 865 1236 865 1239 865 1243 28 1240 28 1242 28 1243 28 1241 28 1240 28 1247 28 1277 28 1244 28 1245 28 1248 28 1259 28 1258 866 1245 866 1259 866 1280 867 1247 867 1246 867 1281 28 1280 28 1246 28 1281 868 1246 868 1245 868 1282 28 1281 28 1245 28 1279 28 1247 28 1280 28 1279 869 1277 869 1247 869 1282 870 1245 870 1258 870 1278 871 1277 871 1279 871 1278 872 1260 872 1277 872 1283 28 1258 28 1257 28 1283 28 1282 28 1258 28 1283 28 1257 28 1256 28 1293 873 1261 873 1260 873 1293 28 1260 28 1278 28 1284 28 1256 28 1255 28 1284 874 1283 874 1256 874 1293 28 1262 28 1261 28 1284 28 1255 28 1254 28 1293 875 1263 875 1262 875 1285 28 1284 28 1254 28 1264 28 1263 28 1293 28 1264 876 1293 876 1292 876 1253 877 1285 877 1254 877 1265 28 1264 28 1292 28 1252 28 1285 28 1253 28 1252 878 1286 878 1285 878 1266 879 1265 879 1292 879 1266 880 1292 880 1291 880 1251 28 1286 28 1252 28 1267 881 1266 881 1291 881 1250 28 1286 28 1251 28 1250 882 1287 882 1286 882 1268 883 1267 883 1291 883 1268 884 1291 884 1290 884 1249 28 1287 28 1250 28 1269 885 1268 885 1290 885 1276 886 1288 886 1287 886 1276 28 1287 28 1249 28 1270 28 1269 28 1290 28 1275 28 1288 28 1276 28 1271 28 1270 28 1290 28 1271 28 1290 28 1289 28 1274 887 1288 887 1275 887 1274 888 1289 888 1288 888 1272 28 1271 28 1289 28 1273 28 1289 28 1274 28 1273 28 1272 28 1289 28 1295 889 1294 889 1297 889 1295 890 1297 890 1299 890 1296 891 1299 891 1298 891 1296 892 1295 892 1299 892 1310 893 1303 893 1309 893 1304 894 1310 894 1311 894 1304 895 1303 895 1310 895 1312 896 1304 896 1311 896 1305 897 1304 897 1312 897 1313 898 1305 898 1312 898 1306 899 1305 899 1313 899 1317 900 1313 900 1314 900 1317 901 1306 901 1313 901 1317 902 1307 902 1306 902 1315 903 1317 903 1314 903 1307 904 1317 904 1315 904 1308 905 1315 905 1316 905 1308 906 1307 906 1315 906 1308 907 1316 907 1300 907 1308 908 1300 908 1302 908 1319 909 1318 909 1322 909 1319 910 1322 910 1321 910 1320 911 1319 911 1321 911 1344 912 1324 912 1337 912 1344 913 1323 913 1324 913 1344 914 1339 914 1323 914 1335 915 1337 915 1336 915 1345 916 1337 916 1335 916 1345 917 1344 917 1337 917 1339 918 1344 918 1345 918 1334 919 1345 919 1335 919 1340 920 1339 920 1345 920 1346 921 1334 921 1333 921 1346 922 1345 922 1334 922 1346 923 1340 923 1345 923 1346 924 1341 924 1340 924 1332 925 1346 925 1333 925 1341 926 1346 926 1332 926 1347 927 1332 927 1331 927 1347 928 1341 928 1332 928 1342 929 1341 929 1347 929 1329 930 1331 930 1330 930 1347 931 1331 931 1329 931 1329 932 1328 932 1327 932 1343 933 1342 933 1347 933 1326 934 1329 934 1327 934 1348 935 1347 935 1329 935 1348 936 1329 936 1326 936 1348 937 1343 937 1347 937 1348 938 1326 938 1325 938 1348 939 1325 939 1338 939 1343 940 1348 940 1338 940 1351 941 1352 941 1354 941 1349 942 1354 942 1353 942 1349 943 1351 943 1354 943 1350 944 1349 944 1353 944 1366 945 1358 945 1361 945 1366 946 1361 946 1365 946 1359 947 1358 947 1366 947 1367 948 1365 948 1364 948 1367 949 1366 949 1365 949 1359 950 1366 950 1367 950 1368 951 1364 951 1363 951 1368 952 1367 952 1364 952 1360 953 1367 953 1368 953 1360 954 1359 954 1367 954 1368 955 1370 955 1360 955 1369 956 1368 956 1363 956 1369 957 1363 957 1362 957 1370 958 1368 958 1369 958 1371 959 1362 959 1355 959 1371 960 1369 960 1362 960 1356 961 1369 961 1371 961 1356 962 1370 962 1369 962 1357 963 1370 963 1356 963 1373 964 1374 964 1376 964 1373 965 1376 965 1375 965 1372 966 1373 966 1375 966 1386 967 1380 967 1381 967 1387 968 1386 968 1384 968 1388 969 1386 969 1387 969 1387 970 1384 970 1385 970 1388 971 1377 971 1378 971 1388 972 1382 972 1377 972 1383 973 1382 973 1388 973 1388 974 1380 974 1386 974 1388 975 1379 975 1380 975 1388 976 1378 976 1379 976 1387 977 1385 977 1383 977 1387 978 1383 978 1388 978 1392 979 1390 979 1389 979 1394 980 1392 980 1393 980 1395 981 1390 981 1392 981 1395 982 1392 982 1394 982 1397 983 1390 983 1395 983 1397 984 1391 984 1390 984 1397 985 1395 985 1396 985 1397 986 1396 986 1391 986 1399 987 1401 987 1400 987 1399 988 1400 988 1398 988 1403 989 1402 989 1406 989 1403 990 1406 990 1405 990 1404 991 1403 991 1405 991 1420 992 1408 992 1421 992 1428 993 1408 993 1420 993 1423 994 1408 994 1428 994 1423 995 1407 995 1408 995 1419 996 1428 996 1420 996 1424 997 1423 997 1428 997 1429 998 1428 998 1419 998 1424 999 1428 999 1429 999 1417 1000 1419 1000 1418 1000 1429 1001 1419 1001 1417 1001 1430 1002 1424 1002 1429 1002 1430 1003 1425 1003 1424 1003 1416 1004 1429 1004 1417 1004 1430 1005 1429 1005 1416 1005 1414 1006 1416 1006 1415 1006 1414 1007 1430 1007 1416 1007 1431 1008 1430 1008 1414 1008 1426 1009 1425 1009 1430 1009 1426 1010 1430 1010 1431 1010 1412 1011 1414 1011 1413 1011 1432 1012 1414 1012 1412 1012 1432 1013 1431 1013 1414 1013 1427 1014 1431 1014 1432 1014 1427 1015 1426 1015 1431 1015 1432 1016 1412 1016 1411 1016 1433 1017 1427 1017 1432 1017 1432 1018 1410 1018 1409 1018 1432 1019 1411 1019 1410 1019 1433 1020 1432 1020 1409 1020 1433 1021 1409 1021 1422 1021 1427 1022 1433 1022 1422 1022 1445 1023 1434 1023 1439 1023 1445 1024 1435 1024 1434 1024 1442 1025 1435 1025 1445 1025 1438 1026 1445 1026 1439 1026 1443 1027 1442 1027 1445 1027 1443 1028 1445 1028 1438 1028 1444 1029 1438 1029 1437 1029 1444 1030 1443 1030 1438 1030 1440 1031 1437 1031 1436 1031 1440 1032 1444 1032 1437 1032 1441 1033 1444 1033 1440 1033 1447 1034 1448 1034 1449 1034 1446 1035 1449 1035 1450 1035 1446 1036 1447 1036 1449 1036 1452 1037 1451 1037 1455 1037 1452 1038 1455 1038 1454 1038 1453 1039 1452 1039 1454 1039 1478 1040 1457 1040 1470 1040 1478 1041 1456 1041 1457 1041 1478 1042 1473 1042 1456 1042 1479 1043 1469 1043 1468 1043 1479 1044 1470 1044 1469 1044 1479 1045 1478 1045 1470 1045 1473 1046 1478 1046 1479 1046 1479 1047 1468 1047 1467 1047 1474 1048 1473 1048 1479 1048 1466 1049 1479 1049 1467 1049 1480 1050 1479 1050 1466 1050 1480 1051 1474 1051 1479 1051 1480 1052 1466 1052 1465 1052 1475 1053 1474 1053 1480 1053 1481 1054 1480 1054 1465 1054 1481 1055 1475 1055 1480 1055 1463 1056 1465 1056 1464 1056 1481 1057 1465 1057 1463 1057 1476 1058 1475 1058 1481 1058 1482 1059 1481 1059 1463 1059 1482 1060 1463 1060 1462 1060 1482 1061 1476 1061 1481 1061 1477 1062 1476 1062 1482 1062 1460 1063 1462 1063 1461 1063 1460 1064 1482 1064 1462 1064 1483 1065 1482 1065 1460 1065 1477 1066 1482 1066 1483 1066 1460 1067 1459 1067 1458 1067 1460 1068 1458 1068 1472 1068 1483 1069 1460 1069 1472 1069 1471 1070 1483 1070 1472 1070 1471 1071 1477 1071 1483 1071 1491 1072 1497 1072 1492 1072 1498 1073 1492 1073 1497 1073 1498 1074 1487 1074 1492 1074 1498 1075 1488 1075 1487 1075 1498 1076 1497 1076 1496 1076 1499 1077 1498 1077 1496 1077 1499 1078 1488 1078 1498 1078 1499 1079 1489 1079 1488 1079 1499 1080 1496 1080 1495 1080 1500 1081 1499 1081 1495 1081 1489 1082 1499 1082 1500 1082 1500 1083 1495 1083 1494 1083 1501 1084 1489 1084 1500 1084 1502 1085 1494 1085 1493 1085 1502 1086 1500 1086 1494 1086 1502 1087 1501 1087 1500 1087 1490 1088 1501 1088 1502 1088 1502 1089 1486 1089 1490 1089 1484 1090 1502 1090 1493 1090 1485 1091 1502 1091 1484 1091 1486 1092 1502 1092 1485 1092 1504 1093 1505 1093 1506 1093 1503 1094 1504 1094 1506 1094 1503 1095 1506 1095 1507 1095 1509 1096 1508 1096 1512 1096 1509 1097 1512 1097 1511 1097 1510 1098 1509 1098 1511 1098 1532 1099 1513 1099 1526 1099 1532 1100 1514 1100 1513 1100 1532 1101 1529 1101 1514 1101 1524 1102 1526 1102 1525 1102 1532 1103 1526 1103 1524 1103 1522 1104 1524 1104 1523 1104 1533 1105 1532 1105 1524 1105 1533 1106 1529 1106 1532 1106 1530 1107 1529 1107 1533 1107 1533 1108 1524 1108 1522 1108 1520 1109 1522 1109 1521 1109 1520 1110 1533 1110 1522 1110 1533 1111 1531 1111 1530 1111 1534 1112 1533 1112 1520 1112 1534 1113 1531 1113 1533 1113 1534 1114 1520 1114 1519 1114 1517 1115 1519 1115 1518 1115 1535 1116 1531 1116 1534 1116 1517 1117 1534 1117 1519 1117 1535 1118 1534 1118 1517 1118 1517 1119 1516 1119 1515 1119 1535 1120 1527 1120 1531 1120 1535 1121 1515 1121 1528 1121 1535 1122 1517 1122 1515 1122 1535 1123 1528 1123 1527 1123 1545 1124 1544 1124 1550 1124 1551 1125 1545 1125 1550 1125 1551 1126 1539 1126 1545 1126 1551 1127 1540 1127 1539 1127 1551 1128 1550 1128 1549 1128 1552 1129 1551 1129 1549 1129 1552 1130 1541 1130 1540 1130 1552 1131 1540 1131 1551 1131 1552 1132 1549 1132 1548 1132 1552 1133 1542 1133 1541 1133 1553 1134 1548 1134 1547 1134 1553 1135 1552 1135 1548 1135 1542 1136 1552 1136 1553 1136 1553 1137 1543 1137 1542 1137 1554 1138 1547 1138 1546 1138 1554 1139 1553 1139 1547 1139 1543 1140 1553 1140 1554 1140 1554 1141 1538 1141 1543 1141 1536 1142 1554 1142 1546 1142 1537 1143 1554 1143 1536 1143 1538 1144 1554 1144 1537 1144 1556 1145 1557 1145 1558 1145 1555 1146 1558 1146 1559 1146 1555 1147 1556 1147 1558 1147 1561 1148 1560 1148 1564 1148 1561 1149 1564 1149 1563 1149 1562 1150 1561 1150 1563 1150 1573 1151 1566 1151 1565 1151 1573 1152 1572 1152 1566 1152 1574 1153 1565 1153 1569 1153 1573 1154 1565 1154 1574 1154 1567 1155 1569 1155 1568 1155 1572 1156 1573 1156 1574 1156 1574 1157 1569 1157 1567 1157 1574 1158 1567 1158 1571 1158 1574 1159 1571 1159 1570 1159 1572 1160 1574 1160 1570 1160 1582 1161 1581 1161 1587 1161 1588 1162 1582 1162 1587 1162 1588 1163 1578 1163 1582 1163 1579 1164 1578 1164 1588 1164 1588 1165 1587 1165 1586 1165 1589 1166 1588 1166 1586 1166 1589 1167 1579 1167 1588 1167 1580 1168 1579 1168 1589 1168 1589 1169 1586 1169 1585 1169 1590 1170 1589 1170 1585 1170 1590 1171 1585 1171 1584 1171 1590 1172 1580 1172 1589 1172 1591 1173 1580 1173 1590 1173 1590 1174 1584 1174 1583 1174 1592 1175 1591 1175 1590 1175 1575 1176 1590 1176 1583 1176 1576 1177 1590 1177 1575 1177 1576 1178 1592 1178 1590 1178 1577 1179 1592 1179 1576 1179 1594 1180 1595 1180 1596 1180 1593 1181 1596 1181 1597 1181 1593 1182 1594 1182 1596 1182 1599 1183 1601 1183 1603 1183 1599 1184 1598 1184 1601 1184 1599 1185 1603 1185 1602 1185 1600 1186 1599 1186 1602 1186 1606 1187 1607 1187 1609 1187 1605 1188 1606 1188 1609 1188 1605 1189 1609 1189 1608 1189 1604 1190 1605 1190 1608 1190 1612 1191 1613 1191 1614 1191 1611 1192 1612 1192 1614 1192 1611 1193 1614 1193 1615 1193 1610 1194 1611 1194 1615 1194 1620 1195 1617 1195 1621 1195 1620 1196 1616 1196 1617 1196 1624 1197 1616 1197 1620 1197 1625 1198 1624 1198 1620 1198 1625 1199 1620 1199 1619 1199 1618 1200 1625 1200 1619 1200 1618 1201 1626 1201 1625 1201 1627 1202 1626 1202 1618 1202 1623 1203 1627 1203 1618 1203 1622 1204 1627 1204 1623 1204 1636 1205 1629 1205 1628 1205 1636 1206 1628 1206 1632 1206 1636 1207 1634 1207 1629 1207 1635 1208 1634 1208 1636 1208 1633 1209 1631 1209 1630 1209 1633 1210 1636 1210 1631 1210 1633 1211 1635 1211 1636 1211 1637 1212 1639 1212 1641 1212 1637 1213 1638 1213 1639 1213 1637 1214 1641 1214 1640 1214 1642 1215 1637 1215 1640 1215 1647 1216 1646 1216 1648 1216 1647 1217 1648 1217 1644 1217 1645 1218 1647 1218 1644 1218 1645 1219 1644 1219 1643 1219 1650 1220 1652 1220 1654 1220 1650 1221 1651 1221 1652 1221 1649 1222 1654 1222 1653 1222 1649 1223 1650 1223 1654 1223 1659 1224 1655 1224 1656 1224 1660 1225 1659 1225 1656 1225 1658 1226 1656 1226 1657 1226 1658 1227 1660 1227 1656 1227 1663 1228 1664 1228 1666 1228 1662 1229 1663 1229 1666 1229 1662 1230 1666 1230 1665 1230 1661 1231 1662 1231 1665 1231 1669 1232 1670 1232 1671 1232 1668 1233 1669 1233 1671 1233 1668 1234 1671 1234 1672 1234 1667 1235 1668 1235 1672 1235 1679 1236 1673 1236 1674 1236 1679 1237 1681 1237 1673 1237 1678 1238 1681 1238 1679 1238 1678 1239 1682 1239 1681 1239 1677 1240 1682 1240 1678 1240 1677 1241 1683 1241 1682 1241 1676 1242 1683 1242 1677 1242 1675 1243 1683 1243 1676 1243 1680 1244 1683 1244 1675 1244 1693 1245 1690 1245 1694 1245 1693 1246 1686 1246 1690 1246 1693 1247 1687 1247 1686 1247 1688 1248 1687 1248 1693 1248 1688 1249 1693 1249 1692 1249 1689 1250 1688 1250 1692 1250 1684 1251 1692 1251 1691 1251 1684 1252 1689 1252 1692 1252 1685 1253 1689 1253 1684 1253 1695 1254 1697 1254 1699 1254 1695 1255 1696 1255 1697 1255 1695 1256 1699 1256 1698 1256 1700 1257 1695 1257 1698 1257 1705 1258 1704 1258 1706 1258 1705 1259 1706 1259 1702 1259 1703 1260 1705 1260 1702 1260 1703 1261 1702 1261 1701 1261 1708 1262 1710 1262 1712 1262 1708 1263 1709 1263 1710 1263 1708 1264 1712 1264 1711 1264 1707 1265 1708 1265 1711 1265 1718 1266 1713 1266 1714 1266 1718 1267 1717 1267 1713 1267 1716 1268 1714 1268 1715 1268 1716 1269 1718 1269 1714 1269 1722 1270 1724 1270 1720 1270 1722 1271 1723 1271 1724 1271 1722 1272 1720 1272 1719 1272 1721 1273 1722 1273 1719 1273 1728 1274 1729 1274 1730 1274 1725 1275 1728 1275 1730 1275 1726 1276 1725 1276 1730 1276 1726 1277 1730 1277 1731 1277 1727 1278 1726 1278 1731 1278 1733 1279 1738 1279 1743 1279 1733 1280 1732 1280 1738 1280 1742 1281 1734 1281 1733 1281 1742 1282 1733 1282 1743 1282 1735 1283 1734 1283 1742 1283 1735 1284 1742 1284 1741 1284 1735 1285 1741 1285 1740 1285 1736 1286 1735 1286 1740 1286 1736 1287 1740 1287 1739 1287 1737 1288 1736 1288 1739 1288 1767 1289 1746 1289 1747 1289 1768 1290 1767 1290 1747 1290 1766 1291 1745 1291 1746 1291 1766 1292 1746 1292 1767 1292 1768 22 1747 22 1748 22 1769 22 1768 22 1748 22 1765 22 1744 22 1745 22 1765 22 1745 22 1766 22 1769 1293 1748 1293 1749 1293 1770 1294 1749 1294 1750 1294 1770 1295 1769 1295 1749 1295 1765 22 1764 22 1744 22 1770 1296 1750 1296 1751 1296 1780 1297 1764 1297 1765 1297 1771 1298 1770 1298 1751 1298 1780 1299 1763 1299 1764 1299 1771 1300 1751 1300 1752 1300 1752 1301 1772 1301 1771 1301 1762 1302 1763 1302 1780 1302 1762 1303 1780 1303 1779 1303 1753 22 1772 22 1752 22 1761 1304 1762 1304 1779 1304 1761 1305 1779 1305 1778 1305 1754 1306 1773 1306 1772 1306 1754 22 1772 22 1753 22 1760 22 1778 22 1777 22 1760 22 1761 22 1778 22 1755 1307 1773 1307 1754 1307 1759 22 1760 22 1777 22 1756 22 1774 22 1773 22 1756 1308 1773 1308 1755 1308 1759 1309 1777 1309 1776 1309 1758 22 1759 22 1776 22 1757 1310 1774 1310 1756 1310 1757 1311 1775 1311 1774 1311 1758 1312 1775 1312 1757 1312 1758 22 1776 22 1775 22 1790 1313 1781 1313 1786 1313 1790 1314 1786 1314 1785 1314 1790 1315 1785 1315 1784 1315 1789 1316 1790 1316 1784 1316 1789 1317 1784 1317 1783 1317 1788 1318 1789 1318 1783 1318 1788 1319 1783 1319 1782 1319 1787 1320 1788 1320 1782 1320 1792 1321 1795 1321 1791 1321 1792 1322 1797 1322 1795 1322 1793 1323 1797 1323 1792 1323 1794 1324 1796 1324 1797 1324 1794 1325 1797 1325 1793 1325 1800 22 1811 22 1810 22 1800 22 1812 22 1811 22 1800 22 1798 22 1812 22 1800 1326 1799 1326 1798 1326 1802 22 1810 22 1809 22 1802 1327 1800 1327 1810 1327 1802 1328 1801 1328 1800 1328 1803 1329 1805 1329 1804 1329 1803 22 1808 22 1807 22 1803 22 1809 22 1808 22 1803 1330 1802 1330 1809 1330 1803 1331 1807 1331 1806 1331 1803 1332 1806 1332 1805 1332 1832 1333 1823 1333 1822 1333 1832 1334 1824 1334 1823 1334 1820 1335 1832 1335 1822 1335 1820 1336 1822 1336 1821 1336 1833 1337 1825 1337 1824 1337 1833 1338 1824 1338 1832 1338 1818 1339 1833 1339 1832 1339 1818 1340 1832 1340 1820 1340 1818 1341 1820 1341 1819 1341 1834 1342 1826 1342 1825 1342 1834 1343 1825 1343 1833 1343 1834 1344 1833 1344 1818 1344 1835 1345 1826 1345 1834 1345 1818 1346 1836 1346 1834 1346 1835 1347 1834 1347 1836 1347 1817 1348 1836 1348 1818 1348 1835 1349 1827 1349 1826 1349 1837 1350 1827 1350 1835 1350 1816 1351 1835 1351 1836 1351 1837 1352 1835 1352 1816 1352 1838 1353 1827 1353 1837 1353 1815 1354 1837 1354 1816 1354 1838 1355 1828 1355 1827 1355 1815 1356 1838 1356 1837 1356 1814 1357 1838 1357 1815 1357 1830 1358 1829 1358 1828 1358 1830 1359 1828 1359 1838 1359 1831 1360 1830 1360 1838 1360 1813 1361 1831 1361 1838 1361 1813 1362 1838 1362 1814 1362 1842 1363 1839 1363 1840 1363 1842 1364 1841 1364 1839 1364 1844 1365 1845 1365 1843 1365 1846 1366 1845 1366 1844 1366 1850 1367 1847 1367 1848 1367 1850 1368 1849 1368 1847 1368 1854 1369 1851 1369 1852 1369 1854 1370 1853 1370 1851 1370 1858 1371 1855 1371 1856 1371 1858 22 1857 22 1855 22 1863 1372 1859 1372 1860 1372 1863 1373 1861 1373 1859 1373 1862 1374 1861 1374 1863 1374 1864 1375 1862 1375 1863 1375 1869 1376 1865 1376 1868 1376 1869 1377 1866 1377 1865 1377 1867 1378 1866 1378 1869 1378 1874 1379 1870 1379 1873 1379 1871 1380 1870 1380 1874 1380 1872 1381 1871 1381 1874 1381 1878 1382 1875 1382 1876 1382 1878 1383 1877 1383 1875 1383 1881 1384 1879 1384 1880 1384 1881 1385 1880 1385 1882 1385 1886 1386 1883 1386 1884 1386 1886 1387 1885 1387 1883 1387 1890 1388 1887 1388 1888 1388 1890 1389 1889 1389 1887 1389 1894 1390 1891 1390 1892 1390 1894 1391 1893 1391 1891 1391 1898 1392 1895 1392 1896 1392 1898 1393 1897 1393 1895 1393 1901 1394 1899 1394 1900 1394 1901 22 1900 22 1902 22 1906 1395 1903 1395 1904 1395 1906 1396 1905 1396 1903 1396 1910 1397 1907 1397 1908 1397 1910 1398 1909 1398 1907 1398 1914 1399 1911 1399 1912 1399 1914 1400 1913 1400 1911 1400 1918 1401 1915 1401 1916 1401 1918 1402 1917 1402 1915 1402 1919 1403 1922 1403 1921 1403 1919 22 1920 22 1922 22 1926 1404 1923 1404 1924 1404 1926 1405 1925 1405 1923 1405 1930 1406 1927 1406 1928 1406 1930 1407 1929 1407 1927 1407 1934 1408 1931 1408 1932 1408 1934 1408 1933 1408 1931 1408 1938 1409 1935 1409 1936 1409 1938 1410 1937 1410 1935 1410 1940 1411 1941 1411 1939 1411 1940 1412 1942 1412 1941 1412 1943 1413 1945 1413 1944 1413 1948 1414 1950 1414 1949 1414 1951 1415 1952 1415 1953 1415 1958 1416 1960 1416 1959 1416 1970 1417 1963 1417 1966 1417 1969 1418 1970 1418 1966 1418 1968 1419 1969 1419 1966 1419 1968 1420 1966 1420 1965 1420 1967 1421 1968 1421 1965 1421 1967 1422 1965 1422 1964 1422 1979 1423 1977 1423 1978 1423 1984 28 1985 28 1986 28 1980 28 1977 28 1979 28 1981 1424 1976 1424 1977 1424 1981 28 1977 28 1980 28 1983 1425 1971 1425 1972 1425 1983 1426 1986 1426 1971 1426 1983 28 1984 28 1986 28 1982 1427 1973 1427 1974 1427 1982 1428 1974 1428 1975 1428 1982 1429 1975 1429 1976 1429 1982 1430 1972 1430 1973 1430 1982 28 1976 28 1981 28 1982 28 1983 28 1972 28 1993 1431 1988 1431 1987 1431 1993 1432 1987 1432 1989 1432 1990 1433 1993 1433 1989 1433 1992 1434 1993 1434 1990 1434 1992 1435 1990 1435 1991 1435 1998 1436 1995 1436 1994 1436 1998 1437 1994 1437 1996 1437 1997 1438 1998 1438 1996 1438 2004 1439 2005 1439 2000 1439 2003 1440 2000 1440 1999 1440 2003 1441 2004 1441 2000 1441 2002 1442 1999 1442 2001 1442 2002 1443 2003 1443 1999 1443 2007 1444 2006 1444 2008 1444 2014 1445 2007 1445 2008 1445 2015 1446 2014 1446 2009 1446 2010 1447 2015 1447 2009 1447 2013 1448 2011 1448 2012 1448 2013 1449 2010 1449 2011 1449 2008 1450 2009 1450 2014 1450 2020 1451 2025 1451 2026 1451 2019 28 2024 28 2025 28 2019 28 2025 28 2020 28 2021 28 2026 28 2027 28 2021 1452 2020 1452 2026 1452 2019 1453 2023 1453 2024 1453 2021 28 2027 28 2028 28 2018 1454 2022 1454 2023 1454 2018 1455 2023 1455 2019 1455 2017 1456 2028 1456 2016 1456 2017 1457 2021 1457 2028 1457 2030 1458 2034 1458 2029 1458 2039 1459 2035 1459 2034 1459 2039 1460 2034 1460 2040 1460 2038 1461 2036 1461 2035 1461 2038 1462 2035 1462 2039 1462 2037 1463 2036 1463 2038 1463 2046 1464 2036 1464 2037 1464 2031 1465 2042 1465 2030 1465 2031 1466 2043 1466 2042 1466 2031 1467 2044 1467 2043 1467 2032 1468 2045 1468 2044 1468 2032 1469 2044 1469 2031 1469 2034 1470 2030 1470 2042 1470 2034 1471 2041 1471 2040 1471 2034 1472 2042 1472 2041 1472 2033 1473 2036 1473 2046 1473 2033 1474 2046 1474 2045 1474 2033 1475 2045 1475 2032 1475 2048 1476 2049 1476 2050 1476 2048 28 2050 28 2051 28 2048 28 2051 28 2052 28 2048 1477 2052 1477 2053 1477 2048 1478 2053 1478 2054 1478 2048 1479 2054 1479 2055 1479 2048 1480 2055 1480 2047 1480 2057 1481 2060 1481 2056 1481 2057 1482 2061 1482 2060 1482 2058 1483 2061 1483 2057 1483 2058 1484 2062 1484 2061 1484 2059 1485 2062 1485 2058 1485 2063 1486 2066 1486 2065 1486 2064 1487 2066 1487 2063 1487 2071 28 2072 28 2073 28 2074 1488 2071 1488 2073 1488 2070 1489 2071 1489 2074 1489 2075 1490 2070 1490 2074 1490 2069 28 2070 28 2075 28 2076 28 2069 28 2075 28 2068 28 2069 28 2076 28 2077 1491 2068 1491 2076 1491 2067 1492 2077 1492 2078 1492 2067 1493 2068 1493 2077 1493 2081 22 2079 22 2090 22 2081 22 2080 22 2079 22 2082 1494 2090 1494 2089 1494 2082 1495 2081 1495 2090 1495 2083 1496 2089 1496 2088 1496 2083 1497 2082 1497 2089 1497 2084 1498 2088 1498 2087 1498 2084 1499 2083 1499 2088 1499 2085 22 2084 22 2087 22 2086 22 2085 22 2087 22 2096 1500 2097 1500 2098 1500 2096 28 2098 28 2099 28 2095 1501 2099 1501 2100 1501 2095 1502 2096 1502 2099 1502 2094 28 2100 28 2101 28 2094 1503 2095 1503 2100 1503 2093 1504 2101 1504 2102 1504 2093 1505 2094 1505 2101 1505 2091 28 2102 28 2103 28 2091 28 2103 28 2104 28 2091 28 2093 28 2102 28 2091 28 2104 28 2092 28 2118 1506 2106 1506 2105 1506 2118 1507 2107 1507 2106 1507 2117 22 2108 22 2107 22 2117 1508 2107 1508 2118 1508 2116 1509 2109 1509 2108 1509 2116 1510 2108 1510 2117 1510 2115 22 2110 22 2109 22 2115 22 2109 22 2116 22 2113 22 2111 22 2110 22 2113 22 2112 22 2111 22 2113 22 2110 22 2115 22 2113 22 2114 22 2112 22 2124 1511 2121 1511 2119 1511 2124 1512 2119 1512 2120 1512 2123 1513 2122 1513 2121 1513 2123 1514 2121 1514 2124 1514 2131 1515 2125 1515 2126 1515 2131 1516 2127 1516 2125 1516 2131 1517 2128 1517 2127 1517 2132 1518 2128 1518 2131 1518 2132 1519 2129 1519 2128 1519 2130 1520 2129 1520 2132 1520 2134 28 2145 28 2133 28 2144 28 2145 28 2134 28 2135 28 2144 28 2134 28 2143 28 2144 28 2135 28 2136 1521 2142 1521 2143 1521 2136 1522 2143 1522 2135 1522 2137 1523 2141 1523 2142 1523 2137 1524 2142 1524 2136 1524 2138 1525 2140 1525 2141 1525 2138 28 2141 28 2137 28 2139 28 2140 28 2138 28 2158 1526 2157 1526 2156 1526 2155 22 2158 22 2156 22 2146 1527 2158 1527 2155 1527 2154 1528 2146 1528 2155 1528 2147 22 2154 22 2153 22 2147 22 2146 22 2154 22 2148 1529 2153 1529 2152 1529 2148 22 2147 22 2153 22 2149 1530 2152 1530 2151 1530 2149 1531 2148 1531 2152 1531 2150 22 2149 22 2151 22 2160 1532 2161 1532 2159 1532 2165 1533 2162 1533 2161 1533 2165 1534 2161 1534 2160 1534 2164 1535 2163 1535 2162 1535 2164 1536 2162 1536 2165 1536 2167 1537 2177 1537 2166 1537 2176 28 2177 28 2167 28 2168 1538 2176 1538 2167 1538 2175 28 2176 28 2168 28 2169 1539 2175 1539 2168 1539 2174 28 2175 28 2169 28 2170 28 2173 28 2174 28 2170 1540 2174 1540 2169 1540 2171 28 2172 28 2173 28 2171 1541 2173 1541 2170 1541 2186 1542 2185 1542 2184 1542 2183 22 2186 22 2184 22 2187 1543 2186 1543 2183 1543 2182 22 2187 22 2183 22 2188 1544 2187 1544 2182 1544 2181 1545 2188 1545 2182 1545 2189 22 2181 22 2180 22 2189 1546 2188 1546 2181 1546 2178 22 2180 22 2179 22 2178 1547 2189 1547 2180 1547 2196 1548 2190 1548 2191 1548 2196 1549 2192 1549 2190 1549 2197 1550 2193 1550 2192 1550 2197 1551 2192 1551 2196 1551 2197 1552 2194 1552 2193 1552 2195 1553 2194 1553 2197 1553 2207 28 2200 28 2201 28 2206 28 2201 28 2202 28 2206 1554 2207 1554 2201 1554 2208 1555 2199 1555 2200 1555 2208 28 2200 28 2207 28 2205 28 2202 28 2203 28 2205 1556 2206 1556 2202 1556 2209 1557 2198 1557 2199 1557 2209 1558 2199 1558 2208 1558 2204 28 2205 28 2203 28 2214 22 2220 22 2219 22 2213 22 2221 22 2220 22 2213 22 2220 22 2214 22 2215 1559 2219 1559 2218 1559 2215 22 2214 22 2219 22 2212 1560 2210 1560 2221 1560 2212 1561 2221 1561 2213 1561 2216 1562 2218 1562 2217 1562 2216 1563 2215 1563 2218 1563 2211 1564 2210 1564 2212 1564 2227 1565 2229 1565 2228 1565 2227 1566 2230 1566 2229 1566 2227 28 2231 28 2230 28 2226 1567 2232 1567 2231 1567 2226 1568 2233 1568 2232 1568 2226 28 2231 28 2227 28 2225 1569 2234 1569 2233 1569 2225 1570 2235 1570 2234 1570 2225 1571 2236 1571 2235 1571 2225 28 2233 28 2226 28 2224 1572 2237 1572 2236 1572 2224 1573 2238 1573 2237 1573 2224 28 2236 28 2225 28 2223 1574 2239 1574 2238 1574 2223 1575 2240 1575 2239 1575 2223 28 2238 28 2224 28 2222 1576 2240 1576 2223 1576 2242 1577 2241 1577 2245 1577 2243 1578 2245 1578 2246 1578 2243 1579 2242 1579 2245 1579 2243 1580 2246 1580 2247 1580 2244 1581 2243 1581 2247 1581 2244 1582 2247 1582 2248 1582 2249 28 2258 28 2259 28 2249 28 2259 28 2260 28 2249 28 2260 28 2261 28 2249 28 2257 28 2258 28 2250 1583 2261 1583 2262 1583 2250 1584 2262 1584 2263 1584 2250 1585 2263 1585 2264 1585 2250 28 2249 28 2261 28 2251 1586 2254 1586 2255 1586 2251 1587 2264 1587 2265 1587 2251 1588 2265 1588 2254 1588 2251 28 2250 28 2264 28 2252 1589 2255 1589 2256 1589 2252 1590 2256 1590 2253 1590 2252 28 2251 28 2255 28 2272 1591 2267 1591 2266 1591 2272 1592 2266 1592 2268 1592 2273 1593 2268 1593 2269 1593 2273 1594 2272 1594 2268 1594 2271 1595 2269 1595 2270 1595 2271 1596 2273 1596 2269 1596 2288 28 2286 28 2287 28 2288 1597 2287 1597 2275 1597 2276 1598 2288 1598 2275 1598 2289 1599 2276 1599 2277 1599 2289 1600 2288 1600 2276 1600 2278 1601 2289 1601 2277 1601 2279 1602 2289 1602 2278 1602 2290 28 2289 28 2279 28 2280 28 2290 28 2279 28 2281 28 2290 28 2280 28 2282 28 2290 28 2281 28 2291 28 2290 28 2282 28 2283 28 2291 28 2282 28 2284 28 2291 28 2283 28 2285 1603 2291 1603 2284 1603 2274 28 2291 28 2285 28 2297 1604 2292 1604 2294 1604 2297 1605 2293 1605 2292 1605 2296 1606 2294 1606 2295 1606 2296 1607 2297 1607 2294 1607 2300 28 2312 28 2299 28 2301 28 2312 28 2300 28 2302 1608 2312 1608 2301 1608 2311 28 2298 28 2315 28 2303 28 2313 28 2312 28 2303 1609 2312 1609 2302 1609 2310 28 2311 28 2315 28 2304 28 2313 28 2303 28 2309 1610 2315 1610 2314 1610 2309 28 2310 28 2315 28 2305 1611 2313 1611 2304 1611 2308 1612 2309 1612 2314 1612 2306 1613 2314 1613 2313 1613 2306 1614 2313 1614 2305 1614 2307 28 2314 28 2306 28 2307 28 2308 28 2314 28 2317 1615 2316 1615 2318 1615 2322 1616 2317 1616 2318 1616 2322 1617 2318 1617 2319 1617 2321 1618 2322 1618 2319 1618 2321 1619 2319 1619 2320 1619 2328 1620 2324 1620 2323 1620 2328 1621 2323 1621 2325 1621 2329 1622 2328 1622 2325 1622 2329 1623 2325 1623 2326 1623 2327 1624 2329 1624 2326 1624 2347 1625 2343 1625 2330 1625 2342 28 2343 28 2347 28 2341 1626 2342 1626 2347 1626 2346 1627 2341 1627 2347 1627 2340 28 2341 28 2346 28 2339 28 2340 28 2346 28 2338 1628 2346 1628 2345 1628 2338 28 2339 28 2346 28 2337 28 2338 28 2345 28 2336 28 2337 28 2345 28 2335 1629 2345 1629 2344 1629 2335 28 2336 28 2345 28 2334 28 2335 28 2344 28 2333 28 2334 28 2344 28 2332 1630 2344 1630 2331 1630 2332 1631 2333 1631 2344 1631</p>
        </triangles>
        <triangles material="mat_0-material" count="318">
          <input semantic="VERTEX" source="#³µÖ48x3x18_004-mesh-vertices" offset="0"/>
          <input semantic="NORMAL" source="#³µÖ48x3x18_004-mesh-normals" offset="1"/>
          <p>2383 1632 2362 1632 2361 1632 2383 1633 2365 1633 2362 1633 2383 1634 2366 1634 2365 1634 2383 1635 2361 1635 2360 1635 2367 1636 2366 1636 2383 1636 2384 1637 2360 1637 2359 1637 2384 1638 2383 1638 2360 1638 2384 1639 2367 1639 2383 1639 2368 1640 2367 1640 2384 1640 2385 1641 2384 1641 2359 1641 2369 1642 2384 1642 2385 1642 2369 1643 2368 1643 2384 1643 2358 1644 2385 1644 2359 1644 2386 1645 2385 1645 2358 1645 2386 1646 2369 1646 2385 1646 2370 1647 2369 1647 2386 1647 2387 1648 2386 1648 2358 1648 2371 1649 2386 1649 2387 1649 2371 1650 2370 1650 2386 1650 2357 1651 2387 1651 2358 1651 2372 1652 2387 1652 2357 1652 2372 1653 2371 1653 2387 1653 2388 1654 2357 1654 2356 1654 2388 1655 2372 1655 2357 1655 2373 1656 2372 1656 2388 1656 2355 1657 2388 1657 2356 1657 2374 1658 2388 1658 2355 1658 2374 1659 2373 1659 2388 1659 2389 1660 2355 1660 2354 1660 2389 1661 2374 1661 2355 1661 2375 1662 2374 1662 2389 1662 2353 1663 2389 1663 2354 1663 2376 1664 2389 1664 2353 1664 2376 1665 2375 1665 2389 1665 2390 1666 2353 1666 2352 1666 2390 1667 2376 1667 2353 1667 2377 1668 2376 1668 2390 1668 2391 1669 2352 1669 2351 1669 2391 1670 2390 1670 2352 1670 2378 1671 2390 1671 2391 1671 2378 1672 2377 1672 2390 1672 2392 1673 2391 1673 2351 1673 2379 1674 2391 1674 2392 1674 2379 1675 2378 1675 2391 1675 2350 1676 2392 1676 2351 1676 2393 1677 2392 1677 2350 1677 2393 1678 2379 1678 2392 1678 2393 1679 2380 1679 2379 1679 2394 1680 2350 1680 2349 1680 2394 1681 2393 1681 2350 1681 2381 1682 2380 1682 2393 1682 2381 1683 2393 1683 2394 1683 2395 1684 2348 1684 2363 1684 2395 1685 2394 1685 2349 1685 2395 1686 2349 1686 2348 1686 2382 1687 2394 1687 2395 1687 2382 1688 2363 1688 2364 1688 2382 1689 2381 1689 2394 1689 2382 1690 2395 1690 2363 1690 2416 1691 2396 1691 2397 1691 2415 1692 2416 1692 2397 1692 2415 1693 2397 1693 2398 1693 2414 1694 2398 1694 2399 1694 2414 1695 2415 1695 2398 1695 2413 1696 2414 1696 2399 1696 2413 1697 2399 1697 2400 1697 2412 1698 2413 1698 2400 1698 2412 1699 2400 1699 2401 1699 2411 1700 2412 1700 2401 1700 2411 1701 2401 1701 2402 1701 2410 1702 2411 1702 2402 1702 2409 1703 2402 1703 2403 1703 2409 1704 2410 1704 2402 1704 2408 1705 2403 1705 2404 1705 2408 1706 2409 1706 2403 1706 2407 1707 2408 1707 2404 1707 2407 1708 2404 1708 2405 1708 2406 1709 2407 1709 2405 1709 2436 1710 2418 1710 2417 1710 2453 1711 2435 1711 2434 1711 2453 1712 2451 1712 2435 1712 2454 1713 2452 1713 2451 1713 2454 1714 2451 1714 2453 1714 2454 1715 2439 1715 2438 1715 2454 1716 2438 1716 2452 1716 2453 1717 2434 1717 2433 1717 2456 1718 2453 1718 2455 1718 2456 1719 2454 1719 2453 1719 2456 1720 2439 1720 2454 1720 2455 1721 2433 1721 2432 1721 2455 1722 2453 1722 2433 1722 2457 1723 2456 1723 2455 1723 2440 1724 2439 1724 2456 1724 2440 1725 2456 1725 2457 1725 2431 1726 2455 1726 2432 1726 2458 1727 2455 1727 2431 1727 2458 1728 2457 1728 2455 1728 2459 1729 2457 1729 2458 1729 2459 1730 2440 1730 2457 1730 2458 1731 2431 1731 2430 1731 2460 1732 2459 1732 2458 1732 2441 1733 2459 1733 2460 1733 2441 1734 2440 1734 2459 1734 2461 1735 2430 1735 2429 1735 2461 1736 2458 1736 2430 1736 2461 1737 2460 1737 2458 1737 2462 1738 2460 1738 2461 1738 2462 1739 2441 1739 2460 1739 2428 1740 2461 1740 2429 1740 2463 1741 2461 1741 2428 1741 2463 1742 2462 1742 2461 1742 2442 1743 2462 1743 2463 1743 2442 1744 2441 1744 2462 1744 2464 1745 2428 1745 2427 1745 2464 1746 2463 1746 2428 1746 2465 1747 2463 1747 2464 1747 2465 1748 2442 1748 2463 1748 2443 1749 2442 1749 2465 1749 2464 1750 2427 1750 2426 1750 2466 1751 2465 1751 2464 1751 2466 1752 2443 1752 2465 1752 2466 1753 2444 1753 2443 1753 2425 1754 2464 1754 2426 1754 2467 1755 2464 1755 2425 1755 2467 1756 2466 1756 2464 1756 2444 1757 2466 1757 2467 1757 2468 1758 2425 1758 2424 1758 2468 1759 2467 1759 2425 1759 2469 1760 2467 1760 2468 1760 2445 1761 2444 1761 2467 1761 2445 1762 2467 1762 2469 1762 2468 1763 2424 1763 2423 1763 2446 1764 2445 1764 2469 1764 2470 1765 2423 1765 2422 1765 2470 1766 2468 1766 2423 1766 2470 1767 2469 1767 2468 1767 2471 1768 2469 1768 2470 1768 2471 1769 2446 1769 2469 1769 2471 1770 2447 1770 2446 1770 2470 1771 2422 1771 2421 1771 2473 1772 2470 1772 2472 1772 2473 1773 2471 1773 2470 1773 2473 1774 2447 1774 2471 1774 2472 1775 2421 1775 2420 1775 2472 1776 2470 1776 2421 1776 2474 1777 2473 1777 2472 1777 2448 1778 2447 1778 2473 1778 2448 1779 2473 1779 2474 1779 2419 1780 2472 1780 2420 1780 2475 1781 2472 1781 2419 1781 2475 1782 2474 1782 2472 1782 2449 1783 2474 1783 2475 1783 2449 1784 2448 1784 2474 1784 2476 1785 2419 1785 2418 1785 2476 1786 2418 1786 2436 1786 2476 1787 2475 1787 2419 1787 2477 1788 2475 1788 2476 1788 2477 1789 2476 1789 2436 1789 2477 1790 2436 1790 2437 1790 2477 1791 2449 1791 2475 1791 2450 1792 2449 1792 2477 1792 2450 1793 2477 1793 2437 1793 2502 1794 2481 1794 2480 1794 2515 1795 2479 1795 2478 1795 2515 1796 2478 1796 2499 1796 2516 1797 2480 1797 2479 1797 2516 1798 2479 1798 2515 1798 2516 1799 2502 1799 2480 1799 2515 1800 2499 1800 2498 1800 2517 1801 2516 1801 2515 1801 2518 1802 2516 1802 2517 1802 2518 1803 2502 1803 2516 1803 2517 1804 2498 1804 2497 1804 2517 1805 2515 1805 2498 1805 2519 1806 2518 1806 2517 1806 2503 1807 2518 1807 2519 1807 2503 1808 2502 1808 2518 1808 2520 1809 2497 1809 2496 1809 2520 1810 2517 1810 2497 1810 2521 1811 2517 1811 2520 1811 2521 1812 2519 1812 2517 1812 2504 1813 2519 1813 2521 1813 2504 1814 2503 1814 2519 1814 2520 1815 2496 1815 2495 1815 2522 1816 2521 1816 2520 1816 2522 1817 2504 1817 2521 1817 2522 1818 2505 1818 2504 1818 2494 1819 2520 1819 2495 1819 2523 1820 2520 1820 2494 1820 2523 1821 2522 1821 2520 1821 2505 1822 2522 1822 2523 1822 2523 1823 2494 1823 2493 1823 2524 1824 2505 1824 2523 1824 2506 1825 2505 1825 2524 1825 2525 1826 2523 1826 2493 1826 2525 1827 2493 1827 2492 1827 2525 1828 2524 1828 2523 1828 2526 1829 2524 1829 2525 1829 2507 1830 2524 1830 2526 1830 2507 1831 2506 1831 2524 1831 2491 1832 2525 1832 2492 1832 2527 1833 2526 1833 2525 1833 2527 1834 2507 1834 2526 1834 2527 1835 2508 1835 2507 1835 2490 1836 2525 1836 2491 1836 2528 1837 2525 1837 2490 1837 2528 1838 2527 1838 2525 1838 2508 1839 2527 1839 2528 1839 2529 1840 2490 1840 2489 1840 2529 1841 2528 1841 2490 1841 2509 1842 2528 1842 2529 1842 2509 1843 2508 1843 2528 1843 2529 1844 2489 1844 2488 1844 2530 1845 2509 1845 2529 1845 2510 1846 2509 1846 2530 1846 2531 1847 2488 1847 2487 1847 2531 1848 2529 1848 2488 1848 2531 1849 2530 1849 2529 1849 2532 1850 2530 1850 2531 1850 2532 1851 2510 1851 2530 1851 2532 1852 2511 1852 2510 1852 2486 1853 2531 1853 2487 1853 2533 1854 2531 1854 2486 1854 2534 1855 2532 1855 2531 1855 2534 1856 2531 1856 2533 1856 2534 1857 2511 1857 2532 1857 2533 1858 2486 1858 2485 1858 2535 1859 2534 1859 2533 1859 2512 1860 2511 1860 2534 1860 2512 1861 2534 1861 2535 1861 2536 1862 2485 1862 2484 1862 2536 1863 2533 1863 2485 1863 2536 1864 2535 1864 2533 1864 2537 1865 2535 1865 2536 1865 2513 1866 2535 1866 2537 1866 2513 1867 2512 1867 2535 1867 2483 1868 2536 1868 2484 1868 2536 1869 2483 1869 2482 1869 2536 1870 2482 1870 2500 1870 2537 1871 2536 1871 2500 1871 2514 1872 2513 1872 2537 1872 2514 1873 2537 1873 2500 1873 2514 1874 2500 1874 2501 1874 2539 1875 2538 1875 2540 1875 2559 1876 2539 1876 2540 1876 2559 1877 2540 1877 2541 1877 2558 1878 2559 1878 2541 1878 2558 1879 2541 1879 2542 1879 2557 1880 2558 1880 2542 1880 2557 1881 2542 1881 2543 1881 2556 1882 2557 1882 2543 1882 2555 1883 2543 1883 2544 1883 2555 1884 2556 1884 2543 1884 2554 1885 2544 1885 2545 1885 2554 1886 2555 1886 2544 1886 2553 1887 2545 1887 2546 1887 2553 1888 2554 1888 2545 1888 2552 1889 2553 1889 2546 1889 2552 1890 2546 1890 2547 1890 2551 1891 2552 1891 2547 1891 2551 1892 2547 1892 2548 1892 2550 1893 2551 1893 2548 1893 2550 1894 2548 1894 2549 1894 2578 1895 2561 1895 2560 1895 2578 1896 2560 1896 2576 1896 2594 1897 2576 1897 2575 1897 2594 1898 2578 1898 2576 1898 2579 1899 2578 1899 2594 1899 2594 1900 2575 1900 2574 1900 2580 1901 2579 1901 2594 1901 2573 1902 2594 1902 2574 1902 2581 1903 2594 1903 2573 1903 2581 1904 2580 1904 2594 1904 2595 1905 2573 1905 2572 1905 2595 1906 2581 1906 2573 1906 2582 1907 2581 1907 2595 1907 2571 1908 2595 1908 2572 1908 2596 1909 2595 1909 2571 1909 2596 1910 2582 1910 2595 1910 2583 1911 2582 1911 2596 1911 2596 1912 2571 1912 2570 1912 2584 1913 2583 1913 2596 1913 2597 1914 2570 1914 2569 1914 2597 1915 2596 1915 2570 1915 2597 1916 2584 1916 2596 1916 2585 1917 2584 1917 2597 1917 2598 1918 2597 1918 2569 1918 2598 1919 2585 1919 2597 1919 2586 1920 2585 1920 2598 1920 2568 1921 2598 1921 2569 1921 2599 1922 2598 1922 2568 1922 2587 1923 2586 1923 2598 1923 2587 1924 2598 1924 2599 1924 2600 1925 2568 1925 2567 1925 2600 1926 2599 1926 2568 1926 2600 1927 2587 1927 2599 1927 2588 1928 2587 1928 2600 1928 2601 1929 2600 1929 2567 1929 2601 1930 2588 1930 2600 1930 2589 1931 2588 1931 2601 1931 2602 1932 2567 1932 2566 1932 2602 1933 2601 1933 2567 1933 2603 1934 2601 1934 2602 1934 2603 1935 2589 1935 2601 1935 2604 1936 2602 1936 2566 1936 2604 1937 2603 1937 2602 1937 2590 1938 2603 1938 2604 1938 2565 1939 2604 1939 2566 1939 2591 1940 2604 1940 2565 1940 2591 1941 2590 1941 2604 1941 2564 1942 2591 1942 2565 1942 2592 1943 2591 1943 2564 1943 2605 1944 2563 1944 2562 1944 2605 1945 2564 1945 2563 1945 2605 1946 2562 1946 2577 1946 2605 1947 2592 1947 2564 1947 2593 1948 2592 1948 2605 1948 2593 1949 2605 1949 2577 1949</p>
        </triangles>
      </mesh>
    </geometry>
  </library_geometries>
  <library_visual_scenes>
    <visual_scene id="Scene" name="Scene">
      <node id="yahboom_front_left" name="yahboom_front_left" type="NODE">
        <matrix sid="transform">1 0 0 0 0 1 0 0 0 0 1 0 0 0 0 1</matrix>
        <instance_geometry url="#³µÖ48x3x18_004-mesh" name="yahboom_front_left">
          <bind_material>
            <technique_common>
              <instance_material symbol="mat_5-material" target="#mat_5-material"/>
              <instance_material symbol="mat_0-material" target="#mat_0-material"/>
            </technique_common>
          </bind_material>
        </instance_geometry>
      </node>
    </visual_scene>
  </library_visual_scenes>
  <scene>
    <instance_visual_scene url="#Scene"/>
  </scene>
</COLLADA>