<?xml version="1.0" encoding="utf-8"?>
<COLLADA xmlns="http://www.collada.org/2005/11/COLLADASchema" version="1.4.1" xmlns:xsi="http://www.w3.org/2001/XMLSchema-instance">
  <asset>
    <contributor>
      <author>Blender User</author>
      <authoring_tool>Blender 3.0.1</authoring_tool>
    </contributor>
    <created>2026-09-22T10:44:01</created>
    <modified>2026-09-22T10:44:01</modified>
    <unit name="meter" meter="1"/>
    <up_axis>Z_UP</up_axis>
  </asset>
  <library_effects>
    <effect id="mat_5-effect">
      <profile_COMMON>
        <technique sid="common">
          <lambert>
            <emission>
              <color sid="emission">0 0 0 1</color>
            </emission>
            <diffuse>
              <color sid="diffuse">0.3762621 0.3419144 0.3049873 1</color>
            </diffuse>
            <reflectivity>
              <float sid="specular">1</float>
            </reflectivity>
            <index_of_refraction>
              <float sid="ior">1.45</float>
            </index_of_refraction>
          </lambert>
        </technique>
      </profile_COMMON>
    </effect>
    <effect id="mat_0-effect">
      <profile_COMMON>
        <technique sid="common">
          <lambert>
            <emission>
              <color sid="emission">0 0 0 1</color>
            </emission>
            <diffuse>
              <color sid="diffuse">1 1 1 1</color>
            </diffuse>
            <reflectivity>
              <float sid="specular">1</float>
            </reflectivity>
            <index_of_refraction>
              <float sid="ior">1.45</float>
            </index_of_refraction>
          </lambert>
        </technique>
      </profile_COMMON>
    </effect>
  </library_effects>
  <library_images/>
  <library_materials>
    <material id="mat_5-material" name="mat_5">
      <instance_effect url="#mat_5-effect"/>
    </material>
    <material id="mat_0-material" name="mat_0">
      <instance_effect url="#mat_0-effect"/>
    </material>
  </library_materials>
  <library_geometries>
    <geometry id="³µÖ48x3x18_005-mesh" name="³µÖ48x3x18.005">
      <mesh>
        <source id="³µÖ48x3x18_005-mesh-positions">
          <float_array id="³µÖ48x3x18_005-mesh-positions-array" count="7821">7.939e-4 -0.007859706 0.004579424 0.001275956 -0.008999943 0.007349729 -1.95812e-4 -0.009006023 0.007470607 -0.00167644 -0.008954882 0.007289588 0.002251625 -0.008000075 0.005759835 0.002204775 -0.008424878 0.005772113 0.001027464 -0.00837773 0.005974531 0.00136131 -0.008161604 0.00535953 0.001971304 -0.00825119 0.005379199 0.001028895 -0.007999956 0.00597459 0.001413285 -0.007999897 0.005241155 0.005798041 -0.00901705 0.004899024 0.00403434 -0.008386373 0.004550576 0.002384185 -0.007955372 0.004224598 0.002384185 -0.003999948 0.004224598 0.005810499 -0.003999948 0.004901528 0.002386629 -0.004000008 0.004204511 0.002384185 -0.007955372 0.004224598 0.001544952 -0.007839739 0.004219353 4.86035e-4 -0.007955789 0.004830539 3.84726e-4 -0.004000067 0.004723608 5.06353e-4 -0.003999948 0.004852771 5.06353e-4 -0.007964074 0.004852771 -5.87668e-4 -0.008395075 0.006075024 -0.001759052 -0.00901705 0.007383823 -0.001767635 -0.003999948 0.007393419 0.005923032 -0.008999943 0.005014657 0.00195986 -0.008999943 0.00740689 -0.00177896 -0.008999943 0.007467687 0.005863726 -0.003999948 0.004954576 0.001835763 -0.003999948 0.007541537 -0.001767635 -0.003999948 0.007393419 -0.001767635 -0.003999948 0.007393419 8.0559e-4 -0.003999948 0.004561245 0.001526176 -0.003999948 0.004235148 0.002132415 -0.003999948 0.004187643 0.005810499 -0.003999948 0.004901528 0.004967987 -0.003999948 0.005753815 0.004001915 -0.003999948 0.00646311 0.002936422 -0.003999948 0.007011771 0.001797914 -0.003999948 0.007386088 6.14744e-4 -0.003999948 0.007576882 -5.83727e-4 -0.003999948 0.007579326 -0.001767635 -0.008999943 0.007393419 -0.001659631 -0.008999943 0.00727272 0.001275956 -0.008999943 0.007349729 -1.96077e-4 -0.008999943 0.007473289 0.005650699 -0.008999943 0.004869937 0.004734456 -0.008999943 0.005764722 0.003678619 -0.008999943 0.006489574 0.002514362 -0.008999943 0.007023155 0.005810499 -0.008999943 0.004901528 0.004967987 -0.008999943 0.005753815 0.004001915 -0.008999943 0.00646311 0.002936422 -0.008999943 0.007011771 0.001797914 -0.008999943 0.007386088 6.14744e-4 -0.008999943 0.007576882 -5.83727e-4 -0.008999943 0.007579326 7.96337e-4 -0.007896661 0.004586815 0.001027762 -0.008335113 0.005837261 0.001275956 -0.008999943 0.007349729 0.002687096 -0.007974028 0.004281759 0.001826167 -0.007868885 0.004180669 0.001154422 -0.00785619 0.004367589 0.005650699 -0.008999943 0.004869937 0.004734456 -0.008999943 0.005764722 0.003678619 -0.008999943 0.006489574 0.002514362 -0.008999943 0.007023155 0.00221908 -0.008451223 0.005833506 0.002113699 -0.008584678 0.006208062 0.00185275 -0.008635997 0.006417453 0.001533985 -0.008619725 0.006458163 0.001151323 -0.008468389 0.006260752 0.001253306 -0.008196175 0.005387544 0.001777589 -0.00819838 0.005290389 0.002099037 -0.008321225 0.00552237 0.002200722 -0.008424937 0.005773007 0.001986265 -0.008633017 0.006344974 0.001403391 -0.008592963 0.006426095 0.001021742 -0.008380293 0.005979657 0.00228697 -0.008000016 0.005770027 0.001712739 -0.007999956 0.006486773 9.74879e-4 -0.007999956 0.0059942 0.002189993 -0.007999956 0.006080627 0.001918435 -0.007999956 0.006385564 0.00151813 -0.007999956 0.00646615 0.00113523 -0.007999956 0.006213605 0.001030743 -0.007999956 0.005819559 0.001172721 -0.007999956 0.005492031 0.001423716 -0.007999956 0.00531727 0.001831889 -0.007999956 0.005307435 0.002165138 -0.007999956 0.005622625 0.006770074 -0.008000075 1.33831e-4 0.005511164 -0.008177757 3.70096e-4 0.005537688 -0.008176803 4.39528e-5 0.005999565 -0.00835812 -3.41276e-4 0.0066486 -0.008643507 1.53989e-4 0.005453526 -0.007999956 3.74014e-4 0.005876362 -0.008000016 -3.11099e-4 0.006457149 -0.003999948 -0.004011511 0.007592201 -0.003999948 -0.001325726 0.00748974 -0.008999943 -0.001300275 0.00655061 -0.008999943 -0.004060685 0.006450951 -0.00901705 -0.004000365 0.005574524 -0.008386373 -0.002430677 0.004754543 -0.007955372 -9.62073e-4 0.004754543 -0.003999948 -9.62073e-4 0.006457149 -0.003999948 -0.004011511 0.004734754 -0.004000008 -9.71101e-4 0.004754543 -0.007955372 -9.62073e-4 0.004496574 -0.00784558 -2.24346e-4 0.004731774 -0.007950186 0.001034379 0.004611194 -0.004000008 0.001091539 0.004771709 -0.003999948 0.001017987 0.004771709 -0.007964074 0.001017987 0.005596101 -0.008395075 0.002436161 0.006478846 -0.00901705 0.003954708 0.006485283 -0.003999948 0.003965854 0.007552206 -0.003999948 -0.001306295 0.00776714 -0.008999943 -0.001324057 0.00673449 -0.003999948 0.004090011 0.006541192 -0.008999943 0.003994405 0.007584631 -0.003999948 -7.35834e-4 0.007550358 -0.003999948 8.8283e-4 0.007203638 -0.003999948 0.002488553 0.006485283 -0.003999948 0.003965854 0.004586935 -0.003999948 6.43326e-4 0.004499495 -0.003999948 -1.42802e-4 0.004641652 -0.003999948 -7.34018e-4 0.006457149 -0.003999948 -0.004011511 0.007118463 -0.003999948 -0.002711117 0.006485283 -0.008999943 0.003965854 0.006403923 -0.008999943 0.003825783 0.007133662 -0.008999943 0.002255797 0.007481813 -0.008999943 -2.54214e-5 0.007118165 -0.008999943 -0.002304196 0.006377756 -0.008999943 -0.003869235 0.006457149 -0.008999943 -0.004011511 0.007118463 -0.008999943 -0.002711117 0.007584631 -0.008999943 -7.35834e-4 0.007550358 -0.008999943 8.8283e-4 0.007203638 -0.008999943 0.002488553 0.006459236 -0.008843421 0.003869414 0.007128059 -0.009011626 0.002255558 0.007483482 -0.008996844 -2.76547e-5 0.007114529 -0.009009242 -0.00230199 0.00644809 -0.00880289 -0.003921747 0.004535317 -0.007878065 -4.92949e-4 0.004567265 -0.007882297 6.04076e-4 0.006669402 -0.008637309 3.66971e-4 0.006467759 -0.008562207 7.39971e-4 0.006066918 -0.008407175 8.60361e-4 0.005781233 -0.00829178 7.75637e-4 0.005547225 -0.008196949 5.21254e-4 0.005507647 -0.008174061 1.3257e-4 0.005688905 -0.008237302 -1.66152e-4 0.005958199 -0.008342742 -3.0656e-4 0.006254673 -0.008461236 -2.95863e-4 0.006593883 -0.008610129 -5.24856e-5 0.006672501 -0.008633673 1.70076e-4 0.006571412 -0.00860399 6.19175e-4 0.005961656 -0.008364379 8.7636e-4 0.005519568 -0.008166074 3.76986e-4 0.006680607 -0.007999956 1.68454e-4 0.006413698 -0.008000016 8.22924e-4 0.005405366 -0.007999956 4.05962e-4 0.006690084 -0.007999956 2.71613e-4 0.006507873 -0.007999956 6.9255e-4 0.006188631 -0.007999956 8.52188e-4 0.005883991 -0.007999956 8.24731e-4 0.005598425 -0.007999956 6.10579e-4 0.005494475 -0.007999956 1.63835e-4 0.00574702 -0.007999956 -2.19075e-4 0.00603789 -0.007999956 -3.15079e-4 0.006340861 -0.007999956 -2.69454e-4 0.006569445 -0.007999956 -6.5513e-5 0.002719044 -0.007999956 -0.00580734 0.002723872 -0.008521139 -0.005808591 0.001486659 -0.008281886 -0.005604565 0.001967608 -0.008593082 -0.006279468 0.002466678 -0.00863707 -0.006193637 0.001477777 -0.008000075 -0.005603313 0.002275109 -0.008000016 -0.006360948 -0.001811146 -0.00901705 -0.007371425 -5.89091e-4 -0.008386373 -0.006052851 5.5426e-4 -0.007955372 -0.004819154 5.54264e-4 -0.003999948 -0.004819154 -0.001819789 -0.003999948 -0.007380783 5.39549e-4 -0.004000008 -0.004803121 5.5426e-4 -0.007955372 -0.004819154 0.001176118 -0.00784558 -0.004345834 0.002445995 -0.007950186 -0.00418049 0.002463102 -0.004000008 -0.004048228 0.002442717 -0.003999948 -0.004223585 0.002442717 -0.007964074 -0.004223585 0.004046261 -0.008395075 -0.004569411 0.005763232 -0.00901705 -0.004939675 0.005775809 -0.003999948 -0.004942357 -0.001819789 -0.008999943 -0.007380783 0.001002371 -0.008999943 -0.007650852 0.005922317 -0.008999943 -0.005092322 -0.001819789 -0.003999948 -0.007380783 0.001346051 -0.003999948 -0.007597923 0.005887508 -0.003999948 -0.005056321 0.005775809 -0.003999948 -0.004942357 0.00202924 -0.003999948 -0.004163622 0.001254618 -0.003999948 -0.004323422 7.36266e-4 -0.003999948 -0.004641294 -0.001819789 -0.003999948 -0.007380783 -6.37177e-4 -0.003999948 -0.007575035 5.61282e-4 -0.003999948 -0.007581055 0.00174576 -0.003999948 -0.007398605 0.002886891 -0.003999948 -0.007032275 0.003956258 -0.003999948 -0.006491184 0.004927277 -0.003999948 -0.005788683 0.005775809 -0.008999943 -0.004942357 0.005617499 -0.008999943 -0.004908204 -0.001709043 -0.008999943 -0.007261276 -5.68807e-4 -0.008999943 -0.007438004 0.001161873 -0.008999943 -0.007391095 0.00335896 -0.008999943 -0.006685435 0.004793345 -0.008999943 -0.005715847 -0.001819789 -0.008999943 -0.007380783 -6.37177e-4 -0.008999943 -0.007575035 5.61282e-4 -0.008999943 -0.007581055 0.00174576 -0.008999943 -0.007398605 0.002886891 -0.008999943 -0.007032275 0.003956258 -0.008999943 -0.006491184 0.004927277 -0.008999943 -0.005788683 -0.001736581 -0.008813679 -0.007339715 9.07853e-6 -0.00900948 -0.007477581 0.002286255 -0.008996546 -0.007125854 0.004348099 -0.009010195 -0.006082832 0.005617499 -0.008999943 -0.004908204 0.002406358 -0.007918536 -0.004214048 9.32783e-4 -0.007876217 -0.004466295 0.001763463 -0.007864356 -0.004189789 0.002723932 -0.008439421 -0.005549073 0.002420604 -0.00824505 -0.005183994 0.002076566 -0.008177816 -0.005117118 0.001788735 -0.008179426 -0.005229353 0.00160712 -0.008234262 -0.005450487 0.001548409 -0.008393764 -0.005851566 0.001856029 -0.008559346 -0.006228506 0.002198994 -0.008628904 -0.006295561 0.002486765 -0.008629977 -0.006182193 0.002668797 -0.008571624 -0.005962789 0.002792894 -0.008522987 -0.005808115 0.002310454 -0.008213698 -0.005134642 0.001803994 -0.008170485 -0.005218207 0.001553654 -0.008284151 -0.005604088 0.00272119 -0.007999956 -0.005806803 0.002576529 -0.008000016 -0.005255281 0.001833915 -0.007999956 -0.005167365 0.001554608 -0.007999956 -0.005604505 0.002723038 -0.007999956 -0.005755782 0.00267744 -0.007999956 -0.005452871 0.002432048 -0.007999956 -0.00519371 0.002136409 -0.007999956 -0.00511533 0.001841187 -0.007999956 -0.00519526 0.001597166 -0.007999956 -0.005455732 0.001556336 -0.007999956 -0.00581032 0.001686334 -0.007999956 -0.006087183 0.001985192 -0.007999956 -0.006282269 0.002341508 -0.007999956 -0.006260871 0.002627074 -0.007999956 -0.006046712 -0.004451692 -0.007999956 0.003243803 -0.004495263 -0.008187353 0.003255724 -0.005666375 -0.008625864 0.00345087 -0.005277752 -0.008340358 0.002773523 -0.004736185 -0.008179962 0.002881109 -0.005696713 -0.007999956 0.003462791 -0.005249321 -0.008000075 0.002728462 -0.004451334 -0.003999948 0.001965999 -0.003133118 -0.004000067 0.003421247 -0.003280043 -0.007928431 0.003463387 -0.003695189 -0.00784409 0.002546012 -0.004452049 -0.007959604 0.001968681 -0.002867579 -0.00901705 0.007028162 -0.003081202 -0.008386373 0.005243122 -0.003281056 -0.007955372 0.003573 -0.003281056 -0.003999948 0.003573 -0.002866029 -0.003999948 0.007040798 -0.003313958 -0.003999948 0.003524482 -0.003324627 -0.007945358 0.003526031 -0.004458785 -0.003999948 0.001981139 -0.004458785 -0.007964074 0.001981139 -0.005959331 -0.008395075 0.001318395 -0.007566034 -0.00901705 6.08725e-4 -0.007577776 -0.003999948 6.03532e-4 -0.002866029 -0.008999943 0.007040798 -0.005882382 -0.008999943 0.005063831 -0.007651925 -0.008999943 6.15736e-4 -0.002900123 -0.003999948 0.007107794 -0.005904972 -0.003999948 0.004882037 -0.007735133 -0.003999948 6.30092e-4 -0.007577776 -0.003999948 6.03532e-4 -0.003975331 -0.003999948 0.00224632 -0.003343939 -0.003999948 0.003180921 -0.002866029 -0.003999948 0.007040798 -0.003937005 -0.003999948 0.006502866 -0.004910111 -0.003999948 0.005803287 -0.005761146 -0.003999948 0.004959464 -0.006469011 -0.003999948 0.003992378 -0.007016062 -0.003999948 0.002926051 -0.00738877 -0.003999948 0.001786947 -0.007577776 -0.008999943 6.03532e-4 -0.007429659 -0.008999943 6.68973e-4 -0.002885401 -0.008999943 0.006879031 -0.004404306 -0.008999943 0.006048142 -0.00603795 -0.008999943 0.004418253 -0.007097184 -0.008999943 0.002368092 -0.002866029 -0.008999943 0.007040798 -0.003937005 -0.008999943 0.006502866 -0.004910111 -0.008999943 0.005803287 -0.005761146 -0.008999943 0.004959464 -0.006469011 -0.008999943 0.003992378 -0.007016062 -0.008999943 0.002926051 -0.00738877 -0.008999943 0.001786947 -0.002910733 -0.008806407 0.006961524 -0.004402577 -0.00900942 0.006044149 -0.00603795 -0.008996844 0.004421114 -0.007093191 -0.009009957 0.002365469 -0.007500708 -0.008842051 6.663e-4 -0.003319382 -0.007909953 0.003320038 -0.003554224 -0.007852852 0.002768695 -0.004072844 -0.0078848 0.002179682 -0.004495501 -0.008195936 0.003294885 -0.004544258 -0.008277297 0.003600776 -0.004729688 -0.008390069 0.003832221 -0.005006313 -0.008501827 0.003946185 -0.005309462 -0.008598566 0.003905117 -0.00558108 -0.008642196 0.00368452 -0.005674839 -0.008594691 0.003347158 -0.005589544 -0.008499264 0.003053009 -0.005373656 -0.008387982 0.002845287 -0.004965901 -0.008230149 0.002767622 -0.004612207 -0.0081712 0.00300306 -0.004503071 -0.008180737 0.003269135 -0.004886507 -0.008463203 0.00394535 -0.005431771 -0.008627176 0.003837406 -0.005670666 -0.008619487 0.003463327 -0.004470586 -0.007999956 0.003256618 -0.005034089 -0.008000135 0.004039585 -0.005676031 -0.007999956 0.003463864 -0.004501521 -0.007999956 0.003258645 -0.004544198 -0.007999956 0.003612995 -0.00478959 -0.007999956 0.003872215 -0.005189836 -0.007999956 0.003952801 -0.005537271 -0.007999956 0.003738343 -0.005665838 -0.007999956 0.003460764 -0.005623161 -0.007999956 0.003106415 -0.005288243 -0.007999956 0.002792954 -0.00488013 -0.007999956 0.002804994 -0.004630029 -0.007999956 0.002981126 -0.01511085 -0.00119996 0.002215027 -0.01504826 -0.00119996 0.002612531 -0.01504725 -9.99995e-4 0.002612352 -0.01511186 -9.99995e-4 0.002215206 -0.01036041 -0.006199955 0.01618528 -0.01036041 -0.005999982 0.01618528 -0.01893401 -0.005999982 0.003287196 -0.01770997 -0.005999982 0.007612884 -0.0142641 -0.005999982 0.01296663 -0.01893401 -0.006199955 0.003287196 -0.01747745 -0.006199955 0.008132517 -0.013875 -0.006199955 0.01338213 -0.004184901 -0.007999956 -0.003897845 -0.005362749 -0.008561491 -0.003695905 -0.005110621 -0.008643925 -0.004262447 -0.004107952 -0.008243441 -0.003931581 -0.005349397 -0.007999956 -0.003696024 -0.005198419 -0.007999956 -0.004256069 -0.004443645 -0.007999956 -0.00432533 0.001432776 -0.007899999 -2.48751e-4 0.001352787 -0.007899999 7.36177e-4 -3.66587e-4 -0.007899999 0.001522958 -0.001479864 -0.007899999 2.61812e-4 0.001432776 -0.007699966 -2.48751e-4 0.001309692 -0.007699966 8.10411e-4 -4.51937e-4 -0.007699966 0.001499891 -0.001468598 -0.007699966 2.58632e-4 0.006615638 -0.008045673 4.9635e-4 0.00666356 -0.008065044 1.70561e-4 0.006709218 -0.007999718 1.67016e-4 -0.003231167 -6.24359e-6 5.55802e-4 -0.003563165 -7.35946e-4 6.15045e-4 -0.00418663 -0.001007616 7.26726e-4 -0.004247903 -0.001020908 -8.07084e-6 -0.004116773 -0.001010417 -0.001114606 -0.003674149 -0.001006066 -0.002134919 -0.003008425 -0.001001417 -0.003024339 -0.00109291 -0.00101006 -0.004122614 3.8353e-4 -0.001003324 -0.004248321 0.001812994 -0.001001417 -0.003861367 0.00304377 -0.00101602 -0.002986192 0.003870069 -0.001010417 -0.001792371 0.004175782 -0.001092016 -7.27102e-4 0.003108501 -1.28672e-5 -5.39504e-4 0.002663791 -1.98185e-6 -0.001931667 5.8208e-4 -2.85357e-6 -0.003266155 -0.001636922 4.84288e-7 -0.002852559 -0.002790451 -5.90086e-6 -0.001618325 0.002894937 -6.33672e-4 -0.001963138 0.001954317 -5.02452e-4 -0.002783775 3.64952e-4 -8.06704e-4 -0.003670513 8.76188e-6 -3.19056e-4 -0.003329157 -0.001927971 -5.10387e-4 -0.002820014 -0.002127468 -0.001056432 -0.003669321 -0.003544151 -8.15436e-4 -0.001076638 0.001606047 0.01249998 -2.94669e-4 0.001495301 -0.000999987 -2.61312e-4 -0.001489102 -0.000999987 2.57473e-4 -0.00117141 -0.000999987 -0.001112937 7.59348e-4 -0.000999987 -0.001395404 -0.001495897 0.01249998 2.58015e-4 3.12321e-4 0.01249998 -0.001512408 -0.001185238 0.01249998 -0.001057803 -0.003282189 0.01249998 5.78012e-4 -0.002170562 0.01249998 0.002460777 1.94144e-4 0.01249998 0.003384709 0.00284785 0.01249998 0.001756668 0.003241181 0.01249998 -5.59036e-4 -0.003239929 0 5.66175e-4 -0.002149343 0 0.0025478 7.78943e-4 0 0.003299593 0.002844214 0 0.001652061 0.003284931 0 -5.62139e-4 0.007913947 -0.009094893 -0.001375496 0.007690846 -0.009023487 -0.002371549 0.007299125 -0.009087264 -0.003347516 0.007210493 -0.008688986 -0.001251816 0.006346702 -0.008689045 -0.003646612 0.006863236 -0.00870949 -0.002527534 -0.006312906 -0.009033858 0.007724165 -0.006660401 -0.009017705 0.006402552 -0.007222354 -0.008999943 0.005171775 -0.007991373 -0.008999943 0.004049837 -0.008953094 -0.009059786 0.003076016 -0.01126432 -0.008999943 0.001680135 -0.01257026 -0.008999943 0.001299679 -0.01391518 -0.00901848 0.001150071 -0.00710684 -0.008635461 0.007862329 -0.007245063 -0.008001565 0.007880568 -0.01512694 -0.008005678 0.002267837 -0.01312392 -0.00800395 0.002232432 -0.01032572 -0.008004188 0.003249168 -0.008398234 -0.008001685 0.005159378 -0.01527339 -0.009150445 0.001250803 -0.01330792 -0.008630156 0.001987516 -0.01003086 -0.009058058 0.002294719 -0.01100283 -0.008531033 0.002718448 -0.009000241 -0.008571982 0.004134833 -0.007549166 -0.008718132 0.006060242 -0.005195021 -0.009052813 -0.01198828 -0.005450546 -0.009000182 -0.01309859 -0.005952358 -0.008562564 -0.01185762 -0.006140947 -0.008003056 -0.0118243 -0.006833255 -0.008005619 -0.01368522 -0.005908787 -0.009147286 -0.01414108 0.02179604 -0.009033501 -0.003784179 0.02117931 -0.009012043 -0.006462156 0.02019798 -0.008999943 -0.009031891 0.02062237 -0.008029282 -0.003581821 0.01966339 -0.00800544 -0.00771898 0.02032244 -0.007999777 -0.00581485 0.01992738 -0.008869826 -0.008360683 0.01971 -0.008606135 -0.007926285 0.02068668 -0.008734166 -0.005359232 0.01260495 -0.006199955 0.01698702 0.01266205 -0.007999956 0.01704615 0.01298594 -0.007999956 0.01599138 0.0130496 -0.006199955 0.01598733 0.01352238 -0.009030759 0.0148639 0.01398944 -0.0090034 0.01579791 0.01350051 -0.008893907 0.0159009 0.01293545 -0.008007109 0.01599597 0.01276892 -0.007999837 0.01550453 0.01287078 -0.008582651 0.01541703 -0.007219254 -0.008622765 -7.17806e-4 -0.006105482 -0.007699966 -0.001232981 -0.006567716 -0.007986605 -4.0382e-4 -0.00698328 -0.008367896 -5.24808e-4 -0.006732881 -0.008157432 7.26439e-4 -0.007266283 -0.00868386 9.01477e-4 -0.007222592 -0.008676528 0.00125432 -0.006136953 -0.007699966 0.001065433 -0.006234824 -0.007706284 -8.56537e-5 -0.002995014 -0.008687436 0.006679296 -0.004550457 -0.008679151 0.005776226 -0.006729423 -0.008677721 0.002968192 -0.007227718 -0.008671522 0.001254856 -0.00241667 -0.007977068 0.006128847 -0.002687633 -0.008411765 0.006508588 -0.001390218 -0.008154094 0.006630718 -0.001388907 -0.00867933 0.007179737 0.005425631 -0.008688986 0.004911303 0.004030525 -0.008664667 0.006176531 0.001758098 -0.008677959 0.007146477 -1.22447e-4 -0.008688986 0.007317304 0.005075693 -0.007987201 0.004186749 0.005371034 -0.008395314 0.004577934 0.005874812 -0.008156418 0.003370285 0.006399929 -0.008678197 0.003539979 0.007225811 -0.008673489 -0.001254558 0.007334411 -0.008673667 4.04008e-6 0.007128298 -0.008677601 0.001824975 0.006136953 -0.007699966 -0.001065433 -0.006136953 -0.007699966 0.001065433 -0.005672812 -0.00769788 0.002632021 -0.004782021 -0.007699966 0.003991186 -0.003600001 -0.007695317 0.005116164 -0.001644074 -0.007709205 0.006024539 2.46242e-6 -0.007681608 0.006243765 0.001586318 -0.007721066 0.006029963 0.003110349 -0.007682025 0.005413711 0.004396975 -0.007717013 0.004425346 0.005685687 -0.007674872 0.002651274 0.006213903 -0.007715463 5.67717e-4 -0.005670189 -0.008004307 0.003368139 -0.005590438 -0.008078396 0.003673553 -0.005324065 -0.008007705 0.003896296 0.006629109 -0.008055567 7.49007e-5 0.006570816 -0.008003711 5.96924e-4 0.006650567 -0.008069038 4.35853e-4 0.001463174 -0.008002817 0.006434321 0.001727759 -0.008087635 0.00645709 0.002058804 -0.008006453 0.006271481 -0.00578773 -0.00867778 0.004497826 -0.008224844 -0.007999956 0.01272219 -0.007294714 -0.007999956 0.007894933 -0.007205188 -0.007999956 0.01026767 -0.007237136 -0.00119996 0.007889449 -0.007995545 -0.00119996 0.0128374 -0.01464813 -0.00119996 -0.003844738 -0.01465243 -0.007999956 -0.003816783 -0.006010413 -0.007999956 -0.01183015 -0.006982862 -0.007999956 -0.006961226 -0.01049953 -0.007999956 -0.004039943 -0.006168961 -0.00119996 -0.01181739 -0.006118774 -0.00119996 -0.009384453 -0.007538437 -0.00119996 -0.006262362 -0.01081323 -0.00119996 -0.003929197 0.01266205 -0.001999974 0.01704615 0.01267164 -0.005999982 0.01705533 0.01298224 -0.005999982 0.01599174 0.01298594 -0.001999974 0.01599138 0.01871103 -0.006199955 0.009807169 0.01891809 -0.007999956 0.009893715 0.02081406 -0.007999956 -0.003613591 0.02115237 -0.007999956 0.001250207 0.02103769 -0.006199955 -0.003632664 0.02057397 -0.006199955 0.004975259 0.02081412 0.008997321 -0.003613591 0.0209127 -0.005999922 -0.003634452 0.01966047 -0.005999982 -0.007729828 0.01966047 -0.000999987 -0.007729828 0.01791691 -0.000999987 -0.01135677 0.01510918 -0.000999987 -0.01476466 0.01523089 -0.005999267 -0.0149073 -0.001271188 -0.005999267 -0.02125245 0.007565498 -0.005999982 -0.01980757 -0.001276135 -0.000999987 -0.02108687 -0.005452275 -0.001000046 -0.02048498 -0.009373068 -9.99995e-4 -0.01893228 -0.009459435 -0.005999267 -0.01907312 -0.0206269 -0.005999267 -0.005366265 -0.0164045 -0.005999982 -0.01343375 -0.02047014 -0.000999987 -0.00530976 -0.02111107 -9.99972e-4 -0.001135706 -0.02092301 -9.9992e-4 0.003066897 -0.0209037 -0.005999982 0.003064155 -0.02081412 -0.005999982 0.003613591 -0.0210058 0.008997142 0.003642797 0.01914542 0.008997917 -0.009081721 0.01510971 0.00899744 -0.01487016 0.009068429 0.008997321 -0.01916712 9.39555e-5 0.00899589 -0.02131295 -0.008649647 0.008998513 -0.01935672 -0.01353651 0.008997321 -0.01621872 -0.01737755 0.008997321 -0.0121504 -0.02049469 0.00899744 -0.00542277 -0.01148891 -0.005999684 0.01797449 -0.01779562 -0.005999922 0.01151436 -0.02095681 -0.005999863 0.003651499 -0.01146739 -0.001000463 0.01795226 -0.003551542 -0.001873612 0.02082836 -0.003671705 -0.001488685 0.0208072 -0.003984093 -0.001161396 0.02074605 -0.004350006 -0.001010358 0.0206747 -0.003554522 -0.005999922 0.02094042 0.0126664 -0.005999624 0.01709622 0.004664719 -0.005999922 0.02067369 0.01262652 -0.001555323 0.01696914 0.0129401 -7.58506e-4 0.01670646 0.01333713 -3.21522e-4 0.01638287 0.01387387 -2.88263e-5 0.01593631 0.01887238 -5.06639e-7 0.009878337 0.01889747 -0.005999684 0.009885132 0.02081406 -0.005999982 -0.003613591 0.02115619 -0.005999982 0.001260697 0.02081412 0.008997321 -0.003613591 -0.0210517 0.008997261 0.003676831 -0.01726216 0.008997321 0.01230508 -0.01211422 0.008997321 0.01738888 -0.005675494 0.00899744 0.02041155 -5.56298e-5 0.008997321 0.02112537 0.005631625 0.008997321 0.02043646 0.01051449 0.008997321 0.01832294 0.01498574 0.008997321 0.0149914 0.01913952 0.008997321 0.009098172 0.02108937 0.008997321 0.002141833 -0.02044916 -0.007999956 -0.005302488 -0.01846724 -0.007999956 -0.01035231 -0.01416915 -0.007999956 -0.01576328 -0.009373068 -0.007999956 -0.01893228 -0.02068078 -0.006199955 -0.005385637 -0.01624286 -0.006199955 -0.01361674 -0.009453177 -0.006199955 -0.01906275 -0.001276135 -0.007999956 -0.02108687 0.003825783 -0.007999956 -0.02084732 0.01061326 -0.007999956 -0.01834678 0.01510918 -0.007999956 -0.01476466 -0.001276135 -0.006199955 -0.02108687 0.004460632 -0.006199955 -0.02072072 0.01116859 -0.006199955 -0.01801413 0.01510918 -0.006199955 -0.01476466 0.01973825 -0.007999956 -0.007757127 0.02081406 -0.007999956 -0.003613591 0.01966047 -0.006199955 -0.007729828 0.0208947 -0.006199955 -0.003630697 0.01299518 -0.005999982 0.01598745 0.01275658 -0.005999982 0.01551342 0.01276898 -0.001999974 0.01550441 0.01298034 -0.001999974 0.01599121 0.01265794 -0.007999956 0.01708209 0.005225121 -0.007999956 0.02053314 -0.003563225 -0.007999956 0.0210433 0.01270121 -0.006199955 0.01715219 0.004633486 -0.006199955 0.0206747 -0.00355637 -0.006199955 0.02096128 -0.007221758 -0.008611738 -7.23388e-4 -0.007470607 -0.00836265 -6.15176e-4 -0.00758928 -0.008004546 -5.63968e-4 -0.006591916 -0.008002221 -3.73105e-4 -0.002919495 -0.008001685 -0.007023692 -0.002958476 -0.008243143 -0.006916582 -0.002983093 -0.008498489 -0.00650376 -0.002852261 -0.008042693 -0.00615406 -0.008997738 -9.99995e-4 -0.01234036 -0.01095902 -9.99995e-4 -0.01063686 -0.01260322 -9.99995e-4 -0.008625686 -0.01388281 -9.99995e-4 -0.006364881 -0.01476067 -9.99995e-4 -0.003919959 -0.02044916 -9.99995e-4 -0.005302488 -0.02088701 -9.99995e-4 -0.003056585 -0.02111065 -9.99995e-4 -9.85142e-4 -0.02107989 -9.99995e-4 0.001386821 -0.02090209 -9.99995e-4 0.003063917 -0.01511752 -9.99995e-4 0.002216398 -0.01441365 -9.99995e-4 0.00504893 -0.01338833 -9.99995e-4 0.007348239 -0.01199918 -9.99995e-4 0.009447872 -0.01028406 -9.99995e-4 0.01129084 -0.008289396 -9.99995e-4 0.01282691 -0.01136213 -9.99995e-4 0.01780974 -0.00935471 -9.99995e-4 0.01891767 -0.007449567 -9.99995e-4 0.0197637 -0.004526972 -9.99995e-4 0.02063471 -0.003543078 -9.99995e-4 0.01485568 -0.001073777 -0.000999987 0.01523452 0.001424074 -0.000999987 0.0152058 0.003883898 -0.000999987 0.0147702 0.006239831 -0.000999987 0.01393944 0.008428812 -0.000999987 0.01273572 0.01039224 -0.000999987 0.01119124 0.0135414 -0.000999987 0.01489853 0.01437878 -0.000999987 0.01408135 0.002790868 -0.000999987 0.003464102 0.004194974 -0.000999987 0.001931607 0.01575464 -0.000999987 0.01252299 0.01687341 -0.000999987 0.01098728 0.01782536 -0.000999987 0.009342908 0.01352691 -0.000999987 0.007089912 0.0145328 -0.000999987 0.004694759 0.01511824 -0.000999987 0.002163827 0.01526629 -0.000999987 -4.29682e-4 0.01497262 -0.000999987 -0.003010749 0.01424574 -0.000999987 -0.005504786 0.01966047 -0.000999987 -0.007729828 0.01869457 -0.000999987 -0.009804189 0.01765793 -0.000999987 -0.01161152 0.0162388 -0.000999987 -0.01351243 0.01510918 -0.000999987 -0.01476466 0.01092296 -0.000999987 -0.01067394 0.008955895 -0.000999987 -0.01237076 0.006729722 -0.000999987 -0.01370966 0.004308879 -0.000999987 -0.01465189 0.001763343 -0.000999987 -0.01517021 -8.3321e-4 -0.000999987 -0.0152496 -0.001276135 -0.000999987 -0.02108687 -0.00354737 -0.000999987 -0.02080923 -0.005586624 -0.000999987 -0.02038186 -0.007833003 -0.000999987 -0.01961958 -0.009373068 -9.99995e-4 -0.01893228 -0.006776154 -0.000999987 -0.01368677 -0.002432107 -0.000999987 0.003724753 -5.40778e-4 -0.000999987 0.004586577 0.004156947 -0.000999987 -0.001583814 0.003133416 -0.000999987 -0.003392755 -2.21755e-4 -0.000999987 -0.004442989 -0.002258419 -0.000999987 -0.004028499 -0.004294037 -0.000999987 -0.001162052 -0.004529237 -0.000999987 9.03035e-4 -0.004123508 -0.000999987 0.001093208 -0.004249989 -0.000999987 -1.11908e-5 -0.004117667 -0.000999987 -0.001114964 -0.003488004 -0.000999987 -0.002456009 -0.002437651 -0.000999987 -0.003500878 -0.001443028 -0.000999987 -0.003997504 -3.6063e-4 -0.000999987 -0.004250705 0.001114904 -0.000999987 -0.004117667 0.002456009 -0.000999987 -0.003488004 0.003500878 -0.000999987 -0.002437651 0.004123508 -0.000999987 -0.001093208 0.004248738 -0.000999987 3.83012e-4 0.003989815 -0.000999987 0.001464068 0.003488004 -0.000999987 0.002456009 0.002723217 -0.000999987 0.003262817 0.001792669 -0.000999987 0.003870964 3.60623e-4 -0.000999987 0.004250705 -0.001114964 -0.000999987 0.004117667 -0.002456068 -0.000999987 0.003488004 -0.003500878 -0.000999987 0.002437651 0.01508903 -3.66107e-4 0.01473212 0.01592099 -3.7837e-4 0.01381891 0.01648259 -2.40266e-4 0.01319116 0.01576709 -0.001128554 0.01253861 0.01687341 -9.99555e-4 0.01098728 0.01782536 -0.000999987 0.009342908 0.01818257 -9.56632e-4 0.009530365 0.01879549 -3.7998e-7 0.009851574 0.01705324 4.99189e-7 0.0125761 0.01427346 -1.77324e-6 0.01570403 0.01354533 -0.00106126 0.01490312 0.01438957 -0.001091301 0.01409035 0.01740586 -5.64717e-4 0.01174056 0.02266097 -0.008999943 -0.003934204 0.02299988 -0.008999943 6.0562e-5 0.02263993 -0.008999943 0.004053533 0.02159214 -0.008999943 0.007923305 0.01988822 -0.008999943 0.01155239 0.01758003 -0.008999943 0.01483041 0.01473766 -0.008999943 0.01765787 0.01144748 -0.008999943 0.01994878 0.007809519 -0.008999943 0.02163356 0.003934204 -0.008999943 0.02266097 -6.05658e-5 -0.008999943 0.02299988 -0.004053533 -0.008999943 0.02263998 -0.007923305 -0.008999943 0.02159214 -0.01155239 -0.008999943 0.01988822 -0.01483041 -0.008999943 0.01758003 -0.01765787 -0.008999943 0.01473766 -0.01994878 -0.008999943 0.01144748 -0.02163356 -0.008999943 0.007809519 -0.02266097 -0.008999943 0.003934204 -0.02299988 -0.008999943 -6.0562e-5 -0.02263998 -0.008999943 -0.004053533 -0.02159214 -0.008999943 -0.007923305 -0.01988822 -0.008999943 -0.01155239 -0.01758003 -0.008999943 -0.01483041 -0.01473766 -0.008999943 -0.01765787 -0.01144748 -0.008999943 -0.01994878 -0.007809519 -0.008999943 -0.02163356 -0.003934204 -0.008999943 -0.02266097 6.05583e-5 -0.008999943 -0.02299988 0.004053473 -0.008999943 -0.02263998 0.007923305 -0.008999943 -0.02159214 0.01155239 -0.008999943 -0.01988822 0.01483041 -0.008999943 -0.01758003 0.01765787 -0.008999943 -0.01473766 0.01994878 -0.008999943 -0.01144748 0.02163356 -0.008999943 -0.007809519 -0.006266117 -0.008999943 -0.0205115 -0.003930032 -0.008999943 -0.007017552 -0.005072593 -0.008999943 -0.006241798 -0.006065666 -0.008999943 -0.005281984 -0.006879806 -0.008999943 -0.004166483 -0.007491171 -0.008999943 -0.002928078 -0.0078817 -0.008999943 -0.001603424 -0.0209971 -0.008999943 -0.003488302 -0.02144396 -0.008999943 -3.78963e-4 -0.007888555 -0.008999943 0.001569092 -0.007503867 -0.008999943 0.002895474 -0.006897866 -0.008999943 0.004136502 -0.006088554 -0.008999943 0.005255579 -0.005099713 -0.008999943 0.006219685 -0.00396049 -0.008999943 0.007000446 -0.009806036 -0.008999943 0.01889151 -0.006986975 -0.008999943 0.02027732 -9.45371e-4 -0.008999943 0.00798738 4.34987e-4 -0.008999943 0.008031368 0.001802504 -0.008999943 0.007838547 0.003116905 -0.008999943 0.007414638 0.004339396 -0.008999943 0.0067721 0.005433917 -0.008999943 0.005929946 0.01493662 -0.008999943 0.01516389 0.01712578 -0.008999943 0.01291102 0.00730431 -0.008999943 0.003367304 0.007896065 -0.008999943 0.001646041 0.008041322 -0.008999943 -1.68353e-4 0.007825255 -0.008999943 -0.001957297 0.007318854 -0.008999943 -0.003335535 0.01903736 -0.008999943 -0.009519696 0.01757127 -0.008999943 -0.01229786 0.005459666 -0.008999943 -0.005906224 0.004368782 -0.008999943 -0.006753146 0.003149092 -0.008999943 -0.007400989 0.001836538 -0.008999943 -0.007830619 4.69901e-4 -0.008999943 -0.008029401 -9.10636e-4 -0.008999943 -0.007991373 -0.003170847 -0.008999943 -0.02104741 -0.0220142 -0.008999943 0.002216219 -0.02139079 -0.008999943 0.005654096 -0.02023398 -0.008999943 0.008951008 -0.01857262 -0.008999943 0.0120247 -0.01644808 -0.008999943 0.01479852 -0.01391339 -0.008999943 0.01720327 -0.01103168 -0.008999943 0.01917904 -0.00695908 -0.008999943 0.01250791 -0.006464958 -0.008999943 0.01114308 -0.006180047 -0.008999943 0.009442925 -0.006309449 -0.008999943 0.007723867 -0.006656169 -0.008999943 0.006408572 -0.007222354 -0.008999943 0.005171775 -0.007991373 -0.008999943 0.004049837 -0.008940756 -0.008999943 0.003075718 -0.01004254 -0.008999943 0.00227797 -0.01126432 -0.008999943 0.001680135 -0.01257026 -0.008999943 0.001299679 -0.01428067 -0.008999943 0.001132488 -0.008910536 -0.008999943 -0.02025187 -0.0119875 -0.008999943 -0.01859664 -0.01476556 -0.008999943 -0.01647764 -0.01717543 -0.008999943 -0.01394778 -0.01915699 -0.008999943 -0.01107007 -0.02066075 -0.008999943 -0.007916271 -0.02164936 -0.008999943 -0.004565119 -0.01392924 -0.008999943 -0.002735733 -0.01227575 -0.008999943 -0.002728044 -0.01098686 -0.008999943 -0.002955019 -0.00975281 -0.008999943 -0.003390729 -0.008607089 -0.008999943 -0.004023313 -0.007580935 -0.008999943 -0.004835605 -0.006702244 -0.008999943 -0.005805492 -0.005994856 -0.008999943 -0.006906628 -0.005478084 -0.008999943 -0.008108973 -0.005165934 -0.008999943 -0.009379982 -0.005066931 -0.008999943 -0.01068496 -0.005227625 -0.008999943 -0.0122801 -0.005655586 -0.008999943 -0.01364272 0.01650714 -0.008999943 -0.01473259 0.01398211 -0.008999943 -0.01714748 0.01110833 -0.008999943 -0.01913475 0.007957577 -0.008999943 -0.0206449 0.004608392 -0.008999943 -0.02164018 0.001144289 -0.008999943 -0.02209585 -0.002348303 -0.008999943 -0.02200049 -0.00169295 -0.008999943 -0.01403838 -0.001138389 -0.008999943 -0.01238089 -4.60587e-4 -0.008999943 -0.01117491 4.16357e-4 -0.008999943 -0.01010501 0.001465737 -0.008999943 -0.009203612 0.002655744 -0.008999943 -0.008498191 0.003950119 -0.008999943 -0.008010089 0.005309641 -0.008999943 -0.007754147 0.006692945 -0.008999943 -0.007738173 0.008058011 -0.008999943 -0.007962703 0.009363293 -0.008999943 -0.008420825 0.01087427 -0.008999943 -0.009299457 0.01911252 -0.008999943 0.0111466 0.02076107 -0.008999943 0.007649302 0.02177572 -0.008999943 0.003918468 0.02212536 -0.008999943 6.79456e-5 0.02179932 -0.008999943 -0.003784656 0.02118003 -0.008999943 -0.006463646 0.02019798 -0.008999943 -0.009031891 0.01282811 -0.008999943 -0.005948245 0.01142311 -0.008999943 -0.004908561 0.01048564 -0.008999943 -0.003891289 0.0097391 -0.008999943 -0.002726614 0.009206116 -0.008999943 -0.001450002 0.008902907 -0.008999943 -1.00313e-4 0.008838713 -0.008999943 0.001281559 0.00901544 -0.008999943 0.002653598 0.009427726 -0.008999943 0.003974139 0.01006305 -0.008999943 0.005203008 0.0109021 -0.008999943 0.006302833 0.01220464 -0.008999943 0.007468342 0.01378041 -0.008999943 0.01522874 0.01398873 -0.008999943 0.01598668 0.009621202 -0.008999943 0.0103622 0.008198261 -0.008999943 0.0093472 0.00694108 -0.008999943 0.008769989 0.005602717 -0.008999943 0.008419871 0.004223883 -0.008999943 0.008307456 0.002846539 -0.008999943 0.008436203 0.001512408 -0.008999943 0.008802115 2.62167e-4 -0.008999943 0.009394168 -8.66316e-4 -0.008999943 0.01019436 -0.001838684 -0.008999943 0.01117831 -0.002625405 -0.008999943 0.01231622 -0.003331363 -0.008999943 0.01391518 -0.004694938 -0.008999943 0.02162158 -9.60071e-4 -0.008999943 0.02210462 0.00280261 -0.008999943 0.0219472 0.00648415 -0.008999943 0.02115398 0.009977817 -0.008999943 0.01974785 0.01330602 -0.008999943 0.01767855 0.01394754 -0.008999943 0.01660615 0.01371347 -0.008999943 0.01719146 -0.002738058 -0.007999956 0.015033 -3.78829e-4 -0.007999956 0.01100689 0.004039585 -0.007999956 0.00910598 0.009719848 -0.007999956 0.01158601 -0.002566933 -0.001999974 0.01507961 0.009681344 -0.001999974 0.0116263 0.005448937 -0.001999974 0.00932312 0.001692593 -0.001999974 0.009732425 -0.001521706 -0.001999974 0.01223844 -0.003545105 -0.005999982 0.02082586 -0.003224909 -0.005999982 0.01894474 -0.003545105 -0.001999974 0.02082586 -0.002566933 -0.001999974 0.01507961 -0.002566933 -0.007999956 0.01507961 -0.003545105 -0.007999956 0.02082586 -0.003545105 -0.006199955 0.02082586 -0.003224909 -0.006199955 0.01894474 0.009557902 -0.007999956 0.01175367 0.01275306 -0.007999956 0.01551598 0.009557902 -0.001999974 0.01175367 0.01275306 -0.001999974 0.01551598 0.01275306 -0.005999982 0.01551598 0.01219159 -0.005999982 0.01485484 0.01219159 -0.006199955 0.01485484 0.01275306 -0.006199955 0.01551598 0.01413196 -0.00119996 -0.005457997 0.01413196 -0.007999956 -0.005457997 0.01354831 -0.007999956 0.007101178 0.01125735 -0.007999956 0.005376398 0.009706377 -0.007999956 8.02251e-4 0.0114572 -0.007999956 -0.003699123 0.0135377 -0.000999987 0.007095396 0.01352691 -0.00119996 0.007089912 0.01103842 -0.00119996 0.005088329 0.009723484 -0.00119996 4.44388e-4 0.01169776 -0.00119996 -0.003959834 0.01871103 -0.005999982 0.009807169 0.01702094 -0.005999982 0.008921325 0.01801198 -9.85421e-4 0.00944072 0.01846337 -7.20367e-4 0.00967735 0.01869815 -2.10717e-4 0.009800374 0.01354831 -0.000999987 0.007101178 0.01354831 -0.007999956 0.007101178 0.01871103 -0.007999956 0.009807169 0.01871103 -0.006199955 0.009807169 0.01702094 -0.006199955 0.008921325 0.01966047 -0.000999987 -0.007729828 0.01966047 -0.005999982 -0.007729828 0.01789522 -0.005999982 -0.007004499 0.01789522 -0.006199955 -0.007004499 0.01966047 -0.006199955 -0.007729828 0.01966047 -0.007999956 -0.007729828 0.01413196 -0.007999956 -0.005457997 0.01418882 -0.00119996 -0.005481421 0.01424574 -0.000999987 -0.005504786 -8.239e-4 -0.00119996 -0.01512694 -8.239e-4 -0.007999956 -0.01512694 0.01094025 -0.007999956 -0.0106908 0.008591949 -0.007999956 -0.009045004 0.003762423 -0.007999956 -0.008983433 2.23517e-5 -0.007999956 -0.01203954 0.01093149 -0.000999987 -0.01068252 0.01092296 -0.00119996 -0.01067394 0.008250355 -0.00119996 -0.008925795 0.003427326 -0.00119996 -0.009110271 -1.51213e-4 -0.00119996 -0.01234894 0.01510918 -0.005999982 -0.01476466 0.01374441 -0.005999982 -0.01343101 0.01510918 -0.000999987 -0.01476466 0.01094025 -0.000999987 -0.0106908 0.01094025 -0.007999956 -0.0106908 0.01510918 -0.007999956 -0.01476466 0.01510918 -0.006199955 -0.01476466 0.01374441 -0.006199955 -0.01343101 -0.001276135 -0.000999987 -0.02108687 -0.001276135 -0.005999982 -0.02108687 -0.001131713 -0.005999982 -0.01918387 -0.001131713 -0.006199955 -0.01918387 -0.001276135 -0.006199955 -0.02108687 -0.001276135 -0.007999956 -0.02108687 -8.239e-4 -0.007999956 -0.01512694 -8.28542e-4 -0.00119996 -0.01518827 -8.3321e-4 -0.000999987 -0.0152496 -0.006743609 -0.007999956 -0.01372939 -0.006168961 -0.007999956 -0.01181739 -0.006781578 -0.000999987 -0.01369756 -0.006776154 -0.00119996 -0.01368677 -0.006116807 -0.00119996 -0.01182931 -0.009373068 -0.005999982 -0.01893228 -0.008526384 -0.005999982 -0.01722216 -0.009373068 -9.99995e-4 -0.01893228 -0.006786823 -0.000999987 -0.01370847 -0.006786823 -0.007999956 -0.01370847 -0.009373068 -0.007999956 -0.01893228 -0.009373068 -0.006199955 -0.01893228 -0.008526384 -0.006199955 -0.01722216 -0.02044916 -9.99995e-4 -0.005302488 -0.02044916 -0.005999982 -0.005302488 -0.01859468 -0.005999982 -0.004851758 -0.01859468 -0.006199955 -0.004851758 -0.02044916 -0.006199955 -0.005302488 -0.02044916 -0.007999956 -0.005302488 -0.01464116 -0.007999956 -0.003890872 -0.01470094 -0.00119996 -0.003905415 -0.01476067 -9.99995e-4 -0.003919959 -0.01513481 -0.007999956 0.002218484 -0.01231598 -0.007999956 0.002258658 -0.008404254 -0.007999956 0.004950463 -0.007294714 -0.007999956 0.007894933 -0.01512277 -9.99995e-4 0.002216935 -0.01511085 -0.00119996 0.002215027 -0.01197588 -0.00119996 0.002358436 -0.008207082 -0.00119996 0.005238831 -0.007294714 -0.00119996 0.007894933 -0.02090209 -0.005999982 0.003063917 -0.01901406 -0.005999982 0.002787113 -0.02090209 -9.99995e-4 0.003063917 -0.01513475 -9.99995e-4 0.002218484 -0.01513481 -0.007999956 0.002218484 -0.02090209 -0.007999956 0.003063917 -0.02090209 -0.006199955 0.003063917 -0.01901406 -0.006199955 0.002787113 -0.01136213 -9.99995e-4 0.01780974 -0.01136213 -0.005999982 0.01780974 -0.01036041 -0.005999982 0.01618528 -0.01036041 -0.006199955 0.01618528 -0.01136213 -0.006199955 0.01780974 -0.01136213 -0.007999956 0.01780974 -0.008224844 -0.007999956 0.01272219 -0.008257091 -0.00119996 0.01277458 -0.008289396 -9.99995e-4 0.01282691 0.01491636 -0.003999948 0.01374983 0.005394339 -0.003999948 0.004497051 0.005394339 -0.007699966 0.004497051 0.005075275 -0.007699966 0.004187047 0.005078256 -0.007995009 0.004189968 0.01491636 -0.007999956 0.01374983 0.006058871 -0.007699966 0.003551423 0.00587058 -0.007699966 0.003368496 0.006058871 -0.003999948 0.003551423 0.01571172 -0.003999948 0.01293128 0.01571172 -0.007999956 0.01293128 0.00587058 -0.007999956 0.003368496 0.01491636 -0.003999948 0.01374983 0.005394339 -0.003999948 0.004497051 0.006071686 -0.003999948 0.003570377 0.01571172 -0.003999948 0.01293128 -0.008467435 -0.003999948 0.01843523 -0.002610027 -0.003999948 0.006519973 -0.002610027 -0.007699966 0.006519973 -0.002413749 -0.007699966 0.006120741 -0.002415597 -0.007995009 0.006124496 -0.008467435 -0.007999956 0.01843523 -0.001505315 -0.007699966 0.006859779 -0.001389503 -0.007699966 0.006624221 -0.001505315 -0.003999948 0.006859779 -0.007443189 -0.003999948 0.01893872 -0.007443189 -0.007999956 0.01893872 -0.001389503 -0.007999956 0.006624221 -0.008467435 -0.003999948 0.01843523 -0.002610027 -0.003999948 0.006519973 -0.001519381 -0.003999948 0.006877839 -0.007443189 -0.003999948 0.01893872 0.01768624 -0.003999948 -0.009937345 0.005943894 -0.003999948 -0.003740608 0.005943894 -0.007699966 -0.003740608 0.005550444 -0.007699966 -0.003533005 0.005554199 -0.007995009 -0.003534972 0.01768624 -0.007999956 -0.009937345 0.005249917 -0.007699966 -0.004664838 0.005017757 -0.007699966 -0.00454235 0.005249917 -0.003999948 -0.004664838 0.01715362 -0.003999948 -0.01094675 0.01715362 -0.007999956 -0.01094675 0.005017757 -0.007999956 -0.00454235 0.01768624 -0.003999948 -0.009937345 0.005943894 -0.003999948 -0.003740608 0.005271911 -0.003999948 -0.004671216 0.01715362 -0.003999948 -0.01094675 -0.003985643 -0.003999948 -0.01989144 -0.001720786 -0.003999948 -0.006808936 -0.001720786 -0.007699966 -0.006808936 -0.001644849 -0.007699966 -0.006370544 -0.001645624 -0.007995009 -0.006374716 -0.003985643 -0.007999956 -0.01989144 -0.005110204 -0.007999956 -0.01969677 -0.00276941 -0.007999956 -0.006175875 -0.00276941 -0.007699966 -0.006175875 -0.002814233 -0.007699966 -0.0064345 -0.002814233 -0.003999948 -0.0064345 -0.005110204 -0.003999948 -0.01969677 -0.003985643 -0.003999948 -0.01989144 -0.001720786 -0.003999948 -0.006808936 -0.002813458 -0.003999948 -0.006457388 -0.005110204 -0.003999948 -0.01969677 -0.02014952 -0.003999948 -0.002356171 -0.02014952 -0.007999956 -0.002356171 -0.00700742 -0.003999948 -4.67511e-4 -0.00700742 -0.007699966 -4.67511e-4 -0.00656706 -0.007699966 -4.04222e-4 -0.006571233 -0.007995009 -4.04825e-4 -0.00698924 -0.007699966 6.88123e-4 -0.006729423 -0.007699966 7.25461e-4 -0.00698924 -0.003999948 6.88123e-4 -0.02031189 -0.003999948 -0.001226484 -0.02031189 -0.007999956 -0.001226484 -0.006729423 -0.007999956 7.25461e-4 -0.02014952 -0.003999948 -0.002356171 -0.00700742 -0.003999948 -4.67511e-4 -0.007010757 -0.003999948 6.80337e-4 -0.02031189 -0.003999948 -0.001226484 -0.01136213 -0.007999956 0.01780974 -0.01534885 -0.007999956 0.01461708 -0.01937031 -0.007999956 0.008604526 -0.02090209 -0.007999956 0.003063917 -0.01151281 -0.006199955 0.01800435 -0.01777529 -0.006199955 0.01149988 -0.02114135 -0.006199955 0.003121554 0.006347537 -0.008688986 -0.00364238 0.006895005 -0.008686363 -0.002497136 0.007210493 -0.008688986 -0.001251816 0.005550324 -0.007987141 -0.003533482 0.006001293 -0.008410096 -0.003686666 0.005020797 -0.008156299 -0.004545867 0.005337238 -0.008687913 -0.004984736 -0.001502633 -0.008688986 -0.007162451 -2.68474e-4 -0.008683919 -0.007318675 0.001585662 -0.008677124 -0.007187187 0.003882765 -0.008689999 -0.006230115 -0.001645445 -0.007987022 -0.006370723 -0.001651287 -0.008413553 -0.006843924 -0.00278151 -0.008156001 -0.006173789 -0.002947509 -0.008519172 -0.006497383 -0.003079652 -0.007699966 -0.005414128 0.006151378 -0.007682323 -0.001067996 0.005865573 -0.007684826 -0.002131462 0.005130469 -0.007712662 -0.003555417 0.004027426 -0.007678627 -0.004774212 0.002663016 -0.007710993 -0.005646884 5.76589e-4 -0.007676362 -0.00624603 -0.001574218 -0.007713437 -0.006039559 0.002608478 -0.00800246 -0.00605905 0.002363264 -0.008078932 -0.006257474 0.002017199 -0.00800687 -0.00628215 0.005875587 -0.008153796 0.00336337 0.005075275 -0.007987141 0.004187047 0.005075275 -0.007699966 0.004187047 0.00587058 -0.007699966 0.003368496 0.01571172 -0.003999948 0.01293128 0.01491636 -0.003999948 0.01374983 0.01491636 -0.007999956 0.01374983 0.01571172 -0.007999956 0.01293128 -0.001383066 -0.008153796 0.00662738 -0.002413749 -0.007987141 0.006120741 -0.002413749 -0.007699966 0.006120741 -0.001389503 -0.007699966 0.006624221 -0.007443189 -0.003999948 0.01893872 -0.008467435 -0.003999948 0.01843523 -0.008467435 -0.007999956 0.01843523 -0.007443189 -0.007999956 0.01893872 0.005014419 -0.008153796 -0.004548668 0.005550444 -0.007987141 -0.003533005 0.005550444 -0.007699966 -0.003533005 0.005017757 -0.007699966 -0.00454235 0.01715362 -0.003999948 -0.01094675 0.01768624 -0.003999948 -0.009937345 0.01768624 -0.007999956 -0.009937345 0.01715362 -0.007999956 -0.01094675 -0.002776503 -0.008153796 -0.006174623 -0.001644849 -0.007987141 -0.006370544 -0.001644849 -0.007699966 -0.006370544 -0.00276941 -0.007699966 -0.006175875 -0.005110204 -0.003999948 -0.01969677 -0.003985643 -0.003999948 -0.01989144 -0.003985643 -0.007999956 -0.01989144 -0.005110204 -0.007999956 -0.01969677 -0.006730437 -0.008153796 7.32565e-4 -0.00656706 -0.007987141 -4.04222e-4 -0.00656706 -0.007699966 -4.04222e-4 -0.006729423 -0.007699966 7.25461e-4 -0.02031189 -0.003999948 -0.001226484 -0.02014952 -0.003999948 -0.002356171 -0.02014952 -0.007999956 -0.002356171 -0.02031189 -0.007999956 -0.001226484 -0.007025539 -0.003999948 -4.68165e-4 -0.00698924 -0.003999948 6.88123e-4 -0.00700742 -0.007699966 -4.67511e-4 -0.0070073 -0.007699966 6.89348e-4 -0.00656706 -0.007699966 -4.04222e-4 -0.00700742 -0.007699966 -4.67511e-4 -0.006729423 -0.007699966 7.25461e-4 -0.007010757 -0.007699966 6.8034e-4 -0.001725733 -0.003999948 -0.006826341 -0.002814233 -0.003999948 -0.0064345 -0.001720786 -0.007699966 -0.006808936 -0.002820968 -0.007699966 -0.006451308 -0.001644849 -0.007699966 -0.006370544 -0.001720786 -0.007699966 -0.006808936 -0.00276941 -0.007699966 -0.006175875 -0.002813458 -0.007699966 -0.006457388 0.005958974 -0.003999948 -0.003750741 0.005249917 -0.003999948 -0.004664838 0.005943894 -0.007699966 -0.003740608 0.005263805 -0.007699966 -0.004676461 0.005550444 -0.007699966 -0.003533005 0.005943894 -0.007699966 -0.003740608 0.005017757 -0.007699966 -0.00454235 0.005271911 -0.007699966 -0.004671216 -0.002616226 -0.003999948 0.00653702 -0.001505315 -0.003999948 0.006859779 -0.002610027 -0.007699966 0.006519973 -0.001509726 -0.007699966 0.006877362 -0.002413749 -0.007699966 0.006120741 -0.002610027 -0.007699966 0.006519973 -0.001389503 -0.007699966 0.006624221 -0.001519381 -0.007699966 0.006877839 0.005408585 -0.003999948 0.004508256 0.006058871 -0.003999948 0.003551423 0.005394339 -0.007699966 0.004497051 0.00607419 -0.007699966 0.003561079 0.005075275 -0.007699966 0.004187047 0.005394339 -0.007699966 0.004497051 0.00587058 -0.007699966 0.003368496 0.006071686 -0.007699966 0.003570377 -0.00418663 -0.007699966 -0.002134442 -0.006105482 -0.007699966 -0.001232981 -0.003332734 -0.007699966 -0.003216564 -0.003724157 -0.007699966 -0.002529203 -0.003079652 -0.007699966 -0.005414128 0.006136953 -0.007699966 -0.001065433 0.005859434 -0.007699966 -0.002112925 0.005404591 -0.007699966 -0.003096401 0.004786133 -0.007699966 -0.003986239 0.004022836 -0.007699966 -0.004755377 0.003137826 -0.007699966 -0.00538063 0.002157807 -0.007699966 -0.005843043 0.00111252 -0.007699966 -0.006128609 3.35462e-5 -0.007699966 -0.006228685 -0.001046419 -0.007699966 -0.006140232 -0.002094745 -0.007699966 -0.005865931 -0.006023287 -0.007699966 0.001663148 -0.005402445 -0.007699966 0.003100156 -0.004782021 -0.007699966 0.003991186 -0.00401628 -0.007699966 0.004760921 -0.003128588 -0.007699966 0.005386054 -0.002145767 -0.007699966 0.005847454 -0.001097738 -0.007699966 0.006131231 -1.64062e-5 -0.007699966 0.006228744 0.001065433 -0.007699966 0.006136953 0.002114892 -0.007699966 0.005858719 0.003100156 -0.007699966 0.005402445 0.003991186 -0.007699966 0.004782021 0.004760921 -0.007699966 0.00401628 0.005386054 -0.007699966 0.003128528 0.005847454 -0.007699966 0.002145767 0.006131231 -0.007699966 0.001097738 0.006228744 -0.007699966 1.64006e-5 -0.00624001 -0.007699966 -8.54041e-5 -0.001454412 -0.007699966 1.23393e-4 -0.001408934 -0.007699966 -3.81511e-4 -0.001122653 -0.007699966 -9.47075e-4 -6.13421e-4 -0.007699966 -0.001324534 3.8594e-6 -0.007699966 -0.001468777 6.20373e-4 -0.007699966 -0.001321256 0.0011276 -0.007699966 -9.41144e-4 0.001447141 -0.007699966 -2.51235e-4 0.001378834 -0.007699966 5.05989e-4 0.001029372 -0.007699966 0.001034855 6.13403e-4 -0.007699966 0.001324534 -3.87058e-6 -0.007699966 0.001468777 -7.37749e-4 -0.007699966 0.001270055 -0.00127393 -0.007699966 7.31044e-4 -0.003545105 -0.001999974 0.02082586 -0.003701806 -0.001372575 0.02079957 -0.00452584 -9.78842e-4 0.02063602 -0.002535104 -0.001996815 0.01508504 -0.003552079 -9.88141e-4 0.01491189 -0.00289911 -0.001215219 0.01502305 -0.002936422 -0.001179218 0.01500254 -0.003546476 -9.79282e-4 0.01489305 -0.002556264 -0.00199896 0.01508146 0.00959295 -0.001997768 0.01171702 0.007098257 -0.001992762 0.009951233 0.004930675 -0.001992166 0.009383857 0.002223014 -0.001989901 0.00968188 -4.29165e-4 -0.001994431 0.0111137 -0.002008676 -0.00199294 0.01338207 0.009818792 -0.001140177 0.01153129 0.008908331 -0.001124501 0.01065242 0.007903754 -0.001194119 0.009875953 0.006140589 -0.00118792 0.009132146 0.004238843 -0.001184999 0.008920848 0.001136898 -0.001191437 0.009588241 -9.44011e-4 -0.00118494 0.01106345 -0.002398967 -0.001185595 0.01315325 0.003082871 -0.001124918 0.009078443 2.29679e-4 -0.001614689 0.0104984 -0.004694938 -0.008999943 0.02162158 -0.003890037 -0.008724987 0.02106171 -0.003620862 -0.008022844 0.02079361 -0.002435028 -0.008014261 0.01510202 -0.003546476 -0.00906074 0.01491284 -0.002486646 -0.008010745 0.01509237 -0.003539323 -0.009105205 0.01491236 0.01030886 -0.009105145 0.0111137 0.009336173 -0.008999943 0.01013398 0.008199095 -0.009035348 0.009353697 0.00694108 -0.008999943 0.008769989 0.00559622 -0.009035289 0.008422613 0.004223585 -0.009009957 0.00830841 0.002846539 -0.008999943 0.008436203 0.001523733 -0.009043216 0.008803725 2.62741e-4 -0.009011983 0.009395182 -8.66316e-4 -0.008999943 0.01019436 -0.001832306 -0.009018719 0.01117384 -0.002625405 -0.008999943 0.01231622 -0.003194153 -0.009043216 0.01356577 0.009495377 -0.008010745 0.01180565 -0.001700401 -0.008001565 0.01260632 0.001136124 -0.008001685 0.009926795 0.004838705 -0.008002877 0.009334325 0.007736682 -0.008001565 0.01017314 -0.00215125 -0.008513331 0.01328724 -8.27435e-4 -0.008661091 0.01119685 0.001791059 -0.008626639 0.009499609 0.00551784 -0.008672118 0.009110093 0.008350789 -0.0086506 0.01033502 0.009942114 -0.001195609 0.01159381 0.01039189 -9.77077e-4 0.01119357 0.009824156 -0.001145303 0.01152759 0.009551525 -0.001999378 0.0117591 0.01353722 -9.47468e-4 0.01490545 0.01264429 -0.001980781 0.01559942 -0.004694938 -0.008999943 0.02162158 -0.003664493 -0.008464276 0.02091526 -0.003537535 -0.008004128 0.02082276 0.01253646 -0.008007347 0.01690012 0.008171856 -0.008000552 0.01954185 0.00322324 -0.008000254 0.02087509 0.0131728 -0.009104371 0.01775926 -9.60071e-4 -0.008999943 0.02210462 0.002802193 -0.009007394 0.02194499 0.00648415 -0.008999943 0.02115398 0.01000559 -0.009047508 0.01972478 0.009751677 -0.008524835 0.01888406 0.006651103 -0.008672356 0.02025657 0.003160655 -0.008677005 0.02110499 -3.46031e-4 -0.008857429 0.02158451 -3.36982e-4 -0.008020758 0.02106148 -0.004133045 -0.008890569 0.02123743 0.009446799 -0.008020579 0.01184803 0.01031589 -0.009052813 0.01110994 0.01350998 -0.009063839 0.0148732 0.01265347 -0.008017539 0.01560062 0.01264023 -0.001983582 0.01706767 0.01281166 -9.7701e-4 0.016797 0.01316672 -4.78052e-4 0.01652085 0.01369088 -8.13231e-5 0.01606571 0.01421427 -7.30157e-7 0.015639 0.01296174 -0.002000093 0.01652771 0.01278614 -0.001998782 0.0154953 0.01353591 -9.75199e-4 0.01489704 0.01299095 -0.001258015 0.0153582 0.01399815 -8.02256e-4 0.01540356 0.01328217 -0.00109452 0.01558846 0.01324772 -0.001003503 0.01624935 0.01395899 -0.009018719 0.01582145 0.01319849 -0.00873965 0.01595377 0.01302909 -0.008002698 0.01599723 0.01399272 -0.00900042 0.01629316 0.0138536 -0.00900042 0.01690798 0.01353067 -0.009005069 0.01744842 0.01317846 -0.009045898 0.01775878 0.01257514 -0.008005321 0.01694309 0.0131902 -0.008684098 0.01665037 0.01276516 -0.007999956 0.01550716 0.0129829 -0.007999956 0.01599055 0.01275873 -0.006199955 0.01551187 0.01299065 -0.006199955 0.01598864 0.01911264 -0.009097278 0.01113373 0.01875835 -0.008528769 0.01002198 0.01869869 -0.008004486 0.009807765 0.01356273 -0.008002102 0.007073581 0.013098 -0.009191811 0.007960379 0.0135709 -0.008005678 0.007056713 0.01309162 -0.009150624 0.007965445 0.01375538 -0.009105205 -0.006370007 0.01252299 -0.008999943 -0.005747616 0.01142311 -0.008999943 -0.004908561 0.01048254 -0.009017229 -0.003884136 0.0097391 -0.008999943 -0.002726614 0.009208559 -0.009077608 -0.00142771 0.008902907 -0.008999943 -1.00313e-4 0.008840382 -0.009018003 0.001274108 0.009016513 -0.009011983 0.00265336 0.009427726 -0.008999943 0.003974139 0.01005959 -0.009020566 0.005193352 0.01090759 -0.009019792 0.006305694 0.01191943 -0.008999943 0.007240295 0.01416206 -0.008010745 -0.005382478 0.01209288 -0.0080114 0.005986392 0.01061058 -0.008002936 0.004141271 0.009800851 -0.008003354 0.001120448 0.0103203 -0.008001089 -0.001638472 0.01203691 -0.007999181 -0.004223167 0.0112245 -0.008746802 0.005744338 0.009806096 -0.008776068 0.003164768 0.009582281 -0.008643925 0.001173615 0.01024001 -0.008517086 -0.001789569 0.01172137 -0.008834958 -0.004434168 0.01248604 -0.008451938 -0.004648149 0.02178567 -0.009103417 -0.003780603 0.02073234 -0.008010745 -0.00359869 0.01911246 -0.009036004 0.01112759 0.02069091 -0.009109377 0.007758975 0.02175033 -0.009112179 0.003853261 0.02212536 -0.008999943 6.79456e-5 0.01877576 -0.008567452 0.01001644 0.01870346 -0.008007407 0.009782612 0.02109283 -0.008003413 -1.31879e-4 0.02082663 -0.008005261 0.003298819 0.0199685 -0.008024334 0.006621837 0.02150058 -0.008843243 -2.38182e-4 0.01414382 -0.008002102 -0.005429148 0.01376324 -0.009191572 -0.006355345 0.02019691 -0.009097158 -0.009019076 0.01972937 -0.00852859 -0.007940948 0.01964771 -0.008004605 -0.007732272 0.01649492 -0.009097278 -0.01473665 0.01532816 -0.008528769 -0.01474326 0.01510596 -0.008004486 -0.01475268 0.01091849 -0.008002102 -0.0107131 0.01161825 -0.009191811 -0.00999701 0.01088285 -0.008010745 -0.01074838 0.01162862 -0.009105205 -0.009983956 -0.001818358 -0.00902605 -0.015051 -0.00159651 -0.008999943 -0.01368618 -0.001137852 -0.009042561 -0.01239269 -4.60587e-4 -0.008999943 -0.01117491 4.12624e-4 -0.009018003 -0.01011168 0.001467704 -0.009033381 -0.009206354 0.002655744 -0.008999943 -0.008498191 0.003976941 -0.00904864 -0.00800991 0.005309998 -0.009033381 -0.007757484 0.006692945 -0.008999943 -0.007738173 0.008058011 -0.008999943 -0.007962703 0.009363293 -0.008999943 -0.008420825 0.01056206 -0.009018003 -0.009096145 -8.1658e-4 -0.008000671 -0.01512724 -0.001025438 -0.008656859 -0.01511186 0.008742511 -0.008003294 -0.009200155 0.005109667 -0.008005738 -0.008771896 0.002448022 -0.008002996 -0.009755015 7.19134e-4 -0.0080024 -0.01126325 -4.48458e-4 -0.008002936 -0.01335608 0.009560465 -0.008597612 -0.009447574 0.007274031 -0.008876562 -0.008330523 0.00540024 -0.008651375 -0.008470237 0.002470493 -0.008589923 -0.009520709 5.1311e-4 -0.008690357 -0.01108783 -6.81069e-4 -0.008637249 -0.01327449 0.01649069 -0.00904864 -0.01473408 0.01531362 -0.008544504 -0.01476377 0.01508736 -0.008013546 -0.01475739 -0.001268923 -0.008010864 -0.02106779 0.00234127 -0.008001506 -0.02099138 0.006067335 -0.008009493 -0.02021521 0.01236516 -0.008001506 -0.01712375 -0.002317309 -0.009150087 -0.0219677 -0.001382589 -0.008459329 -0.02117079 0.01398211 -0.008999943 -0.01714748 0.0111019 -0.0090397 -0.01912033 0.007957577 -0.008999943 -0.0206449 0.004608392 -0.008999943 -0.02164018 0.001144289 -0.008999943 -0.02209585 0.001443982 -0.008716225 -0.02133029 0.005292952 -0.008710503 -0.0207054 0.009282946 -0.008849859 -0.01954042 0.009555935 -0.008036434 -0.01875758 0.01283663 -0.008704721 -0.01708287 -6.90225e-4 -0.008014321 -0.01513707 -0.001814663 -0.009060621 -0.01505172 -0.002348303 -0.008999943 -0.02200049 -0.001598477 -0.008725106 -0.02135848 -0.001357555 -0.008023321 -0.02106148 -0.008918166 -0.009097278 -0.02024149 -0.009285032 -0.008528769 -0.01913386 -0.009362637 -0.008004486 -0.01892548 -0.006814718 -0.008002102 -0.01369464 -0.005917489 -0.009191811 -0.01413887 -0.005196452 -0.009104847 -0.01198464 -0.006249666 -0.008010685 -0.01180261 -0.01487624 -0.009033858 -0.002922415 -0.01358443 -0.008999943 -0.002716004 -0.01224237 -0.009052097 -0.002738535 -0.01098686 -0.008999943 -0.002955019 -0.009755611 -0.00900501 -0.003390014 -0.00860995 -0.009030461 -0.004025697 -0.007580935 -0.008999943 -0.004835605 -0.006700694 -0.009003877 -0.005808174 -0.005994856 -0.008999943 -0.006906628 -0.005481421 -0.009035944 -0.008111357 -0.005165934 -0.008999943 -0.009379982 -0.005066931 -0.008999943 -0.01068496 -0.01464384 -0.008003473 -0.003868281 -0.01469111 -0.008601486 -0.003673017 -0.006123542 -0.008006215 -0.01008725 -0.00661242 -0.00800091 -0.007900416 -0.008776783 -0.008000791 -0.004989922 -0.01186037 -0.008004724 -0.003811895 -0.005689322 -0.008845925 -0.009503066 -0.007325649 -0.008617162 -0.00627315 -0.009567022 -0.008678078 -0.004343807 -0.01175612 -0.008774757 -0.003442645 -0.00891745 -0.009048521 -0.02023649 -0.009308695 -0.008545935 -0.01912695 -0.009379267 -0.008007824 -0.01892101 -0.02042227 -0.008015513 -0.005305409 -0.01923972 -0.008001804 -0.008713304 -0.01747119 -0.008001804 -0.01186782 -0.01519048 -0.008001804 -0.01467436 -0.01246434 -0.008001804 -0.01705074 -0.02164936 -0.008999943 -0.004565119 -0.02071094 -0.008673787 -0.005153954 -0.01196235 -0.009017825 -0.01860707 -0.01476204 -0.00901252 -0.0164743 -0.01717162 -0.00901252 -0.01394468 -0.01915293 -0.00901252 -0.01106727 -0.02066075 -0.008999943 -0.007916271 -0.01975291 -0.0087291 -0.008205413 -0.01764082 -0.008668541 -0.01207774 -0.01488667 -0.008678674 -0.01531213 -0.01219725 -0.008677363 -0.01752811 -0.01463377 -0.008002102 -0.00392121 -0.01487028 -0.009191572 -0.002948224 -0.02164095 -0.009097158 -0.004574835 -0.02062898 -0.00852859 -0.005172252 -0.02044022 -0.008004605 -0.005293071 -0.0220142 -0.008999943 0.002216219 -0.02111679 -0.008607029 0.00288248 -0.02089202 -0.008004844 0.003053605 -0.0151301 -0.008002221 0.002250373 -0.01527541 -0.009194791 0.001259326 -0.006327331 -0.009089469 0.007731378 -0.007344663 -0.008005678 0.007904052 -0.007373452 -0.008997261 0.01324719 -0.006614983 -0.009002208 0.01169919 -0.006180167 -0.008999347 0.009445369 -0.008245825 -0.00800246 0.0127089 -0.007908701 -0.008832633 0.01291733 -0.007302463 -0.008002817 0.01062613 -0.007074415 -0.008514285 0.00941807 -0.00728321 -0.008713066 0.01133286 -0.02200722 -0.009029984 0.002222597 -0.0211184 -0.008620977 0.002906024 -0.02089112 -0.008009374 0.003073751 -0.01135843 -0.008014321 0.01778584 -0.01406329 -0.008020877 0.01570028 -0.01669001 -0.008013665 0.01290565 -0.01103168 -0.008999943 0.01917904 -0.01130169 -0.008673846 0.01810568 -0.02139079 -0.008999943 0.005654096 -0.02023398 -0.008999943 0.008951008 -0.01857262 -0.008999943 0.0120247 -0.0164442 -0.00901252 0.01479554 -0.01391339 -0.008999943 0.01720327 -0.01403033 -0.008833825 0.01637411 -0.017129 -0.008822679 0.0131247 -0.02016127 -0.008805751 0.007773458 -0.01871699 -0.008018136 0.009708702 -0.02008688 -0.008020102 0.006391882 -0.008251428 -0.008002102 0.0127058 -0.007399082 -0.009191572 0.01323145 -0.01103836 -0.009097158 0.01916807 -0.01129382 -0.00852859 0.01802104 -0.01135039 -0.008004605 0.01780414 0.01712578 -0.008999943 0.01291102 0.01597976 -0.008594214 0.01294887 0.01570922 -0.00800383 0.01294201 0.01493674 -0.009023785 0.01516133 0.01493376 -0.008005917 0.01374882 0.01494562 -0.008592784 0.01403528 0.01489311 -0.008005082 0.01375555 0.0148949 -0.008591294 0.01403546 0.01493644 -0.009023785 0.01516127 0.005433917 -0.008999943 0.005929946 0.005122482 -0.008003771 0.004168927 0.005422592 -0.008765041 0.005082905 0.005927562 -0.008043646 0.003299415 0.006210207 -0.00849086 0.003517806 0.007272779 -0.009185075 0.003383576 0.01712578 -0.008999943 0.01291102 0.01598101 -0.008600652 0.01290798 0.01570802 -0.008004009 0.01292163 0.005435347 -0.008692622 0.004904806 0.005435168 -0.009025692 0.005920886 4.26449e-4 -0.009032249 0.008027791 0.001803338 -0.009005308 0.007837712 0.003132581 -0.009003102 0.007407546 0.004339396 -0.008999943 0.0067721 -0.001365005 -0.008690834 0.007189691 -9.53529e-4 -0.009063363 0.007975935 0.004509806 -0.008698046 0.005755186 0.003472149 -0.008729696 0.006410419 0.001742362 -0.008697509 0.007128655 -1.17488e-4 -0.008713424 0.007299959 0.007924556 -0.008999943 -0.001375794 0.007164418 -0.008748412 -0.001244604 0.00730431 -0.008999943 0.003367304 0.007727622 -0.008999943 0.002230465 0.008041322 -0.008999943 -1.68353e-4 0.006406068 -0.008725106 0.003521561 0.007281601 -0.00873363 6.3386e-4 0.00690639 -0.008714795 0.002363979 0.007975816 -0.009016156 0.001020371 -0.001411795 -0.008515775 0.007025837 -9.45754e-4 -0.009010314 0.007986903 -0.006987333 -0.009022533 0.02027517 -0.007429718 -0.008006274 0.01893103 -0.007326781 -0.008590936 0.01920056 -0.001306533 -0.008043706 0.006656885 0.005563735 -0.007999956 -0.003539979 0.006306886 -0.008623123 -0.003632187 0.01768201 -0.008003652 -0.009925365 0.01903736 -0.008999943 -0.009519696 0.01793736 -0.008598029 -0.009838521 0.007318854 -0.008999943 -0.003335535 -0.007458925 -0.008005976 0.01894152 -0.00737214 -0.008599698 0.0192191 -0.006988108 -0.009022176 0.02027493 -0.009803533 -0.00902456 0.01889073 -0.008463263 -0.00800538 0.01845568 -0.00872761 -0.008588492 0.01855152 0.01903736 -0.008999943 -0.009519696 0.01794749 -0.008592009 -0.009879231 0.01768815 -0.008003711 -0.009948968 0.01716011 -0.008004009 -0.01093947 0.01757127 -0.008999943 -0.01229786 0.01725542 -0.008574843 -0.01118844 -0.008480072 -0.008005082 0.01841491 -0.008745729 -0.008591294 0.01850312 -0.009803652 -0.009023785 0.0188905 -0.00396049 -0.008999943 0.007000446 -0.00238198 -0.008003771 0.00616008 -0.00315839 -0.008765041 0.006727874 0.004969656 -0.008043646 -0.004617869 0.005264699 -0.00849086 -0.004819214 0.005465388 -0.009185075 -0.005871236 0.01757127 -0.008999943 -0.01229786 0.01721465 -0.008600652 -0.01121008 0.01714324 -0.008004009 -0.01094621 -0.00298506 -0.008692741 0.006684899 -0.003951549 -0.009025633 0.006998836 -0.007885456 -0.009034097 0.00156486 -0.007504403 -0.009060323 0.002877116 -0.006902694 -0.009059727 0.004116952 -0.006085455 -0.009059071 0.005250334 -0.005124151 -0.009072363 0.006184458 -0.007263422 -0.008694767 9.19556e-4 -0.004557847 -0.008700072 0.005746006 -0.005778789 -0.008688986 0.004490375 -0.006710708 -0.008695423 0.00296694 0.005461335 -0.009037554 -0.005895972 0.005334198 -0.008692145 -0.005013227 -0.001511394 -0.008684873 -0.00716871 3.58779e-4 -0.00870788 -0.007322013 0.002188444 -0.008699715 -0.006975352 0.003890991 -0.008701384 -0.006218791 -9.21387e-4 -0.009038448 -0.007979273 0.004368782 -0.008999943 -0.006753146 0.003143429 -0.009031355 -0.007397949 0.001821458 -0.009014487 -0.007831811 4.69901e-4 -0.008999943 -0.008029401 -0.007118225 -0.008515775 8.28408e-4 -0.007888257 -0.009010314 0.001568615 -0.02144205 -0.009022533 -3.80022e-4 -0.02030038 -0.008006274 -0.001216053 -0.02052497 -0.008590936 -0.001034855 -0.006734848 -0.008043706 8.14501e-4 -0.001647412 -0.007999956 -0.006385326 -0.001505494 -0.008623123 -0.007120609 -0.00397551 -0.008003652 -0.01988375 -0.003170847 -0.008999943 -0.02104741 -0.003814041 -0.008598089 -0.02009975 -9.10636e-4 -0.008999943 -0.007991373 -0.02032643 -0.00800538 -0.001241505 -0.02055579 -0.008600771 -0.001072108 -0.02144205 -0.009022176 -3.80814e-4 -0.02099561 -0.00902456 -0.003486156 -0.02016073 -0.008005976 -0.002344787 -0.02034139 -0.0085873 -0.002567708 -0.003170847 -0.008999943 -0.02104741 -0.00385642 -0.008575439 -0.02011901 -0.003996074 -0.008003711 -0.0198968 -0.005101323 -0.008004009 -0.01970076 -0.006266117 -0.008999943 -0.0205115 -0.005315959 -0.008591473 -0.01986879 -0.007591426 -0.008008599 -4.61418e-4 -0.007523 -0.008911907 -0.001101076 -0.02013486 -0.008005559 -0.002368271 -0.02030056 -0.008592188 -0.002600193 -0.02099543 -0.009023606 -0.003486335 -0.007881104 -0.009031057 -0.00160104 -0.003439545 -0.008905827 -0.006780385 -0.003050565 -0.008540689 -0.00696361 -0.002908468 -0.008000671 -0.00702399 -0.003927052 -0.009032547 -0.007016837 -0.006266117 -0.008999943 -0.0205115 -0.005340218 -0.008586168 -0.01983052 -0.005111038 -0.008004009 -0.01968705 -0.007519304 -0.008908569 -0.001100242 -0.007246613 -0.008908808 -0.002283751 -0.006523609 -0.008902311 -0.00394541 -0.004960775 -0.008910179 -0.005785763 -0.003435432 -0.008911728 -0.00677675 -0.0078817 -0.008999943 -0.001603424 -0.003930032 -0.008999943 -0.007017552 -0.005072057 -0.009005606 -0.006240963 -0.006064951 -0.009005606 -0.005281329 -0.006876945 -0.009017467 -0.004164695 -0.007490277 -0.009005606 -0.00292778 0.003153264 0.01249998 -8.3603e-4 0.002677142 0.01249998 -0.001864075 0.001878142 0.01249998 -0.002667307 8.52607e-4 0.01249998 -0.003148794 8.55327e-6 0.01249998 -0.003249943 -8.36041e-4 0.01249998 -0.003153264 -0.00161755 0.01249998 -0.002818822 -0.00230062 0.01249998 -0.002312779 -0.002952933 0.01249998 -0.001386404 -0.003249049 0.01249998 -2.92869e-4 -0.003153264 0.01249998 8.3603e-4 -0.002677142 0.01249998 0.001864075 -0.001878142 0.01249998 0.002667307 -8.52622e-4 0.01249998 0.003148794 -8.56072e-6 0.01249998 0.003249943 8.36033e-4 0.01249998 0.003153264 0.00161755 0.01249998 0.002818822 0.00230062 0.01249998 0.002312779 0.002952933 0.01249998 0.001386404 0.003248989 0.01249998 2.92869e-4 0.001455307 0.01249998 -3.85851e-4 0.001163125 0.01249998 -9.70788e-4 6.39893e-4 0.01249998 -0.00136286 3.98606e-6 0.01249998 -0.001514971 -6.32729e-4 0.01249998 -0.001366198 -0.001061856 0.01249998 -0.001067399 -0.001422286 0.01249998 -5.21915e-4 -0.001500248 0.01249998 1.27276e-4 -0.001366198 0.01249998 6.32729e-4 -0.001067459 0.01249998 0.001061797 -6.39901e-4 0.01249998 0.00136286 -3.99351e-6 0.01249998 0.001514971 6.32722e-4 0.01249998 0.001366198 0.001061797 0.01249998 0.001067399 0.00136286 0.01249998 6.39917e-4 0.001499533 0.01249998 1.35176e-4 -0.00320208 0.01249998 5.55927e-4 -0.00320208 0 5.55927e-4 0.003307282 0.01249998 -5.85116e-4 0.001899719 0.01249998 -0.002698004 -1.9734e-4 0.01249998 -0.003303766 -0.002927005 0.01249998 -0.001811146 0.003239929 0 -5.66177e-4 0.0018754 0 -0.002824366 -0.001508235 0 -0.00303632 -0.003215253 0 -7.84993e-4 0.001489102 -0.000999987 -2.57475e-4 0.001242339 -0.000999987 9.9013e-4 -6.45179e-4 -0.000999987 0.001481413 -0.001495361 -0.000999987 2.6131e-4 0.001495897 0.01249998 -2.58015e-4 -0.001554489 0.01249998 2.78365e-4 -5.11929e-5 0.01249998 0.001645147 0.001366078 0.01249998 6.83542e-4 0.001500248 -0.000999987 -1.27248e-4 0.00145328 -0.000999987 3.93527e-4 0.001157999 -0.000999987 9.76896e-4 6.32711e-4 -0.000999987 0.001366198 -3.99351e-6 -0.000999987 0.001514971 -6.39897e-4 -0.000999987 0.00136286 -0.001163125 -0.000999987 9.70788e-4 -0.001455366 -0.000999987 3.85851e-4 -0.001499533 -0.000999987 -1.35176e-4 -0.00136286 -0.000999987 -6.39917e-4 -0.001061797 -0.000999987 -0.001067399 -6.32722e-4 -0.000999987 -0.001366198 3.98606e-6 -0.000999987 -0.001514971 6.39893e-4 -0.000999987 -0.00136286 0.001067399 -0.000999987 -0.001061797 0.001366198 -0.000999987 -6.32714e-4 0.004247844 -0.001009106 3.83098e-4 0.003861129 -0.001006007 0.001812458 0.003006577 -0.001018404 0.003023445 0.001792609 -0.001001417 0.003870904 -3.82915e-4 -0.001011013 0.004247725 -0.001461029 -0.001014411 0.003989338 -0.002455949 -0.001001417 0.003487884 -0.003500461 -0.00100404 0.002437472 -0.003997504 -0.000999987 0.001443028 -0.004175782 -0.001092016 7.27104e-4 -0.003139078 -1.18092e-5 5.4726e-4 -0.002683818 -4.67896e-6 0.001775145 -0.001571655 -6.70552e-7 0.002875089 3.44396e-4 -2.07871e-6 0.0032714 0.002307713 -2.72691e-6 0.00233221 0.003139257 -9.16421e-7 8.5004e-4 0.003100156 -1.55494e-5 -5.3614e-4 0.004179358 -0.001069247 -7.24904e-4 -0.003040909 -7.76842e-4 0.001966655 -0.001775801 -5.78873e-4 0.002919673 -5.28373e-4 -6.84261e-4 0.003446757 0.001429677 -5.6161e-4 0.003130018 7.37026e-4 -0.001058101 0.004178047 0.002769947 -6.15023e-4 0.002016067 0.003445029 -7.00593e-4 6.60704e-4 0.004157006 0.006999969 -0.001583814 0.004156947 -0.000999987 -0.001583814 0.01864957 0.006999969 -0.00978434 0.01864957 -0.000999987 -0.00978434 0.01864957 0.006999969 -0.00978434 0.01864957 -0.000999987 -0.00978434 0.01762604 0.006999969 -0.01159328 0.01762604 -0.000999987 -0.01159328 0.01762604 0.006999969 -0.01159328 0.01762604 -0.000999987 -0.01159328 0.003133416 0.006999969 -0.003392755 0.003133416 -0.000999987 -0.003392755 0.003133416 0.006999969 -0.003392755 0.003133416 -0.000999987 -0.003392755 0.004157006 0.006999969 -0.001583814 0.004156947 -0.000999987 -0.001583814 0.003133416 0.006999969 -0.003392755 0.004157006 0.006999969 -0.001583814 0.01762604 0.006999969 -0.01159328 0.01864957 0.006999969 -0.00978434 0.002790868 0.006999969 0.003464102 0.002790868 -0.000999987 0.003464102 0.01506853 0.006999969 0.01471328 0.0150606 -4.06176e-4 0.01470601 0.01457995 -9.76309e-4 0.01426559 0.01487338 -7.4622e-4 0.01453447 0.01506853 0.006999969 0.01471328 0.01647263 0.006999969 0.01318085 0.01647263 -2.36996e-4 0.01318085 0.01506853 -3.54707e-4 0.01471328 0.01591265 -3.70212e-4 0.01379197 0.01647263 0.006999969 0.01318085 0.004194974 0.006999969 0.001931607 0.004194974 -0.000999987 0.001931607 0.01644027 -4.26039e-4 0.01315116 0.01601904 -9.6295e-4 0.01276528 0.004194974 0.006999969 0.001931607 0.004194974 -0.000999987 0.001931607 0.002790868 0.006999969 0.003464102 0.002790868 -0.000999987 0.003464102 0.004194974 0.006999969 0.001931607 0.002790868 0.006999969 0.003464102 0.01647263 0.006999969 0.01318085 0.01506853 0.006999969 0.01471328 -0.002432107 0.006999969 0.003724753 -0.002432107 -0.000999987 0.003724753 -0.009336709 0.006999969 0.01887768 -0.009336709 -9.99995e-4 0.01887768 -0.009336709 0.006999969 0.01887768 -0.009336709 -9.99995e-4 0.01887768 -0.007445394 0.006999969 0.0197395 -0.007445394 -9.99995e-4 0.0197395 -0.007445394 0.006999969 0.0197395 -0.007445394 -9.99995e-4 0.0197395 -5.40778e-4 0.006999969 0.004586577 -5.40778e-4 -0.000999987 0.004586577 -5.40778e-4 0.006999969 0.004586577 -5.40778e-4 -0.000999987 0.004586577 -0.002432107 0.006999969 0.003724753 -0.002432107 -0.000999987 0.003724753 -5.40778e-4 0.006999969 0.004586577 -0.002432107 0.006999969 0.003724753 -0.007445394 0.006999969 0.0197395 -0.009336709 0.006999969 0.01887768 -0.004294037 0.006999969 -0.001162052 -0.004294037 -0.000999987 -0.001162052 -0.02083897 0.006999969 -0.003046214 -0.02083897 -9.99995e-4 -0.003046214 -0.02083897 0.006999969 -0.003046214 -0.02083897 -9.99995e-4 -0.003046214 -0.02107411 0.006999969 -9.81158e-4 -0.02107411 -9.99995e-4 -9.81158e-4 -0.02107411 0.006999969 -9.81158e-4 -0.02107411 -9.99995e-4 -9.81158e-4 -0.004529237 0.006999969 9.03035e-4 -0.004529237 -0.000999987 9.03035e-4 -0.004529237 0.006999969 9.03035e-4 -0.004529237 -0.000999987 9.03035e-4 -0.004294037 0.006999969 -0.001162052 -0.004294037 -0.000999987 -0.001162052 -0.004529237 0.006999969 9.03035e-4 -0.004294037 0.006999969 -0.001162052 -0.02107411 0.006999969 -9.81158e-4 -0.02083897 0.006999969 -0.003046214 -2.21755e-4 0.006999969 -0.004442989 -2.21755e-4 -0.000999987 -0.004442989 -0.003542423 0.006999969 -0.02076035 -0.003542423 -0.000999987 -0.02076035 -0.003542423 0.006999969 -0.02076035 -0.003542423 -0.000999987 -0.02076035 -0.005579113 0.006999969 -0.02034586 -0.005579113 -0.000999987 -0.02034586 -0.005579113 0.006999969 -0.02034586 -0.005579113 -0.000999987 -0.02034586 -0.002258419 0.006999969 -0.004028499 -0.002258419 -0.000999987 -0.004028499 -0.002258419 0.006999969 -0.004028499 -0.002258419 -0.000999987 -0.004028499 -2.21755e-4 0.006999969 -0.004442989 -2.21755e-4 -0.000999987 -0.004442989 -0.002258419 0.006999969 -0.004028499 -2.21755e-4 0.006999969 -0.004442989 -0.005579113 0.006999969 -0.02034586 -0.003542423 0.006999969 -0.02076035 -0.005584537 -0.008081197 0.003629326 -0.005319893 -0.008001089 0.003906309 -0.005719721 -0.00800085 0.003390669 -0.00533545 -0.007999956 0.003896117 -0.00563699 -0.007999956 0.003559648 0.002384722 -0.008081197 -0.006218731 0.002007782 -0.008001089 -0.006287217 0.002634346 -0.00800085 -0.006105065 0.002604484 -0.007999956 -0.006071567 0.002209126 -0.007999956 -0.006290197 0.00664252 -0.008053243 1.66489e-4 0.006601631 -0.007999956 -2.53282e-5 0.006578624 -0.007999956 6.0139e-4 0.00666666 -0.007999956 1.55194e-4 0.001725971 -0.008081197 0.006432771 0.002071142 -0.008001089 0.006266653 0.001457214 -0.00800085 0.006487548 0.001471281 -0.007999956 0.006434679 0.0020352 -0.007999956 0.006295442 0.001688241 -0.007999956 0.006464123 0.001449704 -0.007899999 -2.53337e-4 0.001432776 -0.007699966 -2.48751e-4 -0.001443624 -0.007899999 2.49615e-4 -0.001344919 -0.007899999 -6.31478e-4 -3.86994e-4 -0.007899999 -0.001459598 9.34776e-4 -0.007899999 -0.001169502 -0.00145024 -0.007699966 2.5014e-4 -9.87221e-4 -0.007699966 -0.001253664 0.001025497 -0.007699966 -0.001149058 -0.001454412 -0.007899999 1.23393e-4 -0.001408934 -0.007899999 -3.81511e-4 -0.001122653 -0.007899999 -9.47075e-4 -6.13421e-4 -0.007899999 -0.001324534 3.8594e-6 -0.007899999 -0.001468777 6.20373e-4 -0.007899999 -0.001321256 0.0011276 -0.007899999 -9.41144e-4 0.001447141 -0.007899999 -2.51235e-4 0.001378834 -0.007899999 5.05989e-4 0.001029372 -0.007899999 0.001034855 6.13403e-4 -0.007899999 0.001324534 -3.87058e-6 -0.007899999 0.001468777 -7.37749e-4 -0.007899999 0.001270055 -0.00127393 -0.007899999 7.31044e-4 -0.004411995 -0.007699966 -0.002016305 -0.004411995 -0.007955372 -0.002016305 -0.006105482 -0.007699966 -0.001232981 -0.007257521 -0.008628666 -7.00107e-4 -0.007570683 -0.008148133 -5.55245e-4 -0.007570326 -0.00901705 -5.55403e-4 -0.005938649 -0.008386373 -0.001310169 -0.003089845 -0.007701158 -0.003593266 -0.003206431 -0.007950186 -0.003615558 -0.004401087 -0.007700145 -0.001997053 -0.004411995 -0.007955372 -0.002016305 -0.003765404 -0.007844924 -0.00247246 -0.003079652 -0.007699966 -0.005414128 -0.002965986 -0.008519768 -0.006527483 -0.003262042 -0.007699966 -0.003628373 -0.003262042 -0.007964074 -0.003628373 -0.003095388 -0.008395075 -0.005260229 -0.002916932 -0.00901705 -0.007007598 -0.002917587 -0.008132338 -0.00700128 -0.00758177 -0.008279919 -5.74743e-4 -0.007581889 -0.008999943 -5.50065e-4 -0.007637262 -0.008841991 -9.81221e-4 -0.006849169 -0.008898496 -0.003432869 -0.004632055 -0.008948981 -0.005845129 -0.003385305 -0.008864879 -0.006884396 -0.002945482 -0.008327484 -0.007006347 -0.00291562 -0.008999943 -0.007020413 -0.007263064 -0.008999705 -0.002319335 -0.006184101 -0.008999705 -0.004459619 -0.00291562 -0.008999943 -0.007020413 -0.002932131 -0.008999943 -0.006859302 -0.00743401 -0.008999943 -6.18458e-4 -0.007113099 -0.008999943 -0.002319812 -0.006067872 -0.008999943 -0.004377126 -0.004445314 -0.008999943 -0.006018042 -0.007581889 -0.008999943 -5.50065e-4 -0.007401168 -0.008999943 -0.001734793 -0.007036566 -0.008999943 -0.00287646 -0.006497025 -0.008999943 -0.003946602 -0.005796015 -0.008999943 -0.004918694 -0.00495094 -0.008999943 -0.005768477 -0.003982782 -0.008999943 -0.006474912 -0.00743401 -0.008999943 -6.18458e-4 -0.007110595 -0.00900489 -0.002320408 -0.006070494 -0.008997082 -0.004376113 -0.004442095 -0.009009003 -0.006015241 -0.002951204 -0.0088436 -0.006927013 -0.004340171 -0.007893323 -0.00205028 -0.003783285 -0.007855474 -0.00246483 -0.003340065 -0.0078817 -0.00317341 -0.004174947 -0.008217155 -0.003777086 -0.004266023 -0.008171916 -0.003480374 -0.004497885 -0.008191525 -0.003269255 -0.004799425 -0.008267343 -0.00320661 -0.005085468 -0.008380115 -0.003299534 -0.005288243 -0.008493125 -0.003519535 -0.005357086 -0.008598148 -0.003832936 -0.005250632 -0.008637726 -0.004133999 -0.005026638 -0.008615314 -0.004326522 -0.004603385 -0.008484542 -0.004383683 -0.004249572 -0.008318603 -0.004087984 -0.004184067 -0.007999956 -0.003897666 -0.004211544 -0.007999956 -0.003593087 -0.004466354 -0.007999956 -0.003274023 -0.004921972 -0.007999956 -0.003221333 -0.005255341 -0.007999956 -0.003456056 -0.005359292 -0.007999956 -0.003902792 -0.005106806 -0.007999956 -0.004285693 -0.0047127 -0.007999956 -0.00439018 -0.004343688 -0.007999956 -0.004216969 -0.004189848 -0.008249342 -0.003896713 -0.004306018 -0.008156478 -0.003453314 -0.004907131 -0.008300721 -0.003199458 -0.005357444 -0.008560538 -0.003691732 -0.004152953 -0.007999956 -0.003899812 -0.004608452 -0.008000016 -0.003161668 -0.005395889 -0.008000016 -0.003681659 -0.01901531 -0.005999982 0.002787351 -0.01893401 -0.005999982 0.003287196 -0.01901406 -0.006199955 0.002787113 -0.01893526 -0.006199955 0.003287374 -0.01136213 -0.006199955 0.01780974 -0.01423448 -0.006199955 0.01560974 -0.0166893 -0.006199955 0.01295191 -0.01865458 -0.006199955 0.009914159 -0.02007269 -0.006199955 0.006585597 -0.02090209 -0.006199955 0.003063917 -0.01902192 -0.006199955 0.002792239 -0.01813119 -0.006199955 0.006368815 -0.0168305 -0.006199955 0.009275555 -0.01506763 -0.006199955 0.01192766 -0.01289099 -0.006199955 0.01425212 -0.01036041 -0.006199955 0.01618528 -0.02091073 -0.005999982 0.003069519 -0.01902192 -0.005999982 0.002792239 -0.01813119 -0.005999982 0.006368815 -0.0168305 -0.005999982 0.009275555 -0.01506763 -0.005999982 0.01192766 -0.01289099 -0.005999982 0.01425212 -0.01036041 -0.005999982 0.01618528 -0.01136213 -0.005999982 0.01780974 -0.01415199 -0.005999982 0.01568454 -0.01655185 -0.005999982 0.01312708 -0.0184955 -0.005999982 0.01020783 -0.01992946 -0.005999982 0.0070073 0.01276975 -0.006199955 0.01681476 0.01300346 -0.006199955 0.01623338 0.00969696 -0.006199955 0.01876837 0.006555378 -0.006199955 0.02008259 0.003243386 -0.006199955 0.02087497 -1.5286e-4 -0.006199955 0.02112489 -0.003545105 -0.006199955 0.02082586 -0.003224909 -0.006199955 0.01894474 4.91813e-5 -0.006199955 0.01921719 0.003321826 -0.006199955 0.01892799 0.006497383 -0.006199955 0.01808553 0.009483098 -0.006199955 0.01671445 0.01219159 -0.006199955 0.01485484 0.01288563 -0.006199955 0.01569604 -0.003545105 -0.005999982 0.02082586 -0.003224909 -0.005999982 0.01894474 4.91813e-5 -0.005999982 0.01921719 0.003321826 -0.005999982 0.01892799 0.006497383 -0.005999982 0.01808553 0.009483098 -0.005999982 0.01671445 0.01219159 -0.005999982 0.01485484 0.01288563 -0.005999982 0.01569604 0.01276975 -0.005999982 0.01681476 0.01300346 -0.005999982 0.01623338 0.00969696 -0.005999982 0.01876837 0.006555378 -0.005999982 0.02008259 0.003243386 -0.005999982 0.02087497 -1.5286e-4 -0.005999982 0.02112489 -0.003224909 -0.006199955 0.01894474 -0.003224909 -0.005999982 0.01894474 0.001989841 -0.006199955 0.01917773 0.008312225 -0.006199955 0.01739686 0.01219159 -0.006199955 0.01485484 0.01219159 -0.005999982 0.01485484 0.001404285 -0.005999982 0.01922947 0.007778048 -0.005999982 0.01764219 0.01702094 -0.006199955 0.008921325 0.01722711 -0.005999982 0.009006559 0.01876872 -0.006199955 0.004315674 0.01918226 -0.006199955 -0.001945614 0.01789522 -0.006199955 -0.007004499 0.01802855 -0.005999982 -0.007043123 0.01926559 -0.005999982 7.63342e-4 0.01966047 -0.006199955 -0.007729828 0.02035319 -0.006199955 -0.005704343 0.02081406 -0.006199955 -0.003613591 0.02112472 -0.006199955 -1.73906e-4 0.02087074 -0.006199955 0.003270387 0.02005898 -0.006199955 0.00662738 0.01871103 -0.006199955 0.009807169 0.01702094 -0.006199955 0.008921325 0.01829183 -0.006199955 0.005891621 0.01902806 -0.006199955 0.002689778 0.01920813 -0.006199955 -5.90697e-4 0.01882684 -0.006199955 -0.003853917 0.01789522 -0.006199955 -0.007004499 0.02081406 -0.005999982 -0.003613591 0.02112472 -0.005999982 -1.73906e-4 0.02087074 -0.005999982 0.003270387 0.02005898 -0.005999982 0.00662738 0.01871103 -0.005999982 0.009807169 0.01702094 -0.005999982 0.008921325 0.01829183 -0.005999982 0.005891621 0.01902806 -0.005999982 0.002689778 0.01920813 -0.005999982 -5.90697e-4 0.01882684 -0.005999982 -0.003853917 0.01789522 -0.005999982 -0.007004499 0.01966047 -0.005999982 -0.007729828 0.02035319 -0.005999982 -0.005704343 0.01374441 -0.006199955 -0.01343101 0.01374441 -0.005999982 -0.01343101 0.009904325 -0.006199955 -0.01651644 0.004077196 -0.006199955 -0.01884466 -0.001131713 -0.006199955 -0.01918387 -0.001131713 -0.005999982 -0.01918387 0.009929299 -0.005999982 -0.01655817 0.003500878 -0.005999982 -0.01896017 -0.001276135 -0.006199955 -0.02108687 0.002340734 -0.006199955 -0.02099537 0.005888938 -0.006199955 -0.02028805 0.009264469 -0.006199955 -0.01898562 0.0123682 -0.006199955 -0.01712632 0.01510918 -0.006199955 -0.01476466 0.01374441 -0.006199955 -0.01343101 0.01125574 -0.006199955 -0.01557594 0.00843811 -0.006199955 -0.01726555 0.005373835 -0.006199955 -0.01845061 0.002152502 -0.006199955 -0.01909631 -0.001131713 -0.006199955 -0.01918387 0.01510918 -0.005999982 -0.01476466 0.01374441 -0.005999982 -0.01343101 0.01125574 -0.005999982 -0.01557594 0.00843811 -0.005999982 -0.01726555 0.005373835 -0.005999982 -0.01845061 0.002152502 -0.005999982 -0.01909631 -0.001131713 -0.005999982 -0.01918387 -0.001276135 -0.005999982 -0.02108687 0.002340734 -0.005999982 -0.02099537 0.005888938 -0.005999982 -0.02028805 0.009264469 -0.005999982 -0.01898562 0.0123682 -0.005999982 -0.01712632 -0.00864309 -0.006199955 -0.0174123 -0.008526384 -0.005999982 -0.01722216 -0.0149365 -0.006199955 -0.0121569 -0.01880455 -0.006199955 -0.004927456 -0.01859468 -0.005999982 -0.004851758 -0.01243895 -0.005999982 -0.01473152 -0.01683139 -0.005999982 -0.00945878 -0.02044916 -0.006199955 -0.005302488 -0.01924443 -0.006199955 -0.008714079 -0.01747524 -0.006199955 -0.01187008 -0.01519352 -0.006199955 -0.01467794 -0.01246613 -0.006199955 -0.01705521 -0.009373068 -0.006199955 -0.01893228 -0.008526384 -0.006199955 -0.01722216 -0.01133537 -0.006199955 -0.01551812 -0.01381301 -0.006199955 -0.0133605 -0.01588696 -0.006199955 -0.0108124 -0.01749652 -0.006199955 -0.007948219 -0.01859468 -0.006199955 -0.004851758 -0.009373068 -0.005999982 -0.01893228 -0.008526384 -0.005999982 -0.01722216 -0.01133537 -0.005999982 -0.01551812 -0.01381301 -0.005999982 -0.0133605 -0.01588696 -0.005999982 -0.0108124 -0.01749652 -0.005999982 -0.007948219 -0.01859468 -0.005999982 -0.004851758 -0.02044916 -0.005999982 -0.005302488 -0.01924443 -0.005999982 -0.008714079 -0.01747524 -0.005999982 -0.01187008 -0.01519352 -0.005999982 -0.01467794 -0.01246613 -0.005999982 -0.01705521 -0.002956271 -0.00119996 0.01498347 -6.74099e-4 -0.00119996 0.01525747 0.001623332 -0.00119996 0.01518583 0.003884077 -0.00119996 0.01477015 0.006056785 -0.00119996 0.01401996 0.008092284 -0.00119996 0.01295214 0.009947061 -0.00119996 0.01158833 0.008954942 -0.00119996 0.01059728 0.007905304 -0.00119996 0.009870827 0.006745576 -0.00119996 0.009337306 0.005510926 -0.00119996 0.009012877 0.004238784 -0.00119996 0.008907377 0.002967596 -0.00119996 0.009024024 0.001735806 -0.00119996 0.00935924 5.80873e-4 -0.00119996 0.009902894 -4.62387e-4 -0.00119996 0.01063853 -0.001362323 -0.00119996 0.01154386 -0.002091705 -0.00119996 0.01259154 -0.002628445 -0.00119996 0.01374977 -0.002989292 -0.001176118 0.01480972 -3.64773e-4 -9.95338e-4 0.01534116 0.00519067 -9.99629e-4 0.01443827 0.008428812 -0.000999987 0.01273572 4.12811e-4 -0.001205384 0.01532626 0.005078732 -0.00119853 0.01443827 0.01001524 -0.001184582 0.01169204 0.01012021 -0.001059651 0.01137882 -0.01441365 -0.00119996 0.00504893 -0.01338833 -0.00119996 0.007348239 -0.01199918 -0.00119996 0.009447872 -0.01028406 -0.00119996 0.01129084 -0.008286833 -0.00119996 0.01282835 -0.007210552 -0.00119996 0.00835812 -0.007300078 -0.00119996 0.01039713 -0.007761001 -0.00119996 0.01183158 -0.0151171 -0.00119996 0.002218484 -0.01392656 -0.00119996 0.002148091 -0.01274824 -0.00119996 0.00228393 -0.0116102 -0.00119996 0.002618551 -0.0105459 -0.00119996 0.003142178 -0.009586334 -0.00119996 0.003839492 -0.008759617 -0.00119996 0.004690051 -0.0080899 -0.00119996 0.005669057 -0.00759679 -0.00119996 0.006747901 -0.01504725 -0.00119996 0.002612352 -0.01504725 -9.99995e-4 0.002612352 -0.01389813 -0.00119996 0.006443679 -0.01105952 -0.00119996 0.01060026 -0.008289396 -0.00119996 0.01282691 -0.008289396 -9.99995e-4 0.01282691 -0.01408141 -9.99995e-4 0.006032705 -0.01136606 -9.99995e-4 0.01027089 -0.01476126 -0.00119996 -0.003916621 -0.006067872 -0.00119996 -0.01115 -0.006153404 -0.00119996 -0.009537577 -0.006426274 -0.00119996 -0.008426785 -0.006877899 -0.00119996 -0.007375895 -0.007496178 -0.00119996 -0.006413519 -0.008264124 -0.00119996 -0.005565822 -0.009160995 -0.00119996 -0.00485593 -0.01016235 -0.00119996 -0.004303038 -0.01124089 -0.00119996 -0.003922224 -0.01236742 -0.00119996 -0.003723859 -0.01351118 -0.00119996 -0.003713309 -0.006776154 -0.00119996 -0.01368677 -0.006398618 -0.00119996 -0.01277607 -0.008997738 -0.00119996 -0.01234036 -0.01095902 -0.00119996 -0.01063686 -0.01260322 -0.00119996 -0.008625686 -0.01388281 -0.00119996 -0.006364881 -0.006867885 -0.00119996 -0.01383644 -0.006833255 -9.99995e-4 -0.01377993 -0.0120083 -0.00119996 -0.009516894 -0.01486331 -0.00119996 -0.00395739 -0.01492559 -9.99995e-4 -0.0039801 -0.01171422 -9.99995e-4 -0.009876668 -8.36711e-4 -0.00119996 -0.01524907 0.01092296 -0.00119996 -0.01067394 0.009986698 -0.00119996 -0.009911775 0.00893253 -0.00119996 -0.009323537 0.007792294 -0.00119996 -0.008926987 0.006600558 -0.00119996 -0.008734107 0.005393505 -0.00119996 -0.008750736 0.004207551 -0.00119996 -0.008976459 0.003078699 -0.00119996 -0.009404361 0.002041161 -0.00119996 -0.01002156 0.001126348 -0.00119996 -0.01080924 3.61983e-4 -0.00119996 -0.01174366 -2.28826e-4 -0.00119996 -0.0127964 -6.28155e-4 -0.00119996 -0.01393568 0.008955895 -0.00119996 -0.01237076 0.006729722 -0.00119996 -0.01370966 0.004308879 -0.00119996 -0.01465189 0.001763343 -0.00119996 -0.01517021 0.01092296 -0.00119996 -0.01067394 0.01092296 -0.000999987 -0.01067394 0.007697045 -0.00119996 -0.01324868 0.002829074 -0.00119996 -0.01505881 -8.3321e-4 -0.00119996 -0.0152496 -8.3321e-4 -0.000999987 -0.0152496 0.008095264 -0.000999987 -0.01300913 0.003284454 -0.000999987 -0.01496607 0.01352691 -0.00119996 0.007089912 0.01352691 -0.000999987 0.007089912 0.01497876 -0.00119996 0.00322628 0.01519602 -0.00119996 -0.00196278 0.01424574 -0.00119996 -0.005504786 0.01424574 -0.000999987 -0.005504786 0.01487398 -0.000999987 0.003679037 0.01524853 -0.000999987 -0.001501023 0.01424413 -0.00119996 -0.005507946 0.01352691 -0.00119996 0.007089912 0.01251274 -0.00119996 0.006434977 0.01162749 -0.00119996 0.005614221 0.01089799 -0.00119996 0.004652321 0.01034629 -0.00119996 0.003578543 0.009989142 -0.00119996 0.002425372 0.009837329 -0.00119996 0.001227736 0.009895503 -0.00119996 2.19364e-5 0.01016181 -0.00119996 -0.001155495 0.01062828 -0.00119996 -0.00226897 0.01128071 -0.00119996 -0.003284692 0.01209938 -0.00119996 -0.004171907 0.01305949 -0.00119996 -0.004903733 0.0145328 -0.00119996 0.004694759 0.01511824 -0.00119996 0.002163827 0.01526629 -0.00119996 -4.29682e-4 0.01497262 -0.00119996 -0.003010749 -0.02367049 -0.008002519 0.004109084 -0.02259087 -0.00800085 0.008131504 -0.01990342 -0.007999181 0.01356029 -0.01388114 -0.008001685 0.01971364 -0.008316814 -0.008002817 0.02254432 -0.004319012 -0.008011341 0.02370536 -6.3289e-5 -0.008003234 0.02403336 0.004120469 -0.008010327 0.02373361 0.00815314 -0.008001089 0.02258545 0.01202535 -0.008006215 0.02083748 0.01700371 -0.008001744 0.01709347 0.0214886 -0.007995486 0.01079708 0.02365726 -0.008003234 0.004235625 0.02405816 -0.008006215 1.22249e-4 0.02373987 -0.008012831 -0.004121363 -0.02328288 -0.008830547 0.004042387 -0.02266097 -0.008999943 0.003934204 0.02267181 -0.009091973 -0.003938198 0.02299988 -0.008999943 6.0562e-5 0.02264308 -0.009029626 0.004052519 0.02159315 -0.009011983 0.007923662 0.01989108 -0.009033381 0.01155406 0.01758092 -0.009009957 0.01483082 0.01473975 -0.009033381 0.01766043 0.01144415 -0.009138047 0.0199728 0.007811903 -0.009029626 0.02163577 0.00393635 -0.009101986 0.02267336 -5.90682e-5 -0.009029626 0.02300286 -0.004047155 -0.00909537 0.0226528 -0.007923364 -0.009009957 0.02159309 -0.01155257 -0.009009957 0.01988917 -0.01483136 -0.009058475 0.01758748 -0.01766043 -0.009033381 0.01473981 -0.01994943 -0.009009957 0.0114482 -0.02163434 -0.009009957 0.007810115 0.02355849 -0.008859038 0.00229305 0.022381 -0.008667349 0.008150339 0.02055782 -0.008649468 0.01198518 0.01812416 -0.00874722 0.01530927 0.01527708 -0.008649468 0.01824498 0.008057117 -0.008672297 0.02237057 -7.78846e-5 -0.008729338 0.02370852 -0.008116543 -0.008789598 0.02222549 -0.01198506 -0.008738398 0.02048927 -0.01537424 -0.008595168 0.01820009 -0.0183261 -0.008574962 0.01529538 -0.02064943 -0.008691489 0.01183122 -0.02231276 -0.008738517 0.008099079 -0.02382016 -0.007999956 0.004152357 -0.01997494 -0.007999956 0.01345211 -0.01416945 -0.007999956 0.01947265 -0.006654858 -0.007999956 0.02314454 0.001662373 -0.007999956 0.02402484 0.009779095 -0.007999956 0.0220074 0.01537841 -0.007999956 0.01842558 0.01966702 -0.007999956 0.01384836 0.02253091 -0.007999956 0.008267819 0.02401578 -0.007999956 0.001788854 0.02364623 -0.007999956 -0.004105269 0.02364623 0.005999982 -0.004105269 0.02394855 0.005999982 0.002534747 0.02177298 0.005999982 0.01022279 0.01834434 0.005999982 0.01547521 0.01374459 0.005999982 0.01973968 0.006532847 0.005999982 0.02317929 -6.31995e-5 0.005999982 0.02399986 -0.005931973 0.005999982 0.02334028 -0.01205468 0.005999982 0.0207529 -0.01680737 0.005999982 0.01724725 -0.02169269 0.005999982 0.01045864 -0.02364623 0.005999982 0.004105269 -0.02081412 0.008997321 0.003613591 -0.0198704 0.008997321 0.007173001 -0.01832687 0.009031355 0.01051676 -0.01621872 0.008997321 0.01353651 -0.01362174 0.008997321 0.01614719 -0.01061087 0.008997321 0.01826727 -0.007277548 0.008997321 0.01983231 -0.003723144 0.008997321 0.02079474 -5.66281e-5 0.009025633 0.02112913 0.003613591 0.008997321 0.02081412 0.007173001 0.008997321 0.0198704 0.01051551 0.009025633 0.01832669 0.01353651 0.008997321 0.01621872 0.01614719 0.008997321 0.01362174 0.0182712 0.009031355 0.01061314 0.01983231 0.008997321 0.007277548 0.02079474 0.008997321 0.003723144 0.02112537 0.008997321 5.5626e-5 0.02081412 0.008997321 -0.003613591 -0.02250164 0.008527517 0.003906488 -0.0237376 0.00600928 0.004121959 0.02364623 0.005999982 -0.004105269 0.02396279 0.005999207 0.002410411 0.02201229 0.006000518 0.009816467 0.01731598 0.00600183 0.01678711 0.01199257 0.006009101 0.02089869 0.008173644 0.006006777 0.02264231 0.00125277 0.005997478 0.02404123 -0.004128038 0.006007969 0.02372777 -0.008279621 0.006003022 0.02256298 -0.0138843 0.006002008 0.01971805 -0.01845186 0.006003022 0.01540029 -0.02083003 0.006007969 0.01208961 -0.02260631 0.006003022 0.00816065 0.0221216 0.008684575 -0.003840386 0.0234304 0.007234096 -0.004068613 0.02228331 0.008782863 0.00110507 0.02378118 0.007258951 -5.06844e-5 0.02166825 0.008714377 0.005948543 0.02342867 0.007259011 0.00407958 0.022165 0.00753349 0.00813353 0.0186339 0.008719027 0.01252788 0.02055668 0.007254362 0.01194065 0.01799237 0.007742464 0.01511871 0.01422643 0.008728444 0.01726377 0.01532506 0.007259011 0.01818484 0.01148569 0.008341431 0.01992613 0.004645705 0.008782029 0.02182739 0.007895529 0.008058845 0.0218718 0.004179477 0.007259011 0.02341103 -0.001242578 0.00866723 0.02254289 -0.002162396 0.007686495 0.02351868 -0.01043695 0.008775055 0.01974761 -0.008057653 0.00793159 0.02195823 -0.01194065 0.007254421 0.02055662 -0.01516997 0.008782863 0.01635962 -0.0152474 0.007259011 0.01824998 -0.01946312 0.008320748 0.01239162 -0.01812636 0.00753349 0.01512867 -0.02099573 0.008741617 0.007610797 -0.02220755 0.00753349 0.008016705 -0.02081412 0.008997321 0.003613591 -0.0221216 0.008684575 0.003840386 -0.02345734 0.007192075 0.004072606 -0.02364623 0.005999982 0.004105269 0.02082759 0.009093523 -0.00361514 0.01987302 0.00901848 -0.007173955 0.01832294 0.008997321 -0.01051449 0.01622223 0.009025633 -0.01353818 0.01362466 0.009031355 -0.01615071 0.01061081 0.008997321 -0.01826727 0.007277548 0.008997321 -0.01983231 0.003723144 0.008997321 -0.02079474 5.56782e-5 0.009091973 -0.0211386 -0.003613233 0.009025633 -0.02081799 -0.007173001 0.008997321 -0.0198704 -0.01051449 0.008997321 -0.01832294 -0.01353818 0.009025633 -0.01622223 -0.01614719 0.008997321 -0.01362174 -0.01826727 0.008997321 -0.01061081 -0.01983231 0.008997321 -0.007277548 -0.02079474 0.008997321 -0.003723144 -0.02112537 0.008997321 -5.5626e-5 0.0231111 0.007861256 -0.004012405 0.02366691 0.006001889 -0.00410825 -0.02401852 0.006002008 -0.002165079 -0.02256298 0.006003022 -0.008279561 -0.02088493 0.006007969 -0.01199448 -0.01651722 0.006002485 -0.01758754 -0.01201415 0.006002485 -0.02080863 -0.008066236 0.006007969 -0.02269327 -0.001105487 0.006000995 -0.02409201 0.004256308 0.0060153 -0.02377253 0.008185625 0.006007909 -0.02265048 0.01406884 0.005999207 -0.01954722 0.01845186 0.006003022 -0.01540029 0.02083003 0.006007909 -0.01208961 0.02266371 0.006009101 -0.008181393 -0.02227854 0.008784472 -9.45972e-4 -0.02375984 0.007294297 -1.6639e-5 -0.02193826 0.008632779 -0.005649864 -0.02348262 0.007037103 -0.004159569 -0.02218765 0.007508516 -0.008104681 -0.0176053 0.00878787 -0.01366442 -0.02003914 0.008115053 -0.0116949 -0.01813113 0.007294297 -0.01535546 -0.01397937 0.008555948 -0.01804691 -0.01156592 0.007901906 -0.02036613 -0.005049407 0.008668482 -0.02200245 -0.007986962 0.007872521 -0.02196836 -0.004081487 0.007011413 -0.02350914 1.4795e-4 0.00808078 -0.02322697 0.004614293 0.008692562 -0.02209615 0.008037447 0.008115053 -0.02176547 0.01122808 0.008716344 -0.01938647 0.0118975 0.007218956 -0.02060574 0.0155946 0.008638918 -0.01626712 0.0152474 0.007259011 -0.01824998 0.01807177 0.007742464 -0.01502376 0.02007806 0.008789718 -0.009588003 0.02124214 0.007964253 -0.009780466 0.02382016 -0.007999956 -0.004152357 0.02392572 0.005999982 -0.004180967 0.01997494 -0.007999956 -0.01345211 0.01416939 -0.007999956 -0.01947265 0.006654858 -0.007999956 -0.02314454 6.31921e-5 -0.007999956 -0.02399986 -0.006164312 -0.007999956 -0.02325016 -0.01345211 -0.007999956 -0.01997494 -0.01947265 -0.007999956 -0.01416945 -0.02253091 -0.007999956 -0.008267819 -0.02395635 -0.007999956 -0.002159476 -0.02364623 -0.007999956 0.004105269 -0.0239349 0.005999982 0.004128217 -0.02321738 0.005999982 -0.006286621 -0.01990383 0.005999982 -0.01355713 -0.01406669 0.005999982 -0.01954704 -0.006180465 0.005999982 -0.02331125 0.004261374 0.005999982 -0.02380096 0.01355707 0.005999982 -0.01990383 0.01954704 0.005999982 -0.01406669 -0.02373987 -0.008012831 0.004121363 -0.02267181 -0.009091973 0.003938198 0.02372652 -0.008010745 -0.004118323 0.02258545 -0.008001089 -0.00815314 0.02090483 -0.008012354 -0.01199615 0.01849365 -0.008010327 -0.01543521 0.01388114 -0.008001744 -0.01971364 0.00724703 -0.007996261 -0.02295035 6.32964e-5 -0.008003234 -0.02403336 -0.006551384 -0.008000552 -0.02319389 -0.01192402 -0.008002877 -0.02086228 -0.01541227 -0.008005499 -0.01846617 -0.01836991 -0.008003234 -0.01549685 -0.02082961 -0.008010327 -0.0120992 -0.02256232 -0.008003234 -0.008279323 -0.02367144 -0.008006155 -0.004298031 -0.02409523 -0.008011341 -1.37033e-4 0.02267438 -0.009105205 -0.00393486 -0.02301144 -0.00909537 -5.20814e-5 -0.02264106 -0.009011983 -0.004053711 -0.02159541 -0.009029626 -0.007922887 -0.01989907 -0.009101986 -0.01155871 -0.01758253 -0.009033381 -0.01483261 -0.0147385 -0.009009957 -0.01765841 -0.01144915 -0.009033381 -0.01995164 -0.007809102 -0.009029626 -0.02163684 -0.003934681 -0.009025394 -0.02266347 6.05658e-5 -0.009033381 -0.02300322 0.00405395 -0.009025394 -0.02264243 0.007923722 -0.009011983 -0.02159315 0.01483076 -0.009009957 -0.01758092 0.01766747 -0.009101986 -0.01474565 0.01995784 -0.009088397 -0.01145267 0.02163457 -0.009011983 -0.007809877 -0.02287203 -0.008791506 -0.006358921 -0.01812869 -0.008718013 -0.0152933 -0.01342248 -0.008803069 -0.01955336 -0.008089721 -0.008672297 -0.02235883 -0.004126429 -0.008611023 -0.02348899 6.2447e-5 -0.008718013 -0.0237177 0.004156053 -0.008611023 -0.02348375 0.008150398 -0.008785784 -0.02221089 0.0119934 -0.008594691 -0.02059054 0.01155519 -0.009052753 -0.01989305 0.01530927 -0.00874722 -0.01812416 0.02232402 -0.008734464 -0.008058726</float_array>
          <technique_common>
            <accessor source="#³µÖ48x3x18_005-mesh-positions-array" count="2607" stride="3">
              <param name="X" type="float"/>
              <param name="Y" type="float"/>
              <param name="Z" type="float"/>
            </accessor>
          </technique_common>
        </source>
        <source id="³µÖ48x3x18_005-mesh-normals">
          <float_array id="³µÖ48x3x18_005-mesh-normals-array" count="5778">-0.0271061 -0.9260458 -0.3764367 0.01246416 -0.9309836 -0.3648481 0.8843665 0.05498701 0.4635432 0.8793603 -0.003267824 0.4761459 0.05848878 0.5772805 0.8144486 -0.4307638 -0.5744311 0.6960399 -0.833148 0.1075428 0.5424934 0.1938223 0 -0.9810367 0.1938234 0 -0.9810366 0.1938219 5.54092e-7 -0.9810369 -0.4965408 -0.03615725 -0.86726 -0.2506552 0.05120539 -0.9667212 0.005486726 -0.005068778 -0.9999722 -0.7451186 3.33795e-7 -0.6669321 -0.7451193 -1.22044e-7 -0.6669312 -0.745118 0 -0.6669327 0.5403208 0.01652151 0.8412969 0.5167415 -0.01022422 0.8560805 -0.04106396 0.01493304 0.999045 0.01625382 -0.0265119 0.9995164 0 1 0 0 1 2.51679e-7 0 1 0 0 1 -2.59816e-7 0 1 0 0 1 -2.63605e-7 0 1 2.58072e-7 0 -1 0 0 -1 -3.60437e-6 0 -1 -3.59929e-6 0 -1 2.20329e-6 -0.2660334 -0.9246685 -0.2724235 -0.08285844 -0.9543471 -0.2869777 -0.09791237 -0.9528552 -0.2871934 -0.0615127 -0.9486721 -0.3102217 -0.08148944 -0.9478821 -0.3080243 -0.1745672 -0.9110191 -0.3735914 -0.0573346 -0.9453846 -0.3208748 -0.138154 -0.9082863 -0.3948792 -0.1733109 -0.9093759 -0.378152 -0.09918594 -0.9046171 -0.4145238 -0.1367757 -0.8962905 -0.4218481 -0.1108042 -0.9006574 -0.4201651 0.642782 -0.6568295 -0.3942162 -0.2239432 -0.9183943 -0.3261923 -0.1259844 -0.9382234 -0.3222805 -0.1495816 -0.9314929 -0.3315818 -0.1926065 -0.9200996 -0.3410565 -0.9401223 0.1889137 -0.283693 -0.7656801 -0.193436 -0.6134464 -0.1248723 0.1651871 -0.9783252 0.5438982 -0.2004419 -0.8148606 0.7821034 0.1197811 -0.6115282 0 -1 3.91133e-7 0 -1 -6.12782e-7 0 -1 -1.39704e-6 0 -1 1.42482e-6 0 -1 1.935e-6 0.9489055 0.3057758 0.07797133 0.7375518 -0.4987837 0.4552277 0.6696202 0.1694247 0.7231211 -0.4344553 -0.2229927 0.8726528 -0.563977 0.1320114 0.8151705 0.9209157 0.02103507 -0.389194 0.9464972 -0.02103483 -0.3220258 -0.8731265 0 -0.4874939 -0.8731263 0 -0.4874939 -0.8731259 -4.02976e-7 -0.4874949 -0.9829511 -0.03261578 0.1809517 -0.9969551 0.05015486 -0.05970871 -0.9441759 -0.005483567 -0.3293962 -0.8645446 7.28281e-7 0.5025561 -0.8645426 -1.04885e-6 0.5025596 -0.8645455 0 0.5025546 0.9878429 0.04192751 0.1496952 0.9735904 -0.04192829 0.2244185 0 1 -2.00851e-7 0 1 3.12854e-7 0 1 3.44207e-7 0 1 -2.61395e-7 0 1 -3.7856e-7 0 -1 -1.15227e-6 0 -1 -1.92341e-6 0 -1 7.99851e-7 0 -1 -1.21933e-6 -0.3020381 -0.9531162 0.01850879 -0.2940914 -0.9557648 0.004899203 -0.3075711 -0.9512016 -0.02480953 -0.3102586 -0.9482222 -0.06792896 -0.3993322 -0.9141475 0.06977123 -0.3989269 -0.9168991 0.01239275 -0.4221388 -0.9053636 -0.04599809 -0.4391474 -0.8953475 -0.07417798 -0.4276423 -0.9018846 0.06104356 -0.3294312 -0.9411845 0.075145 -0.3723483 -0.9256461 0.06735122 -0.4375978 -0.897087 0.06117957 -0.3165711 -0.945326 0.07836854 -0.3812143 -0.9206844 -0.0837602 -0.350201 -0.9323889 -0.08950036 -0.3049917 -0.9468778 -0.1019923 -0.4250023 -0.9014567 -0.08215212 -0.919974 -0.1136571 -0.3751403 -0.9753641 0.01191276 -0.2202797 -0.2982124 0.2342736 -0.9253028 0.3262673 -0.5204704 -0.7890882 0.7164939 0.5642741 -0.4101601 0 -1 -9.53211e-7 0 -1 -4.33349e-6 0.6670631 -0.2494414 0.7020013 0.8192242 0.0233348 0.5729986 -0.1477587 0.2094085 0.9666 -0.8144506 -0.09457612 0.5724732 -0.7801206 -0.008739352 0.6255682 -0.7334461 6.90454e-7 0.6797477 -0.7334445 -2.07787e-7 0.6797494 -0.733443 6.80023e-7 0.6797509 -0.1316547 -0.03261566 0.9907589 -0.3648627 0.05015438 0.9297095 -0.6050387 -0.005483627 0.7961773 0.2108011 3.0345e-7 0.977529 0.2108017 1.33725e-7 0.9775288 0.2107998 0 0.9775294 -0.0952742 0 -0.9954512 -0.0684297 0.01526468 -0.9975392 0.488347 0.009683489 -0.8725958 0.4612613 -0.02231663 -0.8869838 0 1 2.63605e-7 0 1 -5.19657e-7 0 1 3.85495e-7 0 -1 1.39656e-6 0 -1 1.08037e-5 0 -1 3.45187e-6 0 -1 7.87729e-6 0 -1 -4.08744e-6 0 -1 -3.02706e-6 0 -1 5.58086e-6 -0.0731092 -0.952274 0.2963603 -0.08199071 -0.9543482 0.2872232 -0.1062883 -0.952312 0.2860152 -0.06891864 -0.951918 0.2985005 -0.1226495 -0.9411256 0.3150233 -0.1084793 -0.913154 0.392915 -0.05883568 -0.9082296 0.4143154 -0.155514 -0.9092008 0.3862247 -0.1791422 -0.9036195 0.3890759 -0.217436 -0.921015 0.3231918 -0.2056398 -0.8954543 0.3948088 -0.2515248 -0.9265021 0.2798734 -0.05185872 -0.9253459 0.3755607 -0.04821801 -0.928421 0.3683876 -0.06765282 -0.9025216 0.4252975 -0.02198147 -0.9442557 0.3284785 -0.2219604 -0.9250796 0.3081579 -0.2238933 -0.9248027 0.3075903 -0.9589498 -0.1309158 -0.2515479 -0.6335403 0.4228064 -0.6479672 -0.1086788 -0.3827559 -0.9174351 0.1784703 0.2522109 -0.951072 0.8426295 0.01267135 -0.5383448 0.8394421 -0.003515064 -0.5434377 0 -1 -7.92349e-6 0 -1 1.62003e-6 0 -1 -1.33596e-6 0 -1 -1.18753e-6 0 -1 3.18208e-6 0.8535659 0.03150355 0.5200315 0.8685976 -0.006861686 0.4954707 -0.2343922 0.146932 0.9609741 -0.4164656 -0.6410205 0.6447087 -0.8177312 0.2238061 0.5303081 0.740396 0.04444968 -0.6706996 0.6065536 -6.38031e-4 -0.7950424 0.9090533 -0.03845626 -0.4149017 0.9929159 0 -0.11882 0.9929159 -2.3747e-7 -0.1188203 0.9929157 3.02232e-7 -0.1188215 0.4040358 -2.4276e-7 -0.9147433 0.4040384 9.3366e-7 -0.9147421 0.4040361 -4.19598e-7 -0.9147432 -0.5481164 -0.0149331 0.8362688 -0.5950003 0.02651321 0.8032881 -0.9184786 0.01022368 0.3953388 -0.9290465 -0.01652121 0.3695942 0 1 -2.5164e-7 0 1 0 0 1 1.26438e-7 0 1 0 0 -1 -7.52269e-7 0 -1 -5.1969e-7 0 -1 -7.88041e-6 0 -1 -8.32778e-6 0 -1 7.86877e-6 0.235105 -0.9479621 -0.2146946 0.2355751 -0.9512819 -0.198915 0.2467744 -0.9522963 -0.1795389 0.2497066 -0.9536185 -0.1681022 0.2639041 -0.9515092 -0.1580663 0.3248434 -0.9131635 -0.2461896 0.3350281 -0.9132336 -0.2318636 0.2947577 -0.9059253 -0.3040024 0.34555 -0.911187 -0.2243515 0.3892001 -0.9033541 -0.1802071 0.4000636 -0.8944751 -0.1996591 0.2393829 -0.9344941 -0.2634707 0.2606723 -0.925535 -0.2746542 0.3112387 -0.8993276 -0.3071489 0.2232421 -0.940395 -0.2565549 0.3900474 -0.9024863 -0.1827062 0.3055267 -0.9476714 -0.09258741 0.342932 -0.9286846 -0.1412181 0.3355507 -0.9325572 -0.1332026 -0.8071567 0.1050447 -0.5809165 -0.8300347 -0.1555756 -0.5355733 0.1203696 0.2347027 -0.9645859 0.6567184 -0.180393 -0.7322427 0.8428683 0.00775361 -0.5380642 0 -1 1.73261e-7 0 -1 -8.78349e-7 0 -1 2.30789e-6 0 -1 1.3961e-6 -0.9878109 -0.005051136 0.155577 -0.9870182 0.005051136 0.1605292 0.9622175 0 -0.2722821 0.8994942 0.3432112 -0.2704004 0.7578759 0.3938966 -0.520067 0.7729011 -0.3938962 -0.4974633 0.6235343 0 -0.781796 0.597524 -0.3432 -0.7246923 0.9652763 -0.02296608 0.2602202 0.9133131 0.120676 0.3889686 0.09139996 0.002594232 0.9958109 -0.4497937 0.5356557 0.7146739 -0.8094481 -0.3235695 0.4899966 -0.7284224 -0.2365528 0.6429958 -0.7725088 0.05348455 0.6327475 0.4039011 -0.2405144 0.8826193 0.3524708 0.2544718 0.9005601 0.9967215 0 0.08090966 0.9790533 0.1688569 0.1137635 -0.8139199 0.5604732 -0.1529844 0.8959222 0.3419619 -0.2835235 0.6508161 0.6962836 -0.3027006 -0.1918452 0.9098354 -0.3679604 -0.1950228 0.9720892 0.130418 0.6536397 0.2743337 -0.7053341 0.4484293 0.5559507 -0.6998786 0.4725974 -0.607142 -0.6387725 0.2397937 -0.2476983 -0.938693 0.2577325 0.6733065 -0.692988 -0.00950396 0.9995027 0.03006923 0.158775 0.9321845 -0.325304 0.1480352 0.9376804 -0.3143901 -0.1614396 0.4660802 -0.8698888 -0.2613621 0.08772933 -0.9612458 -0.2695106 0.412288 -0.8702775 -0.08513492 0.8470463 -0.5246566 -0.03179132 0.9458779 -0.3229621 -0.09899199 0.9872225 -0.1248692 -0.6853111 0.3498159 -0.6387313 -0.7307231 0.2571119 -0.6324061 0.144274 0.983048 0.1131454 -0.5362167 0.7616511 -0.3638123 -0.1275064 0.9787382 -0.1606664 -0.9004434 0.394859 -0.1824507 -0.7444502 0.6664972 -0.0396921 -0.3117687 0.9410507 -0.1312404 -0.3205024 0.9468039 -0.02899378 -0.3463404 0.9368844 -0.04791802 -0.3969317 0.9177007 0.01645237 0.9732404 5.87115e-5 0.2297895 0.9741662 4.82874e-4 0.2258318 0.290481 -0.003610253 0.9568741 0.1447476 0.01336872 0.9893783 -0.6853024 -0.01638168 0.7280744 -0.83881 0.008226037 0.5443621 0.9858759 0.003411889 0.1674429 0.9807574 -0.001919984 0.1952211 0.623592 -0.006721615 0.7817211 0.5228435 0.01865637 0.8522246 -0.2486276 -0.01822745 0.9684276 -0.3639264 0.005867123 0.9314092 -0.8611075 0.002077519 0.5084188 -0.8760821 -0.00341916 0.4821501 -0.47557 -0.8679125 0.143391 -0.4272483 -0.8858243 0.1810367 -0.3813639 -0.8998178 0.2118719 -0.3568676 -0.9340646 0.01300364 0.1161826 -0.930559 0.3472197 -0.1084233 -0.6524524 0.7500336 0.01674532 -0.3684128 0.9295115 0.06449288 -0.973052 -0.2213833 0.02805447 -0.9911884 -0.1294549 -0.1581628 -0.8470578 0.5074226 -0.158583 -0.7795624 0.6059158 -0.279526 -0.2773395 0.9192106 -0.3045228 -0.4528343 0.837978 -0.2939146 -0.8664608 0.4035592 -0.2931639 -0.8732497 0.389217 -0.5767536 -0.07799828 0.8131861 -0.6206282 -0.4710212 0.626865 0.06280964 -0.9970963 -0.04305708 0.160534 -0.9821307 -0.09822636 -0.4039821 -0.8677823 0.2894003 -0.5253343 -0.7814841 0.3366106 -0.7887773 -0.2070989 0.5787405 -0.4235209 -0.8942099 0.144979 -0.3457704 -0.9349469 0.07948064 -0.7893311 -0.514829 0.3345259 -0.9464956 -0.2133703 0.2421143 0.6573109 -0.7303283 -0.1859115 -0.5067494 -0.8374231 0.2047629 -0.7367581 -0.658268 0.1545016 -0.8881238 -0.3190258 0.3308457 -0.2442796 -0.965636 0.08873933 -0.4894033 -0.8322823 0.2603664 -0.9288224 -0.1832741 0.3220242 -0.357524 -0.9308978 0.07487255 -0.3416369 -0.9361342 0.08328843 -0.5966545 -0.7531425 0.2770917 -0.9103291 -0.2442119 0.3341581 -0.9168046 -0.3814675 0.1181189 -0.955429 0.03312188 -0.2933572 -0.9128914 -0.04229807 -0.4060052 -0.1917624 -0.9735197 0.1244453 -0.5030544 -0.8581376 0.1026464 -0.6706258 -0.4872833 0.5592997 -0.9271589 -0.208794 0.3110973 0.6499661 -0.7482662 -0.1328231 0.625549 -0.7786508 -0.0489037 0.6888785 -0.7214539 -0.07036083 0.6698676 -0.7285453 0.1431757 0.6543638 -0.7559506 -0.01862007 0.6063212 -0.7926427 0.06397056 0.6551452 -0.7479389 0.1066409 -0.6606341 -0.748934 0.05157995 -0.6180173 -0.7858659 0.02167141 -0.6286281 -0.7776739 0.007075786 -0.6548203 -0.7536778 0.05639404 -0.614203 -0.7753937 -0.1466946 -0.5364443 -0.7596551 -0.36763 -0.4495105 -0.8235095 -0.3460816 -0.1681362 -0.7840411 -0.5975031 -0.2702226 -0.7167114 -0.6428878 -0.1858721 -0.7503588 -0.6343606 0.1773194 -0.7564991 -0.6294975 0.5088484 -0.7931209 -0.334713 0.5017068 -0.7979834 -0.3339354 0.5922253 -0.7338756 -0.3327097 0.6350376 -0.7494682 -0.1871492 0.6351891 -0.7492604 -0.1874667 -0.6740242 -0.7379152 -0.03424292 -0.6584148 -0.752575 0.01099866 -0.6917271 -0.7177299 -0.07985967 -0.6184433 -0.7729419 -0.141735 -0.6129056 -0.7215662 -0.3220079 -0.6502141 -0.7077 -0.2763736 -0.4622504 -0.7647808 -0.4488154 -0.4422371 -0.7468137 -0.4966846 -0.4916996 -0.6917461 -0.5288847 -0.2036606 -0.8066912 -0.5547717 -0.4043862 -0.766275 -0.4992942 -0.2757916 -0.7371441 -0.6168936 -0.1724231 -0.7519282 -0.6362975 -0.09950006 -0.8019322 -0.589071 -0.07517719 -0.7390314 -0.6694633 -0.05813556 -0.7246161 -0.6866964 0.09493768 -0.7831454 -0.6145486 0.05936449 -0.7313851 -0.6793761 0.06947302 -0.7207216 -0.6897346 0.2241177 -0.8392587 -0.4953949 0.3380135 -0.7272808 -0.5973354 0.3145632 -0.7280783 -0.6090583 0.3386636 -0.732935 -0.5900112 0.4999527 -0.743964 -0.4433563 0.4686039 -0.7355246 -0.4892994 0.5371954 -0.7381309 -0.408147 0.4686359 -0.7575708 -0.4543865 0.6017606 -0.7075609 -0.3704616 0.5908376 -0.7440949 -0.3118231 -0.9992526 0.008494138 0.0377146 -0.9868192 -0.05753558 -0.1512532 -0.9228357 0.03761291 -0.3833531 -0.9995153 -0.02334368 0.02060276 -0.979162 0.05472803 -0.1955672 -0.9098498 -0.03181797 -0.413716 -0.5802033 -0.01350188 -0.8143599 -0.638759 0.02684134 -0.7689386 -0.02200913 -0.004098594 -0.9997494 -0.05365139 0.01378738 -0.9984645 -0.9559483 -0.002961218 -0.2935202 -0.9599133 8.67187e-4 -0.2802962 -0.9899281 0.1237012 0.06885194 -0.9773239 -0.2051002 -0.05264991 -0.9258937 -0.1236629 -0.356971 -0.9481151 0.2025164 -0.2450817 0.9966619 0.01289892 -0.08061569 0.9869557 0.003905773 -0.1609449 0.9989417 0.01084858 -0.04469931 0.9977163 -0.0373919 0.05625051 0.9884073 0.004141926 0.1517693 0.9073203 -0.006415426 0.4203913 0.5557757 -0.008031964 -0.8312935 0.8858448 0.01780253 0.4636401 0.727075 -0.0115658 0.6864607 0.6301835 0.0236063 0.7760874 0.4888673 -0.03301656 0.8717332 0.5403204 -0.003371 0.8414526 0.3681744 0.01282882 0.9296684 0.2181476 -0.04027146 0.9750846 0.1426496 0.002834975 0.9897693 0.3742295 -0.03033018 0.92684 -0.1613399 0.01866912 0.9867223 -0.232509 -0.01822513 0.9724235 -0.5385285 0.0179947 0.8424152 -0.5795953 -0.006702721 0.814877 -0.8482971 -0.005540311 -0.5294919 -0.7717805 0.006747901 0.6358533 -0.8199563 -0.02933323 0.5716742 -0.9564104 -0.009805798 0.2918617 -0.9012017 0.01215332 0.4332296 -0.9562935 1.35916e-6 0.2924087 -0.9585304 -0.006699562 0.2849118 -0.997546 3.97149e-7 0.07001346 -0.9988319 -0.007257223 0.04777276 -0.9628876 0.001378238 -0.2698995 -0.9673189 0.0105744 -0.2533424 -0.9298237 -0.004302084 -0.3679803 -0.8171027 -0.02567875 -0.5759199 -0.7710859 0.02839517 -0.6360977 -0.6389793 -0.001814126 -0.7692219 -0.6284533 -0.004963934 -0.7778315 -0.5974066 -0.01568293 -0.8017852 -0.6106496 -0.02065759 -0.7916315 -0.6341442 -0.02778708 -0.7727155 -0.3971661 0.01806563 -0.917569 -0.4081279 0.01187211 -0.9128476 -0.1202492 -0.007950186 -0.9927119 -0.03242921 0.01988887 -0.9992762 0.1259949 -0.01335304 -0.991941 0.1673209 -0.02688241 -0.9855359 0.1287465 -0.01431512 -0.9915742 0.1917017 -4.04103e-4 -0.9814532 0.1913029 -4.69776e-4 -0.981531 0.3571942 0.02275657 -0.933753 0.4248383 -0.02351254 -0.9049639 0.7026597 0.00151062 -0.7115245 0.6011301 -0.006143629 -0.7991275 0.7155094 0.01137685 -0.6985106 0.915525 -0.01136511 -0.4021005 0.9278005 0.006496906 -0.3730203 0.9222984 0.1354113 0.36198 0.8583679 -0.2214015 0.4628022 0.7731534 0.1583503 0.6141328 0.6124113 -0.2049691 0.7635052 0.5492866 0.08473652 0.8313267 -0.04690468 0 0.9988995 -0.06361865 -0.04764807 0.9968362 -0.373598 -0.0558632 0.9259071 -0.3451471 0.05586165 0.9368847 -0.6362012 0 0.7715232 -0.6224337 0.04764717 0.781221 -0.9565355 -0.04569649 0.2880135 -0.9668949 0.04569268 0.2510508 -0.8932272 0.003776967 0.4495899 -0.9172504 -0.003776192 0.3982931 -0.3994334 -0.05935132 -0.914839 -0.4206852 0.04538303 -0.9060708 -0.03493529 -0.04538285 -0.9983586 -0.05785334 0.05935096 -0.9965594 -0.06154233 -0.4487606 0.8915304 -0.1837648 -0.1985782 0.9627032 0.972504 -0.2195098 -0.07779049 0.9770665 -0.1953281 -0.0847814 0 1 0 0 1 0 4.48156e-6 1 -7.83788e-7 0 1 0 0 1 -3.71531e-7 0 1 7.60983e-7 0 1 5.45011e-7 0 1 0 0 1 0 0 1 -3.24385e-7 0 1 -7.5242e-7 0 1 0 0 1 0 0 1 0 2.61293e-6 1 -1.23842e-6 4.56833e-7 1 5.40155e-7 0 1 5.105e-7 0 1 0 0 1 0 5.37246e-7 1 4.17067e-7 0 1 0 5.26207e-7 1 4.47131e-7 0 1 -3.27527e-7 0 1 -1.24432e-7 5.90982e-7 1 3.19098e-7 5.80734e-7 1 4.17729e-7 0 1 0 0 1 1.02316e-6 0 1 -2.89993e-7 6.50312e-7 1 1.94811e-7 0 1 0 0 1 0 0 1 0 6.82618e-7 1 -1.76511e-7 0 1 0 5.65383e-7 1 -3.59782e-7 6.35005e-7 1 -2.69696e-7 2.9943e-6 1 1.58764e-7 5.67177e-7 1 -3.95696e-7 5.27119e-7 1 -4.49922e-7 4.95955e-7 1 -4.59912e-7 4.21496e-7 1 -5.35925e-7 1.74679e-6 1 3.1508e-7 -1.44077e-6 1 -1.1467e-6 0 1 0 0 1 0 0 1 0 2.48045e-7 1 1.75363e-6 5.7106e-7 1 -1.08867e-6 -0.753072 0.1461323 -0.6415046 -0.3851025 0.7101701 -0.589368 -0.4073752 0.7933129 -0.4524381 -0.743909 0.09814876 -0.6610342 -0.7392174 -1.0423e-4 -0.6734669 0.2679974 0.9253697 0.2680827 -0.4390308 0.8454098 -0.3041946 -0.4836409 0.736708 -0.4726022 -0.7504765 0.3554594 -0.5571659 -0.0924766 0.9942601 -0.05380594 -0.7262523 0.586144 -0.3591559 -0.8131195 0.2615072 -0.5200487 0 -1 4.33001e-7 0 -1 -3.00014e-7 0 -1 4.76707e-7 0 -1 -8.35247e-7 0 -1 1.14705e-6 0 -1 1.49142e-7 0 -1 -3.39317e-7 0 -1 -5.40111e-7 0 -1 -4.71681e-7 0 -1 3.06544e-7 0 -1 5.74512e-7 0 -1 -6.73255e-7 0 -1 -4.4261e-7 0 -1 2.7605e-7 0 -1 -5.76492e-7 0 -1 1.98554e-7 0 -1 -1.38067e-7 0 -1 -5.74109e-7 0 -1 -1.13316e-6 0 -1 2.78055e-7 0 -1 1.44808e-6 0 -1 -1.77335e-6 0 -1 0 0 -1 6.26175e-7 0 -1 6.02119e-7 0 -1 1.85765e-7 0 -1 2.76654e-7 0 -1 -5.67467e-7 0 -1 -1.15922e-6 0 -1 -6.97175e-7 0 -1 -6.62762e-7 0 -1 8.74742e-7 0 -1 5.56848e-7 0 -1 7.71159e-7 0 -1 4.30492e-7 0 -1 -6.84322e-7 0 -1 4.4027e-7 0 -1 8.95291e-7 0 -1 -1.07761e-6 0 -1 8.17947e-7 0 -1 3.11615e-7 0 -1 5.53714e-7 0 -1 7.2699e-7 0 -1 -1.11141e-6 0 -1 -6.00862e-7 0 -1 1.78929e-6 0 -1 -1.15674e-6 0 -1 7.22692e-7 0 -1 3.73201e-7 0 -1 1.009e-6 0 -1 -4.2577e-7 0 -1 -3.60484e-7 0 -1 2.13503e-7 0 -1 1.35474e-7 0 -1 1.11294e-6 0 -1 6.78216e-7 0 -1 -7.80965e-7 0 -1 1.43773e-7 0 -1 1.119e-6 0 -1 -5.18187e-7 0 -1 2.8963e-7 0 -1 -3.78803e-7 0 -1 1.03194e-6 0 -1 -1.12975e-6 0 -1 -4.04616e-7 0 -1 -5.1398e-7 0 -1 2.69473e-7 0 -1 -1.27757e-6 0 -1 -7.19196e-7 0 -1 4.90321e-7 0 -1 3.73201e-7 0 -1 -5.22294e-7 0 -1 0 0 -1 9.96212e-7 0 -1 -1.48677e-6 0 -1 1.33059e-6 0 -1 -2.62213e-6 0 -1 1.05067e-6 0 -1 -1.47752e-7 0 -1 -6.71728e-7 0 -1 -2.10697e-6 0 -1 8.84381e-7 0 -1 1.32169e-6 0 -1 -3.53752e-6 0 -1 1.34709e-6 0 -1 2.43505e-6 0 -1 -1.34348e-6 0 -1 2.04381e-6 0 -1 -1.01423e-6 0.9380971 -0.02943646 0.3451194 0.861198 0.06046229 0.5046606 0.6142334 -0.04470622 0.7878571 0.3945281 0.05858117 0.9170147 0.1081144 -0.06130683 0.9922464 -0.4779672 -0.008963465 0.878332 -0.3993917 0.06070947 0.914768 0.9858188 0 0.1678137 0.9858188 0 0.1678138 0.9858188 0 0.1678135 0.985819 0 0.1678125 0.9858188 0 0.167814 0.9858187 0 0.167814 -0.7622251 0 0.6473122 -0.7622251 0 0.6473121 -0.7622258 0 0.6473112 -0.7622253 0 0.6473119 -0.7622261 0 0.6473109 -0.7622252 -8.18919e-7 0.647312 0.4535204 -4.91339e-5 -0.8912459 0.6267045 -0.01283097 -0.7791514 0.6014639 5.69416e-4 -0.7988998 0.9620377 -0.01675534 -0.2724021 0.9469052 0.01688462 -0.3210695 0.9123852 -0.01660126 0.408996 0.9318561 0.01673048 0.3624421 0.5241655 0 0.8516166 0.5493938 0.01258879 0.8354688 0.4642186 -2.96041e-6 -0.8857207 0.4642204 -2.9494e-6 -0.8857197 0.464235 -2.88095e-7 -0.8857121 0.4642356 0 -0.8857119 0.4642351 0 -0.885712 0.464238 0 -0.8857105 0.4642353 0 -0.885712 0.4642353 3.46736e-7 -0.885712 0.3800904 -5.56399e-5 0.9249495 0.3800888 4.98418e-7 0.9249501 0.3800895 1.33319e-6 0.9249498 0.3800902 0 0.9249495 0.3800908 -5.71876e-7 0.9249492 0.3800913 0 0.924949 0.3800905 -6.76283e-7 0.9249494 -0.7077142 -5.0282e-5 -0.7064989 -0.5473541 -0.01283109 -0.8368028 -0.5739362 5.69543e-4 -0.8188998 0.03821724 -0.01675474 -0.999129 -0.01274359 0.01688438 -0.9997763 0.6709218 -0.01660102 -0.7413423 0.632663 0.01673066 -0.7742465 0.9719116 0 -0.2353465 0.9643498 0.01258909 -0.2643311 -0.6989059 0 -0.7152137 -0.6989057 2.4965e-7 -0.7152139 -0.6989053 0 -0.7152143 -0.6989059 5.30218e-7 -0.7152137 -0.6989056 -6.9347e-7 -0.7152139 0.9971336 6.72559e-5 -0.07566195 0.9971334 -1.09029e-6 -0.07566428 0.9971335 -1.82462e-6 -0.07566344 0.9971336 0 -0.07566249 0.9971336 0 -0.07566136 0.9971336 0 -0.07566142 0.9971336 7.60817e-7 -0.07566207 -0.9423734 -0.006605982 0.3344979 -0.9576517 0.007844328 0.2878224 -0.9364702 -0.006679117 0.3506835 -0.8961822 0 0.4436863 -0.8961824 0 0.4436858 -0.8961827 0 0.4436855 -0.8961825 0 0.4436859 -0.8961825 0 0.4436858 -0.8961823 3.46736e-7 0.4436861 0.2361725 8.19761e-5 -0.9717112 0.2361698 -1.24605e-6 -0.9717118 0.2361708 -2.12773e-6 -0.9717115 0.2361704 0 -0.9717116 0.2361723 -1.90625e-7 -0.9717112 0.2361725 0 -0.9717112 0.2361723 3.38143e-7 -0.9717112 0.1578342 -5.23681e-5 0.9874656 -0.04568821 -0.01237106 0.9988791 -0.01424336 5.5955e-4 0.9998985 -0.6071553 -0.01608049 0.7944205 -0.5668125 0.01626461 0.8236863 -0.9457629 0 0.3248579 -0.9356999 0.01218122 0.3525866 0.1450346 0 0.9894266 0.1450346 0 0.9894266 0.1450349 0 0.9894266 0.1450352 0 0.9894265 0.1450344 -1.32555e-7 0.9894267 0.1450344 5.20105e-7 0.9894267 -0.8511713 1.93713e-5 -0.5248882 -0.8511715 -2.49209e-7 -0.5248879 -0.8511713 -4.62281e-7 -0.5248882 -0.85117 0 -0.5248902 -0.8511712 0 -0.5248882 -0.851171 0 -0.5248887 -0.8511711 6.76285e-7 -0.5248885 0.6968929 0 -0.7171753 0.6968929 0 -0.7171753 0.6968901 -1.73208e-6 -0.7171779 0.6968932 -7.18663e-6 -0.7171749 -0.6968962 0 0.717172 -0.6968928 0 0.7171754 -0.6968929 5.4058e-7 0.7171753 -0.6968932 -4.30812e-6 0.717175 0 -1 4.80165e-7 0 -1 0 0.8974261 0 0.4411651 0.897426 0 0.4411651 0.8974263 1.73209e-5 0.4411647 0.8974266 1.43733e-5 0.441164 -0.897426 0 -0.4411652 -0.8974261 0 -0.4411652 -0.8974261 0 -0.441165 -0.8974262 1.79505e-7 -0.4411647 0 -1 0 -0.4667226 5.92441e-7 -0.8844039 -0.4667224 0 -0.884404 -0.4667256 1.73208e-6 -0.8844023 -0.4667227 -3.59331e-6 -0.8844037 0.4667257 0 0.8844022 0.4667225 0 0.8844039 0.4667227 0 0.8844037 0.4667221 4.94329e-6 0.884404 0 -1 2.08408e-7 -0.9853433 0 0.1705836 -0.9853432 0 0.1705836 -0.9853438 -1.12585e-5 0.1705807 -0.9853431 -7.18662e-6 0.1705843 0.9853435 0 -0.1705818 0.9853432 0 -0.1705843 0.985343 -1.62935e-6 -0.1705847 0.9853432 -1.89203e-6 -0.1705839 -0.1422529 2.39753e-6 0.9898304 -0.1422523 1.4811e-7 0.9898305 -0.1422523 -3.89715e-6 0.9898305 -0.1422525 -3.59332e-6 0.9898304 0.1422536 0 -0.9898303 0.1422531 0 -0.9898303 0.1422531 -5.52323e-7 -0.9898304 0 -1 0 0.6193249 0.1354488 -0.7733631 0.7020403 -0.2241889 -0.6759281 0.9057485 -0.2172651 -0.3638894 0.8210666 0.1557884 -0.5491629 0.954969 0.1353917 -0.2640142 0.22775 -0.7928026 0.5653265 0.4060548 -0.7043667 0.582226 -0.265801 -0.7144164 0.6472705 -0.1728261 -0.813872 0.5547465 -0.2139554 -0.7840427 0.5826665 -0.1997833 -0.7394669 0.6428651 -0.4701883 -0.784878 0.4035956 -0.6532039 -0.7361361 0.1772804 -0.6639431 -0.7289744 0.1666615 -0.5166451 -0.7586095 0.3969754 0.2180972 -0.7749314 0.5932244 0.0754882 -0.7557155 0.650535 0.08842831 -0.7327013 0.6747809 -0.04728257 -0.7092034 0.7034167 0.07554864 -0.7558065 0.6504221 -0.1575741 -0.7561755 0.6351133 -0.2966042 -0.7089509 0.6398552 -0.3278202 -0.7504084 0.5739523 -0.2854071 -0.6794974 0.6758891 -0.339648 -0.7563147 0.5591309 -0.4635533 -0.7116724 0.5278644 -0.4589623 -0.7076599 0.5371881 -0.5983532 -0.7448819 0.2951686 -0.5340657 -0.7936967 0.2912379 -0.6126486 -0.7354221 0.28951 -0.6214933 -0.7242169 0.2987574 0.7171753 0 0.6968929 0.7171757 -5.24688e-6 0.6968924 -0.7171745 0 -0.6968937 -0.7171769 3.98451e-7 -0.6968912 -0.441164 0 0.8974265 -0.4411632 4.37239e-7 0.8974269 0.4411649 0 -0.8974262 0.4411666 0 -0.8974252 0.884404 0 -0.4667221 0.8844053 6.99583e-6 -0.4667199 -0.8844043 0 0.4667218 -0.1705828 0 -0.9853434 -0.1705829 -1.85826e-6 -0.9853433 0.1705842 0 0.9853431 0.1705811 0 0.9853436 -0.98983 0 -0.1422563 -0.98983 0 -0.1422559 0.9898304 0 0.1422532 0.9898303 0 0.1422532 -0.999988 -0.004892885 1.19145e-4 -0.9994951 0.004893779 0.03139632 9.32444e-7 -1 -6.55461e-6 2.58854e-5 -1 4.19565e-6 -0.3091243 -0.004894256 -0.951009 -0.3387221 0.004894077 -0.9408737 6.45879e-6 -1 0 4.46092e-6 -1 2.34256e-5 0.8089386 -0.004894614 -0.5878728 0.7901518 0.004894375 -0.6128916 -2.31282e-5 -1 1.11883e-5 3.05933e-6 -1 5.39548e-6 -0.308902 -0.004893779 0.9510813 -0.2790013 0.004894018 0.9602783 -5.88251e-6 -1 -3.59701e-6 1.15369e-5 -1 -2.51736e-5 0.809078 -0.004893779 0.5876809 0.827064 0.004893779 0.5620864 -1.87551e-5 -1 -1.95798e-5 -4.56804e-6 -1 6.29475e-6 -7.33694e-6 -1 -6.55631e-6 -1.64201e-6 -1 -3.99275e-6 -8.3825e-7 -1 -2.98459e-6 0 -1 5.66684e-7 0 -1 2.38427e-7 0 -1 -1.82811e-6 0 -1 -3.55455e-7 9.4699e-7 -1 -1.58734e-6 0 -1 1.63918e-7 -1.28248e-7 -1 -1.77011e-6 1.45091e-7 -1 -1.41588e-6 9.38044e-7 -1 4.6681e-6 4.1186e-7 -1 -1.40852e-6 3.61912e-7 -1 -1.7972e-6 -1.28945e-6 -1 1.58988e-6 6.69958e-7 -1 -1.76866e-6 -1.1036e-6 -1 1.75012e-6 -1.1036e-6 -1 0 9.39035e-7 -1 -1.20614e-6 -9.04607e-7 -1 1.41323e-6 8.98267e-7 -1 -1.403e-6 -6.67778e-7 -1 1.41322e-6 1.1153e-6 -1 -1.41603e-6 -4.06845e-7 -1 1.75012e-6 -4.06844e-7 -1 1.49955e-6 1.41241e-6 -1 3.74862e-7 1.29016e-6 -1 -1.41595e-6 -1.41063e-7 -1 1.76653e-6 1.41289e-6 -1 -1.40289e-6 1.32819e-7 -1 1.55676e-6 3.54e-7 -1 1.19836e-6 1.5188e-6 -1 0 4.00496e-7 -1 1.66916e-6 1.55035e-6 -1 5.31097e-7 1.56561e-6 -1 0 6.59794e-7 -1 1.76523e-6 1.55035e-6 -1 0 8.92989e-7 -1 1.40561e-6 8.92986e-7 -1 1.31711e-6 1.51662e-6 -1 1.41323e-6 1.10728e-6 -1 1.41218e-6 1.42227e-6 -1 0 1.298e-6 -1 1.94731e-6 1.27778e-6 -1 0 0.954706 0.2455193 0.1680978 0.8939611 0.4270531 0.1358655 0.3199627 0.9459527 0.05289208 0.4163267 0.9054622 0.08252531 -0.6549865 0.320657 0.6842309 -0.5212244 0.5843241 0.6220052 -0.5069959 0.4774165 0.717655 -0.3494706 0.4308977 0.8319841 -0.2089394 0.5642632 0.7987186 -0.09906435 0.429862 0.8974436 0.1395803 0.5799987 0.8025701 0.09488409 0.5043771 0.8582545 0.2191092 0.4022746 0.8889129 0.3949579 0.6170569 0.6806241 0.4060205 0.5167988 0.7537019 0.5159902 0.454864 0.7258463 0.5097262 0.3723433 0.77559 0.7163874 0.4877172 0.4989199 0.7169225 0.4869518 0.4988989 0.8443082 0.4772282 0.2437149 0.8606917 0.4259912 0.2788213 0.3663858 -0.9277409 0.07112288 0.6763705 -0.7324436 0.07777893 0.9383965 -0.2852264 0.1950851 0.4683213 -0.8799697 0.07955199 0.6582751 -0.6846507 0.3129336 0.8727731 -0.4036056 0.2745354 -0.2069137 -0.9699865 -0.127722 0.3264295 -0.9286246 0.1763527 0.4974688 -0.7843837 0.370496 0.8435162 -0.029563 0.5362896 0.5771489 -0.5418133 0.6110136 -0.07951825 -0.9920608 -0.09742766 0.21991 -0.9414781 0.2554575 0.2930583 -0.8514843 0.4348462 0.5439243 -0.003535091 0.8391268 0.1893289 -0.8728607 0.4497432 -0.0266481 -0.9771631 -0.2108133 -0.008795499 -0.9933731 -0.1145979 0.04184025 -0.864283 0.5012629 0.04575353 -0.8811287 0.470658 0.09857732 -0.2247633 0.9694143 0.1406394 -0.4540226 0.8798205 0.09103649 -0.9627578 -0.2545776 -0.1598338 -0.8802628 0.4467558 -0.2378003 -0.5168448 0.8223883 -0.1580379 -0.9107428 0.3815388 -0.391789 -0.1441228 0.9086969 0.2888348 -0.8782683 -0.3810767 -0.3521363 -0.8515804 0.3883438 -0.4011634 -0.6836462 0.6096687 -0.6186421 -0.4197852 0.6641253 -0.7193311 0.3861624 0.577444 -0.4853352 0.7361697 0.4717031 0.4502565 0.8832946 -0.130613 -0.2642161 0.9398748 0.2163915 -0.3283902 -0.693069 -0.6417284 -0.2889294 -0.8497276 -0.4410024 -0.4656702 -0.439296 -0.7682254 -0.1603903 -0.917217 -0.3646751 -0.1724803 -0.8590458 -0.4819657 -0.4014489 -0.06330555 -0.9136911 -0.08307009 -0.9148066 -0.3952572 -0.08520209 -0.9307381 -0.3556224 -0.225333 -0.2946857 -0.9286471 -0.2382735 -0.4014458 -0.8843455 -0.04776298 -0.3173707 -0.947098 -0.002307832 -0.930269 -0.3668712 -0.01374799 -0.9600852 -0.2793697 -0.08842265 -0.5273168 -0.8450554 0.03010082 -0.9720722 -0.232744 0.02972608 -0.9724003 -0.2314178 0.07484382 -0.6522655 -0.7542865 0.1073747 -0.5278505 -0.8425228 0.07152563 -0.2155928 -0.9738603 -0.5177727 -0.7318658 0.4430395 -0.512745 -0.7413409 0.4330201 -0.6205199 0.3703601 -0.6912224 -0.3726853 0.927664 0.02335005 -0.4058928 0.9022819 -0.1453911 -0.475621 0.8793558 -0.02276569 -0.7826514 -0.03382492 -0.6215406 -0.853332 0.102052 -0.5112828 -0.93616 0.3132337 0.1596531 -0.7537704 0.2404211 -0.6115784 -0.7296056 0.2217754 -0.6469091 -0.7615742 0.2009485 -0.6161369 -0.6907639 0.311701 0.6524476 -0.8662899 0.4867849 -0.1121717 -0.3326455 -0.9403728 0.07103627 0.02331471 -0.9997143 0.005267143 0.09042769 -0.9953849 0.03212165 0.1581203 -0.9861598 0.0498684 -0.6025271 -0.7568143 -0.2533641 -0.9744887 -0.2243486 0.00629574 -0.7677339 -0.6067115 -0.2061211 -0.7625527 -0.5324485 -0.3674398 -0.8992527 -0.00434947 0.4374082 -0.9117467 0.004351377 0.41073 0.2799612 -0.8156324 -0.5063256 0.3273744 -0.6435666 -0.691844 0.4490837 -0.2937323 -0.8438277 -0.3599579 -0.8392632 0.407514 0.199536 -0.9207932 -0.3351497 0.6064153 -0.5173378 -0.6038396 0.4402532 -0.6639828 -0.6044039 0.3333014 -0.9081079 -0.2534767 0.6337931 -0.579947 -0.5118281 0.2930381 -0.9441931 -0.1504271 0.8388125 -0.2945029 -0.4578883 -0.1244282 -0.9910792 0.04774725 0.3746967 -0.9137639 -0.1569651 0.7634969 -0.6330373 -0.1278138 0.9113909 -0.3312263 -0.2442452 0.3068845 -0.9511015 -0.03504252 0.4358149 -0.8935005 -0.10827 -0.3611722 -0.9320586 -0.02866238 0.4575058 -0.8854294 0.08187419 0.4958329 -0.8653427 0.07301974 0.936031 -0.3047567 0.1759818 0.956655 -0.2084022 0.2034204 -0.2992216 -0.93739 -0.1782315 0.1738681 -0.9825534 0.0660218 0.5416283 -0.7432494 0.3927076 0.7723297 -0.4134066 0.4822883 0.799813 -0.2799052 0.5309919 0.2252589 -0.955446 0.1907396 0.4166354 -0.3673002 0.8315683 -0.03149902 -0.993905 0.1056452 0.1719905 -0.9589539 0.2254483 0.4861746 -0.635725 0.5995733 0.4357063 -0.6868211 0.5817533 0.4504689 -0.331353 0.8290253 -0.265676 -0.9627997 0.04932606 -0.7205168 -0.6934015 -0.007066428 -0.8909369 -0.4443802 0.0935837 -0.2195765 -0.9742805 -0.05063343 -0.9008344 -0.4284622 -0.07012498 -0.768996 -0.6392347 0.004930436 -0.7116785 -0.6755977 -0.1925659 -0.7064191 -0.6828241 -0.1863418 -0.487241 -0.8476817 -0.2098381 -0.5927881 -0.7363857 -0.326096 -0.8957418 -0.2648154 -0.3570987 0.2316018 -0.8154487 0.5304754 0.3688729 -0.2937662 0.8818358 0.262571 -0.6437224 0.7188031 -0.3950252 -0.8156391 -0.422715 -0.5568199 -0.643566 -0.5251424 -0.6637595 -0.2937024 -0.6878679 -0.2936677 -0.9191422 -0.2625584 -0.3358532 -0.6823683 -0.649289 -0.5311717 -0.4261929 -0.732268 -0.06602501 -0.979924 -0.1881218 -0.06239348 -0.9944941 -0.0841943 -0.1603102 -0.829361 -0.5352206 -0.4111953 -0.1952357 -0.890394 -0.03962856 -0.9697256 -0.2409605 -0.02742016 -0.6818408 -0.7309865 -0.1037163 -0.4589202 -0.8824031 0.02626502 -0.9834662 -0.1791774 -0.0695548 -0.8755711 -0.4780558 0.09730601 -0.8822954 -0.4605286 0.1242309 -0.9082124 -0.3996462 0.3188521 -0.2795927 -0.9056276 0.3255715 -0.3397876 -0.8823535 -0.1360453 -0.9522936 0.2731825 0.2241289 -0.8476615 -0.4808703 0.299153 -0.9003866 -0.3159299 0.2333312 -0.928855 -0.2877238 0.609652 -0.2736482 -0.7439364 0.6125891 -0.3625166 -0.7023648 -0.1903419 -0.9717069 0.1398422 0.3911857 -0.8838795 -0.2563806 0.3690847 -0.9021238 -0.2234931 0.8158997 -0.3576791 -0.4542835 0.8148164 -0.3598782 -0.454491 -0.2609595 -0.9634319 0.06082099 0.4124587 -0.9041622 -0.1112137 0.552231 -0.828298 -0.0946756 0.9182668 -0.3584154 -0.168299 0.933373 -0.3017127 -0.1943817 0.0568602 -0.7865018 0.6149649 -0.06347352 -0.9274158 0.3686069 0.03379517 -0.2318472 0.972165 -0.01823705 -0.4096134 0.912077 -0.04782038 -0.9303412 0.3635638 -0.05219203 -0.9425135 0.3300673 -0.154439 -0.2583197 0.9536349 -0.1862555 -0.4165089 0.8898479 -0.1087134 -0.9243129 0.3658241 -0.1100948 -0.958652 0.2624224 -0.2753214 -0.3278234 0.9037312 -0.1739591 -0.9261499 0.3346413 -0.3116432 -0.6025152 0.7347475 -0.2172991 -0.9165635 0.3356971 -0.1666324 -0.9403911 0.2964766 -0.469314 -0.5254652 0.7096695 -0.4809587 -0.2740494 0.832812 -0.6107488 -0.3687461 0.7007228 -0.2316278 -0.9472115 0.2216733 -0.3622652 -0.819761 0.4435719 -0.6455491 -0.2836176 0.7091033 0.3714199 -0.9277426 -0.0366221 0.6804843 -0.7325956 -0.01564598 0.9534178 -0.2820508 -0.1069673 -0.5241006 -0.8156352 0.2450675 -0.6715087 -0.643564 0.3672892 -0.8593093 -0.2937229 0.4187056 -0.07869279 -0.9930088 0.0879839 -0.7245608 -0.6853979 -0.07239794 -0.9046619 -0.4207319 0.06761479 -0.2777134 -0.9604328 -0.02107447 -0.2611294 -0.9608929 -0.09217596 0.1518122 -0.9839222 0.09407532 -0.8164536 -0.5482409 -0.1812054 -0.3002953 -0.9500652 -0.08484619 -0.8877185 -0.1349167 -0.4401742 -0.4029859 -0.892884 -0.2008995 0.1126454 -0.987976 0.1058988 -0.6737549 -0.5431835 -0.5010052 -0.3016585 -0.8920848 -0.3364325 -0.2379142 -0.9219886 -0.3055061 -0.6524951 0.03937345 -0.7567693 -0.2169737 -0.909476 -0.3546489 -0.09871071 -0.9352015 -0.34008 -0.3241693 -0.4443586 -0.8351405 0.08215749 -0.9663419 0.2437897 -0.3218089 -0.4294888 -0.8437882 -0.09288746 -0.9028453 -0.4198125 -0.03062081 -0.9379003 0.345551 0.0284357 -0.8691911 -0.4936581 -0.02464365 -0.9242069 -0.3810962 0.04569149 -0.4268841 -0.9031512 0.01911401 -0.3117166 -0.949983 0.3897677 -0.9137071 0.1149806 0.3179125 -0.9408876 0.1168856 0.8995262 -0.3281629 0.2883778 0.8655022 -0.402087 0.2987175 0.3288967 -0.9305253 0.1610888 0.319045 -0.9342402 0.1593913 0.816488 -0.3518761 0.4577453 0.8452473 -0.2774989 0.4566743 0.3751404 -0.8902504 0.2583097 0.7215367 -0.3682124 0.5863484 0.3076134 -0.905269 0.2930224 0.2803176 -0.929001 0.2416182 0.7346829 -0.2604621 0.6264189 0.6068395 -0.3835537 0.6961554 0.2583657 -0.9037048 0.3414162 0.2408213 -0.92569 0.2917248 0.610192 -0.2819576 0.7403821 0.480829 -0.3712339 0.794348 0.1669969 -0.9292416 0.3295788 0.3030623 -0.8233491 0.4798435 0.476738 -0.2589908 0.8400266 0.1244364 -0.8154479 -0.5652967 0.2199061 -0.2937479 -0.9302438 0.2100791 -0.6437194 -0.7358615 0.04067403 -0.8836625 0.4663543 0.1443654 -0.642798 0.7523095 0.1311284 -0.3159797 0.9396608 -0.7333326 -0.6731645 -0.09525215 -0.90013 -0.4353832 0.01440274 -0.1459155 -0.9871958 0.06444591 -0.7909907 -0.593684 -0.1478962 -0.01498717 -0.9998791 -0.004148125 -0.981321 -0.1484023 -0.1224166 -0.482052 -0.8630626 -0.1508267 -0.2030827 -0.9671145 -0.1531243 -0.8295561 -0.4271429 -0.3597021 -0.8352979 -0.3990039 -0.3782506 0.2299627 -0.9135771 -0.3354011 0.1950641 -0.9560137 -0.2190614 0.5185358 -0.3366043 -0.7860141 0.5172062 -0.5336536 -0.6691126 0.2148898 -0.9513236 -0.2209204 0.1949998 -0.9623711 -0.1892538 0.6350128 -0.4775599 -0.6072028 0.6294841 -0.5021277 -0.5929736 0.2839655 -0.9326977 -0.2223484 0.213531 -0.9690271 -0.1240608 0.2614462 -0.9548169 -0.1413168 0.7435214 -0.5179713 -0.4229441 0.8225295 -0.2275858 -0.5212007 0.3680081 -0.9208131 -0.1291257 0.7366679 -0.6041316 -0.3038838 0.202556 -0.9788756 -0.02781444 0.4952688 -0.8589575 -0.1300033 0.8877708 -0.419021 -0.1904842 0.9316331 -0.2839879 -0.2267393 -0.4991782 -0.8154454 -0.2930356 -0.8167607 -0.2937456 -0.496604 -0.634927 -0.6437208 -0.42719 -0.3548566 -0.8722122 -0.3366342 -0.3250973 -0.8878457 -0.3256409 -0.6836515 -0.3312386 -0.6503089 -0.6825556 -0.3203952 -0.6568599 0.251959 -0.9316641 -0.2617609 0.3445876 -0.8720008 -0.3476696 0.5957586 -0.5100168 -0.6204471 0.663309 -0.3208205 -0.6760884 -0.3107277 -0.888143 0.338601 -0.4460313 -0.7706744 0.4551014 -0.6590016 -0.3171454 0.6820087 -0.6979821 -0.09450942 0.7098515 0.05701524 -0.9930064 0.1033815 -0.205948 -0.9298666 -0.3048503 -0.4849811 -0.6938683 -0.532297 -0.1697042 -0.9341696 -0.3138912 -0.09312999 -0.9516834 -0.2926187 -0.008250951 -0.9799964 -0.1988442 -0.2954757 -0.6693813 -0.6816325 -0.0274797 -0.9230012 -0.3838145 0.03633153 -0.9050934 -0.4236578 0.02243006 -0.8988744 -0.437632 -0.3141323 -0.9493792 3.06509e-4 0.08928835 -0.9959684 -0.008636057 -0.3918136 -0.9194995 0.03166663 -0.3450499 -0.9363563 -0.06463432 -0.3086673 -0.9441991 -0.1149463 -0.2366636 -0.970941 -0.0355519 -0.5246927 -0.8184842 -0.2340545 -0.4319971 -0.8758015 -0.2152914 -0.4536633 -0.8625874 -0.2239032 -0.8453344 -0.3391341 -0.4127929 -0.8852313 -0.1474413 -0.4411652 -0.2104941 -0.8925219 -0.3988699 -0.2132112 -0.8899512 -0.4031475 -0.4464272 -0.3141515 -0.8378613 -0.4290901 -0.3912782 -0.814115 0.2121564 -0.8698551 -0.4453559 0.2113808 -0.8785129 -0.428408 0.4114549 -0.3263304 -0.8510072 0.414062 -0.335152 -0.8463013 -0.4033169 -0.8899632 0.2128407 -0.4278777 -0.8779813 0.2146388 -0.8371608 -0.3161412 0.4463368 -0.8361971 -0.3305035 0.437655 0.3268199 -0.9316594 0.1587435 0.4371345 -0.8720024 0.2202851 0.7741859 -0.5100049 0.3748749 0.8479691 -0.32083 0.4219204 0.2259981 -0.8881545 0.4001333 0.294994 -0.7706771 0.5648322 0.4449861 -0.3171518 0.8374976 0.4594202 -0.09453409 0.8831742 0.2306648 -0.9322878 -0.2786275 0.2523902 -0.8736608 -0.4159518 0.3183618 -0.8848154 -0.3402168 0.3119935 -0.8976361 -0.311303 0.3824512 -0.8820196 -0.2752683 0.3715345 -0.9011309 -0.2234401 0.427888 -0.8797476 -0.2072588 0.426672 -0.8932324 -0.1417286 0.3896749 -0.9148901 -0.105498 0.01963931 -0.9783361 -0.2060897 -0.01301467 -0.9199519 0.3918152 0.03886252 -0.8031446 0.5945155 -0.06575745 -0.9271432 0.3688923 -0.1409343 -0.9081789 0.3941429 -0.1604056 -0.919456 0.3589857 0.1425198 -0.9641246 -0.2239465 -0.2712349 -0.8684627 0.4149749 -0.2606593 -0.9112043 0.3190039 0.07125896 -0.875804 -0.477378 0.07275503 -0.8625847 -0.5006541 0.1313658 -0.3391392 -0.931519 0.1460213 -0.1474173 -0.9782361 -0.444375 -0.8925315 0.07693046 -0.4493022 -0.8899509 0.07819765 -0.9348127 -0.3141338 0.1656655 -0.906872 -0.3912627 0.1565146 0.492233 -0.8681998 0.06273704 0.4714611 -0.8792257 0.06845861 0.9315007 -0.3395404 0.1304567 0.9366496 -0.3206923 0.1408692 0.08996295 -0.8789433 0.4683646 0.07792848 -0.8895516 0.4501392 0.1654615 -0.321877 0.9322112 0.163236 -0.325971 0.9311805 -0.05561512 -0.9615463 0.2689535 -0.06953209 -0.8743929 0.4802107 -0.1092287 -0.5799521 0.8072947 -0.1420016 -0.3290556 0.9335727 0.4558144 -0.886368 -0.08114886 0.2802394 -0.9577761 -0.06427317 0.6511077 -0.7504945 -0.1132109 0.9309503 -0.3259892 -0.1645076 0.9491228 -0.2682103 -0.1650132 0.2112987 -0.9751502 0.06659591 0.1873291 -0.9813384 0.04339241 0.24893 -0.9628621 0.1045491 0.1582475 -0.9834776 0.08791756 0.2038373 -0.9628339 0.1772041 0.1208805 -0.9896475 0.07736778 0.1595156 -0.9733039 0.165029 0.1235298 -0.9768643 0.1745755 0.09976309 -0.9828444 0.1551263 0 1 3.89322e-7 0 1 3.17266e-6 0 1 -1.16014e-6 0 1 -1.22028e-6 0 1 2.32027e-7 0 1 7.93211e-7 0 1 5.02753e-7 0 1 -2.01086e-6 0 1 7.78639e-7 0 1 -2.44354e-7 0 1 9.77483e-7 0 1 -1.55729e-6 0 1 -2.42526e-7 0 1 1.95483e-6 0 1 -1.17567e-6 -0.999952 0 0.009806394 -0.9932273 0.01342535 -0.1154103 -0.7964643 -0.03121131 -0.6038796 -0.4795308 0.03152686 -0.8769586 0.06249684 -0.02790093 -0.9976552 0.2775093 0.009170651 -0.9606792 0.8322309 0.003982722 -0.5544151 0.8558686 -0.005397975 -0.5171653 -0.990606 0.005976021 -0.1366167 -0.9809954 4.87346e-4 -0.1940305 -0.5614189 -0.01364552 -0.8274192 -0.2518285 0.02281606 -0.9675029 0.6725707 -0.02061921 -0.7397456 0.8204551 0.004318118 -0.5716947 0 1 0 0 1 0 0 1 0 0 1 0 0 1 5.9376e-7 0 1 -2.28633e-7 0 1 1.68637e-7 0 1 0 0 1 0 -0.6257967 0.6677096 0.4031657 -0.8328756 0.4610881 0.3061309 -0.3613526 0.9275791 0.09498131 0.4556958 0.8614305 -0.2242295 -0.6734348 0.2902548 0.6798807 -0.5833708 0.4392548 0.6831792 -0.4573676 0.768467 0.447519 -0.1962499 0.944287 0.2642123 0.02875471 0.9991019 -0.03112155 -0.180091 0.4546213 0.8722883 -0.3670033 0.1996737 0.9085367 -0.09126096 0.9126288 0.3984723 -0.09657865 0.915322 0.3909709 0.1561679 0.05371731 0.9862688 0.06185239 0.9280134 0.3673767 0.01409941 0.8999907 0.4356812 0.3686267 0.5204076 0.7702533 0.2663742 0.790997 0.5507892 -0.1001974 0.9814867 -0.1632311 0.6388032 0.08754742 0.764373 0.8080555 0.3756549 0.4537949 0.2841354 0.9112448 0.298161 0.8691809 0.2672416 0.4160608 0.5227949 0.8266398 0.2082121 0.2289451 0.9582334 0.1713849 0.9129038 0.4070673 -0.03004783 0.7027233 0.6856353 0.1899585 0.3360984 0.939088 -0.07177531 0.3876357 0.9160549 0.1028701 0.4924685 -2.18473e-7 0.8703303 0.4924685 0 0.8703303 0.870332 0 -0.4924656 0.870332 0 -0.4924656 -0.4924682 0 -0.8703305 -0.4924685 2.18473e-7 -0.8703304 -0.8703305 3.82886e-7 0.4924682 -0.8703305 3.82886e-7 0.4924684 0 1 0 -0.675551 0 0.7373133 -0.6755522 -3.28683e-6 0.7373122 -0.6755617 -1.88604e-6 0.7373035 -0.6757044 2.12872e-4 0.7371727 0.7373124 -3.9586e-7 0.6755521 0.7373132 -2.37488e-7 0.6755512 0.7373138 -6.06461e-7 0.6755505 0.6754854 3.01839e-6 -0.7373734 0.6755523 -3.69017e-6 -0.7373122 0.6755535 -3.40279e-7 -0.7373111 -0.7373126 3.28189e-7 -0.6755518 -0.7373117 0 -0.6755528 0 1 0 -0.9099828 0 -0.4146463 -0.9099827 0 -0.4146463 -0.4146471 0 0.9099824 -0.414645 2.18792e-7 0.9099833 0.9099826 -4.36946e-7 0.4146465 0.9099827 0 0.4146463 0.4146465 0 -0.9099827 0.113152 0 -0.9935778 0.1131519 0 -0.9935778 -0.9935778 0 -0.1131517 -0.9935777 0 -0.1131517 -0.113152 0 0.9935778 -0.113152 0 0.9935778 0.9935776 -4.37584e-7 0.1131525 0.9935779 0 0.1131508 2.22279e-7 1 0 2.22279e-7 1 0 0.9799145 0 -0.1994186 0.9799145 0 -0.1994186 -0.1994196 0 -0.9799143 -0.9799145 0 0.1994184 -0.9799145 0 0.1994184 0.199418 0 0.9799146 0.1994184 0 0.9799144 0 1 0 0.7091477 -0.4409909 -0.5501243 -0.2503623 -0.4409863 0.8618873 -0.3040537 -0.44102 -0.8444245 0.9077245 0.08627617 -0.4106005 0.8239773 -0.3264932 -0.4631022 0.2143741 0.00264734 -0.9767481 0.03349679 0.7639845 -0.6443646 -0.4220324 -0.7639287 -0.4881615 -0.9932546 -0.03251081 -0.1113036 -0.7485464 0.6217351 -0.2304862 0 -1 3.1467e-6 0 -1 3.98001e-6 0 -1 -1.0091e-6 0 -1 7.65579e-6 0 -1 -1.01446e-6 0 -1 4.99263e-7 0 -1 5.37083e-7 0 -1 -2.54827e-7 0.4198322 0 0.9076018 0.4198318 0 0.907602 0.419829 -7.63734e-7 0.9076033 0.419826 1.70233e-5 0.9076047 0.4198374 6.0707e-6 0.9075995 0.8020721 -0.4140979 0.4303526 0.4686563 0.7953172 0.3844891 0.584051 -0.08587247 0.807162 0.9948225 -1.34109e-5 0.1016285 0.9948263 -1.50795e-6 0.1015911 0.9948266 2.6573e-5 0.1015884 0.9948264 0 0.1015896 0.9948265 -2.26081e-6 0.1015892 -0.991624 0.004567384 0.1290775 -0.7575131 -0.6383723 -0.1365826 -0.5442804 -0.7927624 -0.2743844 -0.2654038 0.9274722 -0.2633559 -0.2760395 0.007831752 -0.9611144 -0.3706928 -0.7777396 -0.5076495 -0.8755537 0.3861395 -0.2903482 0 -1 -4.16408e-6 0 -1 2.10053e-6 0 -1 2.10215e-6 0 -1 3.93453e-6 0 -1 -1.57402e-5 0.3653326 -0.9280805 0.07210218 0.2176688 -0.9541936 0.2052682 0.2769323 -0.9410235 0.1943798 0.2378773 -0.9536954 0.184064 0.2449721 -0.9526075 0.1803544 0.2266259 -0.9500551 0.2145602 0.1899546 -0.9459156 0.2629848 0.378188 -0.9064611 0.1878888 0.3335769 -0.9135294 0.2327885 0.3304187 -0.913598 0.2369858 0.3198899 -0.9092811 0.2662302 0.3188189 -0.8927003 0.3184978 0.3124425 -0.8955038 0.3169427 0.3559321 -0.9228671 0.147067 0.309993 -0.933756 0.178897 0.3525267 -0.923763 0.1496224 0.1907904 -0.9459715 0.2621775 0.2135024 -0.9385476 0.271192 0.2948952 -0.900802 0.3187361 0 -1 4.12751e-7 0 -1 2.0451e-6 0 -1 -9.0817e-7 0 -1 -9.76727e-7 0 -1 1.19874e-6 -0.9507543 0.1372548 -0.2778982 -0.7083013 -0.5542292 -0.4371948 -0.434992 0.5240629 -0.7322159 0.5039427 -0.4045892 -0.7631182 0.7199594 0.06174528 -0.6912641 0.9878036 0.006321489 -0.1555772 0.9870105 -0.00633943 -0.1605311 0 -1 0 0 -1 -2.67652e-7 0 -1 1.6756e-7 0 -1 -1.49641e-7 0 -1 6.01592e-7 0 -1 -2.6535e-7 0 1 2.36e-7 0 1 -2.59763e-7 0 1 1.5002e-7 0 -1 0 0 -1 5.77356e-7 0 -1 2.47584e-7 0 -1 5.69254e-7 0 -1 -3.02628e-7 0 -1 0 0 -1 0 0 -1 5.85826e-7 0 1 1.40416e-7 0 1 -5.77356e-7 0 1 -5.72976e-7 0 1 3.53691e-7 0 1 0 0 1 0 0 1 0 0.06139892 0 -0.9981133 0.04160135 0.3626639 -0.9309911 -0.2466492 0.4152153 -0.8756487 -0.2198411 -0.4152077 -0.8827642 -0.5480816 0 -0.8364249 -0.4976179 -0.3626542 -0.7879456 -0.6242296 0.7444616 -0.2368848 -0.6059388 0.7945038 -0.04002207 -0.4611854 -0.8799439 -0.1140469 -0.7962391 0.5700591 0.2025732 -0.4989192 -0.8630352 0.07905727 0 -1 -4.46051e-7 0 -1 0 0 -1 4.31205e-7 0 -1 -2.80088e-7 0 -1 -5.57163e-7 0 1 -4.49786e-7 0 1 2.84518e-7 0 1 0 8.71621e-7 1 -2.31391e-6 3.60692e-6 1 1.6616e-6 -0.6339278 0 0.7733923 -0.6089281 0.2341788 0.7578701 -0.3607804 0.2334057 0.9029726 -0.3170737 -0.4235364 0.848576 -0.06056165 0.3626564 0.929953 -0.048231 0 0.9988363 0 -1 1.48942e-7 0 -1 -4.63256e-7 0 -1 0 0 -1 -5.82251e-7 0 -1 2.6458e-7 0 -1 -2.6451e-7 0 1 0 0 1 0 0 1 -1.32325e-7 0 1 -1.3229e-7 2.55842e-6 1 -2.91209e-6 1.67975e-6 1 1.05804e-6 0.358489 -0.744546 0.5631491 0.3014231 0.8825271 0.3609575 0.3959769 0.8934854 0.2118641 0.4562016 -0.8046429 0.3800398 0.623485 -0.7445268 0.2386341 0 -1 -2.64718e-7 0 -1 5.29022e-7 0 -1 2.91127e-7 0 -1 1.32393e-7 0 -1 -2.9121e-7 0 1 2.64649e-7 0 1 -1.45521e-7 0 -1 0 0 -1 0 0 -1 0 0 -1 0 0 -1 0 0 -1 0 0 -1 0 0 -1 0 -0.1306517 -0.5425664 0.8297903 0.1860813 -0.1046364 0.9769468 0.1423805 0.4649516 0.8738123 0.4694488 -0.2641458 0.842523 0.3280072 -0.7092385 0.6240129 0.3900664 0.8028162 0.4509262 0 -1 0 0 -1 0 0 -1 0 0 -1 0 0 -1 0 0 -1 0 0 -1 0 0 -1 0 0 -1 0 0 -1 0 0 -1 0 0 -1 0 0 -1 0 -0.962366 0 0.2717568 -0.9205957 -0.2761639 0.2761107 -0.7825645 -0.3193454 0.5344264 -0.7979238 0.319344 0.5112114 -0.6264997 0 0.7794218 -0.6141697 0.2761666 0.7392751 0 -1 0 0 -1 0 0 -1 0 0 -1 0 0 -1 0 0 -1 0 -0.5907647 -0.3958957 -0.7030389 -0.5932893 0.3123869 -0.7419045 -0.8450445 -0.3123797 -0.4339572 -0.8064525 0.3958921 -0.4392082 0 -1 1.47274e-7 0 -1 0 0 -1 0 0 -1 0 0 -1 1.53865e-7 0.636767 0 -0.7710564 0.5964851 -0.292706 -0.7473478 0.3280336 -0.3379056 -0.8821643 0.3546335 0.3379193 -0.871806 0.05202203 0 -0.998646 0.06567853 0.2927238 -0.9539388 0.93009 0 0.367332 0.8950961 -0.292699 0.3363485 0.9403555 -0.3379073 0.03937453 0.9387205 0.3379305 0.06787347 0.9658444 0 -0.2591229 0.9275459 0.2927219 -0.23232 0 -1 -1.41334e-7 0 -1 1.53865e-7 0 -1 0 0 -1 0 0.7895535 -0.6109094 -0.05826598 0.7025607 -0.707817 -0.0735107 0.2319899 -0.9727124 0.003352642 0.9435465 -0.3181512 0.09219485 0.2034122 -0.9790325 0.01090109 0.9491967 0.02500051 0.3136889 0.8361375 -0.5163858 0.1849864 0.3742739 -0.9213101 0.1053891 0.3729267 -0.9218605 0.1053512 0.8067652 -0.4476618 0.3856539 0.3938832 -0.8989983 0.1914632 0.3561111 -0.9203758 0.1615341 0.8100556 -0.1048891 0.5768954 0.7954922 -0.1852483 0.5769534 0.3634662 -0.9002619 0.2396262 0.2766869 -0.939535 0.2017878 0.5987829 -0.5322942 0.598433 0.2971493 -0.9002662 0.318156 0.2448762 -0.9398666 0.2380892 0.5914559 -0.1789237 0.7862355 0.3725742 -0.6765608 0.6351802 0.2694405 -0.8997524 0.3432892 0.3878953 -0.3308525 0.8602755 0.3615242 -0.6761065 0.6420127 0.1518456 -0.9078479 0.390839 0.2593941 -0.3278866 0.9084081 0.1247187 -0.7020182 0.7011532 0.1240838 -0.9079985 0.4001775 0.06453591 -0.4085748 0.9104404 0.1160342 -0.7020094 0.7026513 0.01565808 -0.919896 0.3918499 -0.06944936 -0.406197 0.9111427 -0.1202006 -0.7069273 0.6969975 -0.01915943 -0.9201745 0.3910396 -0.2541632 -0.4181217 0.8721097 -0.1261841 -0.7071653 0.6956973 -0.1026979 -0.9486465 0.2992039 -0.4420465 -0.2229621 0.8688399 -0.3746737 -0.4285537 0.8221688 -0.1531644 -0.937104 0.3136511 -0.135606 -0.9477288 0.2888274 -0.4893575 -0.531722 0.6912314 -0.3009485 -0.8697401 0.3911297 -0.1887637 -0.9386308 0.2886875 -0.7067221 0.1484965 0.6917316 -0.7006168 -0.05219429 0.7116262 -0.3490079 -0.8698573 0.3486288 -0.3361826 -0.8835025 0.3261972 -0.7244931 -0.4725604 0.5017935 -0.3742973 -0.8837842 0.2807615 -0.308515 -0.9282138 0.2079364 -0.8872248 -0.1410282 0.4392533 -0.8767192 -0.4280581 0.2193851 -0.857295 -0.3402558 0.3863567 -0.9041156 -0.3515911 0.2428141 -0.3113095 -0.9383058 0.1505615 -0.2518975 -0.9656196 0.06423711 -0.3370134 -0.9284728 0.156078 -0.3323106 -0.9377736 0.1007488 -0.9236566 -0.03167146 0.3819105 -0.955757 0.01286125 0.2938764 -0.7196162 -0.02529323 0.6939113 -0.8114162 0.02529364 0.5839213 -0.4389714 -0.01584309 0.8983614 -0.5935196 0.01607066 0.8046592 -0.3892489 0.007220208 0.9211043 -0.1052499 -0.00846821 0.9944099 -0.1116788 -0.01199233 0.993672 0.2411369 -0.02529335 0.9701616 0.1234382 0.0169847 0.9922069 0.5387977 -0.01618129 0.8422799 0.4303612 0.02426034 0.9023307 0.7296987 -0.01050841 0.6836882 0.6798349 0.01050835 0.73329 0.8895766 -0.01559132 0.45652 0.8372792 0.01559114 0.5465534 0.9621216 0.01406627 0.2722578 0.9747033 -0.007220566 0.2233862 0.9989393 0.007220387 -0.04547721 0.9980406 -7.04009e-7 -0.06257206 -0.2566019 0.9641199 0.06803238 0.1967024 0.9803212 -0.01668733 0.2281507 0.973257 -0.02679991 0.7353265 0.674256 -0.06836551 0.6984964 0.7146543 -0.03704035 0.997615 0.04915678 -0.04845762 0.9808978 0.1741312 -0.08670645 0.1687579 0.9855402 0.01521247 0.6939626 0.7132819 0.0982083 0.7351452 0.6750004 0.06273776 0.9517594 0.2958995 0.08122551 0.1880311 0.9808427 0.05091339 0.2123948 0.9763329 0.0407772 0.7354158 0.6518464 0.1850948 0.9644933 0.07238131 0.2539956 0.9370557 0.2116016 0.2777618 0.2157697 0.9721876 0.09107506 0.2426547 0.963715 0.1112302 0.5943565 0.7562369 0.2735802 0.6340181 0.7042404 0.3194787 0.857268 0.3395318 0.3870527 0.1657843 0.977808 0.1280898 0.62903 0.6631217 0.4056981 0.7708193 0.258526 0.5822389 0.8292272 0.01623302 0.5586758 0.1509154 0.9768356 0.1517126 0.1821681 0.968877 0.1676068 0.4424195 0.7975219 0.410151 0.4845014 0.6951181 0.531102 0.6768702 0.3550275 0.6448273 0.1264329 0.9776318 0.1680802 0.1620861 0.9389892 0.3033602 0.4509851 0.6911455 0.5647393 0.470528 0.4247789 0.7734122 0.6089723 0.08798348 0.7882968 0.1013879 0.9661487 0.2372284 0.147233 0.9385449 0.3121795 0.1858273 0.8637791 0.4683523 0.4050706 0.4254937 0.8092421 0.3857185 0.3696871 0.8453122 0.04370623 0.98535 0.1648491 0.144254 0.6916713 0.7076593 0.2862403 0.3705783 0.883594 0.1979931 0.03005945 0.9797425 0.02343988 0.9824808 0.1848837 0.01216959 0.9667831 0.2553085 0.07151961 0.7083212 0.7022578 0.05804955 0.6762552 0.7343768 0.04065501 0.3694218 0.9283722 -0.02790457 0.9742832 0.2235929 -0.05673909 0.1885939 0.9804148 -0.07481741 0.9581527 0.2763077 -0.07666844 0.9542527 0.289005 -0.1346562 0.8688309 0.4764459 -0.1365485 0.7601368 0.6352532 -0.2228653 0.3731881 0.9005896 -0.2566453 0.3159678 0.913399 -0.0734896 0.9849362 0.1565248 -0.3499643 0.6856491 0.638287 -0.3704075 0.3164823 0.873291 -0.4501463 0.1048232 0.8867809 -0.1136574 0.9803203 0.1614134 -0.113299 0.9805057 0.1605362 -0.4028052 0.7205693 0.5643828 -0.4035832 0.7076426 0.5799677 -0.541685 0.3202759 0.7771749 -0.1201313 0.9855395 0.1195005 -0.5075829 0.6808239 0.5280517 -0.5008003 0.7356017 0.4561682 -0.6832717 0.1032583 0.7228261 -0.696718 0.2663846 0.6660505 -0.1922861 0.9705427 0.1451649 -0.2765352 0.9421396 0.1894764 -0.7759458 0.394299 0.4923784 -0.7826609 0.2663002 0.5626068 -0.1917672 0.9782899 0.07857656 -0.2107079 0.977113 0.0291959 -0.2948561 0.9389727 0.1771726 -0.6340094 0.7257253 0.2671233 -0.6500065 0.7266999 0.2222586 -0.8786744 0.4458607 0.1707032 -0.8015624 0.4178931 0.4276252 -0.8784536 0.2661961 0.3968113 -0.928059 0.2662874 0.26038 -0.9857327 0.1577985 0.05857127 -0.2279813 0.9732689 0.02779036 -0.1937412 0.980915 0.01643627 -0.7377066 0.6713417 0.07133954 -0.6968439 0.7162259 0.03780281 -0.9944258 0.07371079 0.07539403 -0.1700313 0.9853196 -0.01532727 -0.7301651 0.6791723 -0.07472634 -0.7566469 0.6474856 -0.0908187 -0.9413827 0.3269 -0.08327716 -0.2134966 0.975232 -0.05780917 -0.2291753 0.9722044 -0.04793137 -0.7877917 0.5863845 -0.1885141 -0.9256797 0.2624265 -0.2724879 -0.9712193 0.05734831 -0.2311807 -0.2599813 0.9578672 -0.1220661 -0.2602 0.9577985 -0.1221395 -0.4116752 0.8878853 -0.2053854 -0.6435048 0.7185788 -0.2637161 -0.8180676 0.3886641 -0.423917 -0.8788446 0.2651722 -0.3966308 -0.1387115 0.9855046 -0.09767234 -0.555435 0.7013549 -0.4467586 -0.7808996 0.383569 -0.4930221 -0.7856697 0.07866913 -0.6136241 -0.1373909 0.9823209 -0.1271592 -0.183933 0.9617316 -0.2030791 -0.5206272 0.7137448 -0.4685251 -0.5778641 0.4520896 -0.6794764 -0.1402445 0.9665195 -0.2148759 -0.5616775 0.4312108 -0.706099 -0.5530159 0.310604 -0.7731098 -0.1439591 0.9435976 -0.29816 -0.126454 0.9536502 -0.273058 -0.218365 0.8559806 -0.4686297 -0.2282692 0.8199503 -0.5249523 -0.3804975 0.3491207 -0.8563507 -0.4115941 0.2977912 -0.8613424 -0.06498259 0.9744412 -0.2150386 -0.1730439 0.6053363 -0.7769324 -0.2730765 0.3586608 -0.8926319 -0.1969968 -0.01472109 -0.9802936 -0.038926 0.9687623 -0.2449176 -9.15262e-4 0.9000211 -0.4358453 -0.1089611 0.633133 -0.7663356 -0.04143786 0.4048748 -0.9134327 0.04393565 0.9789786 -0.1991746 -0.01280182 0.8997418 -0.436235 0.1444876 0.5111753 -0.8472445 0.05465173 0.3551847 -0.9331972 0.05240583 0.9796914 -0.1935417 0.1672311 0.5070611 -0.8455311 0.2535489 0.3896903 -0.8853557 0.09143579 0.976583 -0.1947439 0.0960738 0.965264 -0.2429717 0.1908192 0.8599858 -0.4732995 0.3511906 0.6805678 -0.6430339 0.3462983 0.3838778 -0.8559879 0.4657012 0.06298732 -0.8826977 0.1161713 0.976579 -0.1811015 0.1775681 0.958095 -0.2247745 0.417028 0.6786723 -0.6045591 0.4177412 0.7098247 -0.5671343 0.5473545 0.2945545 -0.7833523 0.1820313 0.9668861 -0.178874 0.5140252 0.6592435 -0.5487954 0.6834548 0.104537 -0.722469 0.696924 0.2938866 -0.6541619 0.1751012 0.9781015 -0.1125034 0.2557284 0.9472786 -0.1930449 0.4631172 0.8227916 -0.3294485 0.5060756 0.7928454 -0.3395344 0.7730049 0.4092933 -0.4847086 0.776908 0.2906565 -0.5585096 0.1585555 0.9841193 -0.07980871 0.2037289 0.9761338 -0.07521575 0.4585317 0.8827542 -0.1024398 0.5523373 0.8172542 -0.1643755 0.8644945 0.2967532 -0.4056933 0.8705464 0.4082177 -0.2747861 0.9294862 0.2896193 -0.228421 0.9240925 -0.007749438 -0.3820903 0.9142761 0.01016849 -0.4049643 0.71982 -0.008468329 -0.6941092 0.6978896 0.008468329 -0.7161554 0.4390106 -0.008468151 -0.898442 0.386534 0.02285498 -0.9219919 0.1286426 -0.02448844 -0.9913886 -0.1195213 -0.004467487 -0.9928216 -0.04682868 0.02823144 -0.9985039 -0.4099159 -0.004451096 -0.9121125 -0.4307456 0.00867486 -0.9024317 -0.6941084 -0.008468329 -0.7198206 -0.7161546 0.008468449 -0.6978904 -0.8878456 -0.00721997 -0.4600849 -0.9098603 0.01406663 -0.4146764 -0.9737174 -0.01559126 -0.2272257 -0.9971123 0.03237873 -0.06869256 -0.9985639 -0.0206688 0.04942601 -0.7042887 -0.7073275 0.06054186 -0.7082598 -0.7034944 0.0588535 -0.7979797 -0.597079 -0.08200681 -0.7043612 -0.7081011 -0.04968118 -0.3612532 -0.9309698 -0.05283361 -0.9285966 -0.2658655 -0.2588902 -0.2605162 -0.9632104 -0.0660097 -0.7653318 -0.5426231 -0.3461613 -0.6359902 -0.7014215 -0.3217522 -0.3502127 -0.9253811 -0.1449864 -0.7409111 -0.4030566 -0.5372115 -0.6128849 -0.7020061 -0.3627116 -0.3206552 -0.9146809 -0.246047 -0.6486337 -0.4028149 -0.6457666 -0.5581784 -0.567488 -0.6053052 -0.2811874 -0.9140262 -0.2923866 -0.2932463 -0.9068629 -0.3026655 -0.5438632 -0.2771857 -0.7920738 -0.1556528 -0.9644856 -0.2134003 -0.3879889 -0.2231737 -0.894236 -0.3878824 -0.5192764 -0.7615113 -0.1844046 -0.9010652 -0.3925256 -0.1754788 -0.9077409 -0.3810691 -0.2289272 -0.5080261 -0.8303625 -0.1025865 -0.9067826 -0.4089272 -0.1116321 -0.8982867 -0.4249936 -0.1258766 -0.02063232 -0.9918314 -0.060162 -0.4031765 -0.9131425 -0.03929579 -0.8966571 -0.4409786 -0.04537898 -0.9138548 -0.4034976 0.1480937 0.1083361 -0.9830217 0.06271862 -0.4032359 -0.9129442 0.04693645 -0.9138782 -0.4032665 0.04131919 -0.8982958 -0.4374443 0.2429306 -0.5003679 -0.8310335 0.09781056 -0.8974366 -0.4301638 0.08835226 -0.9453837 -0.3137572 0.437469 -0.06652081 -0.8967697 0.3769867 -0.3656705 -0.8509796 0.2255064 -0.8733027 -0.431844 0.1292695 -0.9455221 -0.2987931 0.4883251 -0.53479 -0.6895928 0.2635449 -0.8739454 -0.4083672 0.2053804 -0.9396684 -0.2735729 0.6576882 -0.2529218 -0.7095611 0.5472635 -0.7020177 -0.4557124 0.2254399 -0.9400036 -0.2560669 0.5839271 -0.7007731 -0.4098125 0.5786411 -0.711022 -0.3995277 0.8998547 -0.3536474 -0.2553334 0.8573551 -0.353761 -0.3738925 0.7051092 -0.6984029 -0.1226961 0.6084858 -0.7122423 -0.3499371 0.3288927 -0.9351295 -0.131767 0.3358256 -0.9351694 -0.1126035</float_array>
          <technique_common>
            <accessor source="#³µÖ48x3x18_005-mesh-normals-array" count="1926" stride="3">
              <param name="X" type="float"/>
              <param name="Y" type="float"/>
              <param name="Z" type="float"/>
            </accessor>
          </technique_common>
        </source>
        <vertices id="³µÖ48x3x18_005-mesh-vertices">
          <input semantic="POSITION" source="#³µÖ48x3x18_005-mesh-positions"/>
        </vertices>
        <lines count="10">
          <input semantic="VERTEX" source="#³µÖ48x3x18_005-mesh-vertices" offset="0"/>
          <p>1300 1299 1950 1949 1945 1944 691 690 656 655 667 666 1952 1951 702 701 284 283 1954 1953</p>
        </lines>
        <triangles material="mat_5-material" count="1949">
          <input semantic="VERTEX" source="#³µÖ48x3x18_005-mesh-vertices" offset="0"/>
          <input semantic="NORMAL" source="#³µÖ48x3x18_005-mesh-normals" offset="1"/>
          <p>0 0 1 0 2 0 0 1 2 1 3 1 7 2 10 2 9 2 7 3 9 3 6 3 8 4 10 4 7 4 8 5 4 5 10 5 5 6 4 6 8 6 12 7 13 7 14 7 12 8 14 8 15 8 11 9 12 9 15 9 18 10 19 10 20 10 18 11 20 11 16 11 17 12 18 12 16 12 23 13 25 13 21 13 23 14 24 14 25 14 22 15 23 15 21 15 26 16 29 16 30 16 27 17 26 17 30 17 28 18 30 18 31 18 28 19 27 19 30 19 42 20 33 20 32 20 41 21 33 21 42 21 40 20 34 20 33 20 40 22 33 22 41 22 39 23 35 23 34 23 39 24 34 24 40 24 38 25 35 25 39 25 37 26 35 26 38 26 36 20 35 20 37 20 46 27 43 27 44 27 57 27 43 27 46 27 56 28 57 28 46 28 45 29 56 29 46 29 55 27 56 27 45 27 50 27 55 27 45 27 54 27 55 27 50 27 49 27 54 27 50 27 53 27 54 27 49 27 48 30 53 30 49 30 52 27 53 27 48 27 47 27 52 27 48 27 51 27 52 27 47 27 65 31 61 31 64 31 74 32 62 32 61 32 74 33 63 33 62 33 73 34 63 34 74 34 73 35 58 35 63 35 66 36 69 36 68 36 59 37 58 37 73 37 67 38 70 38 69 38 67 39 69 39 66 39 60 40 71 40 70 40 60 41 72 41 71 41 60 42 70 42 67 42 60 43 59 43 72 43 61 44 65 44 66 44 61 45 75 45 74 45 61 46 68 46 75 46 61 47 66 47 68 47 77 48 80 48 76 48 77 49 81 49 80 49 78 50 81 50 77 50 78 51 82 51 81 51 79 52 82 52 78 52 84 27 85 27 86 27 84 53 86 53 87 53 84 54 87 54 88 54 83 55 88 55 89 55 83 56 89 56 90 56 83 27 90 27 91 27 83 57 84 57 88 57 94 58 97 58 93 58 94 59 98 59 97 59 95 60 98 60 94 60 95 61 92 61 98 61 96 62 92 62 95 62 102 63 99 63 100 63 101 64 102 64 100 64 104 65 105 65 106 65 104 66 106 66 107 66 103 67 104 67 107 67 110 68 111 68 112 68 110 69 112 69 108 69 109 70 110 70 108 70 115 71 117 71 113 71 115 72 116 72 117 72 114 73 115 73 113 73 119 74 118 74 120 74 121 75 119 75 120 75 130 76 129 76 128 76 122 77 130 77 128 77 122 78 127 78 126 78 122 79 128 79 127 79 123 80 122 80 126 80 124 20 123 20 126 20 125 20 124 20 126 20 138 81 136 81 137 81 135 27 136 27 138 27 139 82 135 82 138 82 134 27 135 27 139 27 140 83 134 83 139 83 133 27 134 27 140 27 141 27 133 27 140 27 132 84 133 84 141 84 131 27 132 27 141 27 154 85 147 85 155 85 154 86 148 86 147 86 153 87 148 87 154 87 152 88 148 88 153 88 144 89 158 89 145 89 144 90 149 90 158 90 144 91 150 91 149 91 143 92 150 92 144 92 146 93 145 93 158 93 146 94 156 94 155 94 146 95 157 95 156 95 146 96 158 96 157 96 146 97 155 97 147 97 142 98 151 98 150 98 142 99 152 99 151 99 142 100 148 100 152 100 142 101 150 101 143 101 160 102 164 102 163 102 160 103 163 103 159 103 161 104 164 104 160 104 161 105 165 105 164 105 162 106 165 106 161 106 168 27 169 27 170 27 168 107 170 107 171 107 168 27 171 27 172 27 166 108 174 108 175 108 167 27 172 27 173 27 167 27 173 27 174 27 167 27 168 27 172 27 167 27 174 27 166 27 179 109 182 109 181 109 179 110 181 110 178 110 180 111 182 111 179 111 177 112 182 112 180 112 177 113 176 113 182 113 184 114 185 114 186 114 184 115 186 115 187 115 183 116 184 116 187 116 190 117 191 117 192 117 190 118 192 118 188 118 189 119 190 119 188 119 195 120 197 120 193 120 195 121 196 121 197 121 194 122 195 122 193 122 199 123 198 123 201 123 199 124 201 124 202 124 200 125 202 125 203 125 200 126 199 126 202 126 207 20 209 20 208 20 207 20 210 20 209 20 207 127 211 127 210 127 206 20 212 20 211 20 206 128 211 128 207 128 205 129 212 129 206 129 205 20 213 20 212 20 214 20 213 20 205 20 204 20 214 20 205 20 223 130 217 130 222 130 218 131 217 131 223 131 224 132 218 132 223 132 219 27 218 27 224 27 225 133 219 133 224 133 226 134 219 134 225 134 220 27 219 27 226 27 227 27 220 27 226 27 221 135 220 135 227 135 228 27 221 27 227 27 216 27 221 27 228 27 215 136 216 136 228 136 240 137 235 137 241 137 240 138 236 138 235 138 239 139 236 139 240 139 239 140 234 140 236 140 238 141 234 141 239 141 231 142 244 142 243 142 231 143 243 143 230 143 231 144 245 144 244 144 231 145 246 145 245 145 232 146 237 146 246 146 232 147 246 147 231 147 233 148 234 148 232 148 229 149 242 149 241 149 229 150 243 150 242 150 229 151 230 151 243 151 229 152 241 152 235 152 234 153 238 153 237 153 234 154 237 154 232 154 247 155 252 155 251 155 248 156 252 156 247 156 248 157 253 157 252 157 249 158 253 158 248 158 249 159 254 159 253 159 250 160 254 160 249 160 256 161 257 161 258 161 256 162 259 162 260 162 256 163 260 163 261 163 256 27 261 27 262 27 256 164 262 164 263 164 256 27 264 27 265 27 256 27 263 27 264 27 256 27 265 27 255 27 256 165 258 165 259 165 268 166 272 166 271 166 269 167 272 167 268 167 270 168 272 168 269 168 266 169 272 169 270 169 267 170 266 170 270 170 276 171 273 171 274 171 276 172 277 172 273 172 275 173 276 173 274 173 279 174 280 174 281 174 279 175 281 175 282 175 278 176 279 176 282 176 287 177 289 177 285 177 287 178 288 178 289 178 286 179 287 179 285 179 291 180 290 180 293 180 291 181 293 181 294 181 291 182 294 182 295 182 292 183 291 183 295 183 297 184 304 184 303 184 297 20 305 20 304 20 297 185 296 185 305 185 298 186 303 186 302 186 298 20 297 20 303 20 298 20 302 20 301 20 300 20 298 20 301 20 299 187 298 187 300 187 318 27 306 27 307 27 311 188 318 188 307 188 317 27 318 27 311 27 316 189 317 189 311 189 310 27 316 27 311 27 310 190 315 190 316 190 309 27 315 27 310 27 314 191 315 191 309 191 313 192 314 192 309 192 308 27 313 27 309 27 312 27 313 27 308 27 328 193 327 193 324 193 327 194 325 194 324 194 337 195 325 195 327 195 337 196 326 196 325 196 336 197 326 197 337 197 321 198 331 198 330 198 321 199 332 199 331 199 321 200 330 200 320 200 321 201 333 201 332 201 322 202 334 202 333 202 322 203 333 203 321 203 319 204 329 204 328 204 319 205 330 205 329 205 319 206 320 206 330 206 319 207 328 207 324 207 323 208 334 208 322 208 323 209 326 209 336 209 323 210 335 210 334 210 323 211 336 211 335 211 338 212 343 212 342 212 339 213 343 213 338 213 340 214 343 214 339 214 340 215 344 215 343 215 341 216 344 216 340 216 347 27 349 27 350 27 347 217 350 217 351 217 347 218 351 218 352 218 347 27 348 27 349 27 346 27 353 27 354 27 346 219 347 219 352 219 346 220 352 220 353 220 346 27 354 27 345 27 358 221 355 221 356 221 357 222 358 222 356 222 362 223 364 223 361 223 362 224 365 224 364 224 363 225 366 225 365 225 363 226 365 226 362 226 360 227 359 227 366 227 360 228 366 228 363 228 368 229 372 229 371 229 369 230 372 230 368 230 369 231 373 231 372 231 370 232 373 232 369 232 370 233 367 233 373 233 380 234 377 234 376 234 380 235 381 235 377 235 379 236 376 236 375 236 379 237 380 237 376 237 378 238 375 238 374 238 378 239 379 239 375 239 382 240 384 240 383 240 403 241 399 241 398 241 395 242 398 242 397 242 395 243 403 243 398 243 396 244 395 244 397 244 404 245 399 245 403 245 404 246 400 246 399 246 405 247 404 247 403 247 406 248 400 248 404 248 406 249 404 249 405 249 393 250 395 250 394 250 393 251 403 251 395 251 393 252 405 252 403 252 406 253 401 253 400 253 407 254 401 254 406 254 407 255 406 255 405 255 408 256 407 256 405 256 392 257 405 257 393 257 392 258 408 258 405 258 402 259 401 259 407 259 409 260 402 260 407 260 390 261 408 261 391 261 409 262 407 262 408 262 390 263 409 263 408 263 386 264 385 264 402 264 386 265 402 265 409 265 389 266 409 266 390 266 389 267 388 267 409 267 388 268 386 268 409 268 388 269 387 269 386 269 413 270 417 270 415 270 413 271 415 271 412 271 413 272 416 272 417 272 414 273 416 273 413 273 414 274 410 274 416 274 411 275 410 275 414 275 427 276 422 276 421 276 426 277 427 277 421 277 425 278 426 278 421 278 425 279 421 279 420 279 424 280 425 280 420 280 424 281 420 281 419 281 424 282 419 282 418 282 423 283 424 283 418 283 431 284 433 284 428 284 433 285 432 285 430 285 433 286 430 286 429 286 433 287 429 287 428 287 449 288 448 288 441 288 449 289 444 289 448 289 449 290 445 290 444 290 450 291 440 291 439 291 450 292 441 292 440 292 450 293 449 293 441 293 451 294 449 294 450 294 451 295 445 295 449 295 451 296 446 296 445 296 438 297 451 297 450 297 452 298 451 298 438 298 446 299 451 299 452 299 447 300 446 300 452 300 435 301 437 301 436 301 435 302 438 302 437 302 453 303 438 303 435 303 453 304 452 304 438 304 447 305 452 305 453 305 453 306 434 306 442 306 453 307 435 307 434 307 443 308 447 308 453 308 443 309 453 309 442 309 454 310 459 310 455 310 456 311 459 311 454 311 456 312 458 312 459 312 456 313 457 313 458 313 466 314 462 314 461 314 467 315 466 315 461 315 465 316 464 316 467 316 468 317 461 317 460 317 468 318 467 318 461 318 468 319 460 319 463 319 468 320 465 320 467 320 468 321 463 321 465 321 470 322 472 322 471 322 470 323 469 323 472 323 475 324 473 324 474 324 475 325 478 325 473 325 476 326 478 326 475 326 476 327 477 327 478 327 483 328 486 328 485 328 483 329 487 329 486 329 484 330 483 330 485 330 479 331 480 331 482 331 481 332 487 332 483 332 481 333 480 333 487 333 482 334 480 334 481 334 522 335 507 335 504 335 522 336 518 336 507 336 523 337 518 337 522 337 505 338 522 338 504 338 506 339 518 339 523 339 500 340 517 340 502 340 500 341 516 341 517 341 525 342 514 342 527 342 498 343 527 343 497 343 498 344 525 344 526 344 492 345 512 345 494 345 509 346 510 346 521 346 519 347 509 347 521 347 490 348 519 348 520 348 491 349 508 349 509 349 491 350 509 350 490 350 505 351 523 351 524 351 505 352 524 352 522 352 505 353 506 353 523 353 517 354 518 354 506 354 517 355 503 355 502 355 517 356 506 356 503 356 501 357 516 357 500 357 501 358 497 358 516 358 501 359 496 359 497 359 515 360 527 360 514 360 515 361 516 361 497 361 515 362 497 362 527 362 498 363 526 363 527 363 513 364 514 364 525 364 513 365 525 365 498 365 513 366 498 366 499 366 494 367 512 367 513 367 494 368 513 368 499 368 495 369 494 369 499 369 492 370 511 370 512 370 492 371 489 371 511 371 488 372 492 372 493 372 488 373 489 373 492 373 528 374 521 374 510 374 528 375 510 375 511 375 528 376 520 376 521 376 528 377 511 377 489 377 528 378 490 378 520 378 509 379 519 379 490 379 531 380 532 380 530 380 531 381 533 381 532 381 529 382 533 382 531 382 536 383 540 383 539 383 537 384 540 384 536 384 537 385 541 385 540 385 538 386 542 386 541 386 538 387 541 387 537 387 535 388 534 388 542 388 535 389 542 389 538 389 544 390 543 390 546 390 544 391 546 391 545 391 550 392 551 392 549 392 550 393 552 393 551 393 548 394 547 394 552 394 548 395 552 395 550 395 572 396 570 396 573 396 571 397 570 397 572 397 569 398 573 398 570 398 569 399 581 399 573 399 568 400 581 400 569 400 566 401 580 401 581 401 566 402 581 402 568 402 567 403 580 403 566 403 567 404 579 404 580 404 565 405 579 405 567 405 564 406 579 406 565 406 564 407 578 407 579 407 563 408 578 408 564 408 563 409 577 409 578 409 562 410 577 410 563 410 560 411 577 411 562 411 561 412 577 412 560 412 561 413 576 413 577 413 559 414 576 414 561 414 559 415 575 415 576 415 558 416 575 416 559 416 557 417 575 417 558 417 557 418 574 418 575 418 556 419 553 419 574 419 556 420 574 420 557 420 554 421 556 421 555 421 554 422 553 422 556 422 600 423 601 423 599 423 600 424 611 424 601 424 598 425 610 425 611 425 598 426 611 426 600 426 597 427 610 427 598 427 597 428 609 428 610 428 596 429 609 429 597 429 595 430 609 430 596 430 594 431 609 431 595 431 594 432 608 432 609 432 593 433 608 433 594 433 591 434 608 434 593 434 591 435 607 435 608 435 592 436 607 436 591 436 592 437 606 437 607 437 590 438 606 438 592 438 587 439 605 439 606 439 586 440 606 440 590 440 586 441 587 441 606 441 588 442 605 442 587 442 589 443 605 443 588 443 585 444 605 444 589 444 585 445 604 445 605 445 582 446 603 446 604 446 582 447 604 447 585 447 583 448 603 448 582 448 583 449 602 449 603 449 584 450 602 450 583 450 613 451 616 451 612 451 613 452 617 452 616 452 614 453 617 453 613 453 614 454 618 454 617 454 615 455 618 455 614 455 620 456 623 456 619 456 620 457 624 457 623 457 621 458 625 458 624 458 621 459 624 459 620 459 622 460 626 460 625 460 622 461 625 461 621 461 627 462 630 462 629 462 628 463 630 463 627 463 631 464 633 464 632 464 631 465 634 465 633 465 636 466 639 466 638 466 636 467 638 467 635 467 637 468 640 468 639 468 637 469 639 469 636 469 642 470 641 470 644 470 643 471 642 471 644 471 648 472 647 472 646 472 648 473 646 473 645 473 694 474 691 474 692 474 694 20 692 20 693 20 688 475 689 475 690 475 699 20 700 20 701 20 705 20 702 20 703 20 705 476 703 476 704 476 709 477 694 477 695 477 709 20 695 20 696 20 723 478 709 478 722 478 721 479 722 479 709 479 721 20 696 20 697 20 721 20 709 20 696 20 721 20 697 20 698 20 708 480 709 480 723 480 708 481 687 481 688 481 710 482 721 482 698 482 710 20 698 20 699 20 724 483 708 483 723 483 720 484 721 484 710 484 724 20 687 20 708 20 724 485 686 485 687 485 725 486 686 486 724 486 725 487 685 487 686 487 711 488 705 488 649 488 711 489 649 489 650 489 711 20 719 20 720 20 711 490 720 490 710 490 718 20 719 20 711 20 681 491 682 491 683 491 679 20 725 20 726 20 679 492 683 492 684 492 679 20 684 20 685 20 679 20 685 20 725 20 727 20 679 20 726 20 717 493 711 493 650 493 717 494 718 494 711 494 651 495 717 495 650 495 680 20 681 20 683 20 678 20 727 20 728 20 678 496 679 496 727 496 712 20 716 20 717 20 729 497 678 497 728 497 715 20 716 20 712 20 652 498 717 498 651 498 652 499 712 499 717 499 713 20 715 20 712 20 713 500 714 500 715 500 676 20 677 20 675 20 733 20 714 20 713 20 707 20 730 20 731 20 706 20 731 20 732 20 706 501 732 501 733 501 706 502 707 502 731 502 653 503 712 503 652 503 674 504 675 504 678 504 673 20 674 20 678 20 673 505 678 505 729 505 655 20 653 20 654 20 672 20 729 20 730 20 672 506 730 506 707 506 672 20 673 20 729 20 671 20 672 20 707 20 660 507 713 507 659 507 670 508 671 508 707 508 657 20 659 20 656 20 661 509 733 509 713 509 661 510 713 510 660 510 669 511 670 511 707 511 658 20 659 20 657 20 662 512 733 512 661 512 663 513 706 513 733 513 663 514 733 514 662 514 664 515 706 515 663 515 667 20 668 20 669 20 665 20 666 20 664 20 677 20 678 20 675 20 679 20 680 20 683 20 666 516 706 516 664 516 707 517 667 517 669 517 690 20 708 20 688 20 709 518 691 518 694 518 701 519 710 519 699 519 711 520 702 520 705 520 655 521 712 521 653 521 713 522 656 522 659 522 736 523 735 523 742 523 734 524 744 524 743 524 734 525 745 525 744 525 734 526 743 526 742 526 735 527 734 527 742 527 740 528 738 528 737 528 746 529 740 529 737 529 746 530 737 530 736 530 746 531 736 531 742 531 740 532 739 532 738 532 746 533 741 533 740 533 746 534 742 534 741 534 844 27 769 27 770 27 845 27 769 27 844 27 843 535 844 535 770 535 843 27 770 27 771 27 846 536 769 536 845 536 846 27 768 27 769 27 842 537 843 537 771 537 842 27 771 27 772 27 847 27 768 27 846 27 847 27 767 27 768 27 790 27 767 27 847 27 841 538 842 538 772 538 773 539 841 539 772 539 791 540 766 540 767 540 791 541 767 541 790 541 783 542 841 542 773 542 822 543 766 543 791 543 774 544 783 544 773 544 765 545 766 545 822 545 821 546 783 546 774 546 867 547 821 547 774 547 823 548 765 548 822 548 775 27 867 27 774 27 764 549 765 549 823 549 860 550 841 550 783 550 840 27 822 27 791 27 866 27 867 27 775 27 824 551 764 551 823 551 776 27 866 27 775 27 763 552 764 552 824 552 865 553 866 553 776 553 825 554 763 554 824 554 787 555 852 555 853 555 786 27 853 27 854 27 786 27 854 27 855 27 786 27 787 27 853 27 788 556 852 556 787 556 788 27 851 27 852 27 785 557 786 557 855 557 785 558 855 558 856 558 789 559 850 559 851 559 789 27 851 27 788 27 784 560 785 560 856 560 784 27 856 27 857 27 777 561 865 561 776 561 762 562 763 562 825 562 836 27 837 27 792 27 864 563 865 563 777 563 820 27 870 27 871 27 826 27 762 27 825 27 793 27 836 27 792 27 819 27 820 27 871 27 835 27 836 27 793 27 872 27 819 27 871 27 794 564 835 564 793 564 818 27 819 27 872 27 834 27 835 27 794 27 873 565 818 565 872 565 778 566 864 566 777 566 761 567 762 567 826 567 795 27 834 27 794 27 863 27 864 27 778 27 833 27 834 27 795 27 817 27 818 27 873 27 827 27 761 27 826 27 874 568 817 568 873 568 796 27 833 27 795 27 796 569 832 569 833 569 816 27 817 27 874 27 875 27 816 27 874 27 797 570 832 570 796 570 797 571 831 571 832 571 815 27 875 27 876 27 815 27 816 27 875 27 862 572 863 572 778 572 877 27 815 27 876 27 779 573 862 573 778 573 760 27 761 27 827 27 828 27 760 27 827 27 798 27 760 27 828 27 861 27 862 27 779 27 909 574 910 574 800 574 908 27 800 27 801 27 908 575 909 575 800 575 780 576 861 576 779 576 759 27 760 27 798 27 799 577 759 577 798 577 907 27 801 27 802 27 907 27 908 27 801 27 890 578 812 578 889 578 890 579 811 579 812 579 891 580 811 580 890 580 906 581 907 581 802 581 906 27 802 27 803 27 892 582 809 582 810 582 892 27 810 27 811 27 892 27 811 27 891 27 814 27 861 27 780 27 814 583 879 583 861 583 893 27 809 27 892 27 905 584 803 584 804 584 905 27 906 27 803 27 913 585 759 585 799 585 913 27 799 27 912 27 894 586 808 586 809 586 894 27 809 27 893 27 904 587 905 587 804 587 904 27 804 27 805 27 781 588 814 588 780 588 758 589 759 589 913 589 895 27 808 27 894 27 813 27 814 27 781 27 903 27 904 27 805 27 896 27 808 27 895 27 886 590 813 590 781 590 914 591 758 591 913 591 782 592 886 592 781 592 782 27 885 27 886 27 757 593 758 593 914 593 915 594 757 594 914 594 756 27 757 27 915 27 747 595 885 595 782 595 747 596 884 596 885 596 916 597 756 597 915 597 755 598 756 598 916 598 748 27 884 27 747 27 748 599 883 599 884 599 917 600 755 600 916 600 754 27 755 27 917 27 749 27 883 27 748 27 749 601 882 601 883 601 806 602 900 602 899 602 806 603 919 603 900 603 918 604 754 604 917 604 880 605 807 605 898 605 750 27 881 27 882 27 750 27 882 27 749 27 753 27 754 27 918 27 753 27 919 27 806 27 753 27 920 27 919 27 753 27 918 27 920 27 751 27 880 27 881 27 751 606 881 606 750 606 751 27 807 27 880 27 752 27 807 27 751 27 752 27 806 27 807 27 752 607 753 607 806 607 783 27 784 27 859 27 859 27 784 27 858 27 858 27 784 27 857 27 783 27 859 27 860 27 789 27 790 27 848 27 789 608 848 608 849 608 789 609 849 609 850 609 791 610 792 610 839 610 839 27 792 27 838 27 838 27 792 27 837 27 791 611 839 611 840 611 797 612 798 612 829 612 797 27 829 27 830 27 797 613 830 613 831 613 799 27 800 27 911 27 911 27 800 27 910 27 799 614 911 614 912 614 805 615 806 615 901 615 901 27 806 27 899 27 805 616 901 616 902 616 805 27 902 27 903 27 807 617 808 617 897 617 897 27 808 27 896 27 807 27 897 27 898 27 812 27 813 27 887 27 812 618 887 618 888 618 812 619 888 619 889 619 814 27 815 27 878 27 878 620 815 620 877 620 814 621 878 621 879 621 820 27 821 27 868 27 820 27 868 27 869 27 820 27 869 27 870 27 828 27 829 27 798 27 847 622 848 622 790 622 867 27 868 27 821 27 886 623 887 623 813 623 921 624 929 624 925 624 922 625 929 625 921 625 922 626 928 626 929 626 923 627 928 627 922 627 923 628 927 628 928 628 924 629 926 629 927 629 924 630 927 630 923 630 931 631 932 631 930 631 931 632 933 632 932 632 937 633 936 633 935 633 934 634 931 634 937 634 934 635 933 635 931 635 934 636 937 636 935 636 943 637 940 637 938 637 943 638 941 638 940 638 944 639 943 639 938 639 942 640 941 640 943 640 939 641 945 641 944 641 939 642 944 642 938 642 948 643 953 643 952 643 949 644 954 644 953 644 949 645 953 645 948 645 950 646 955 646 954 646 950 647 954 647 949 647 951 648 956 648 955 648 951 649 955 649 950 649 947 650 946 650 956 650 947 651 956 651 951 651 957 652 959 652 960 652 957 653 960 653 961 653 958 654 962 654 959 654 958 655 959 655 957 655 966 656 965 656 964 656 963 657 958 657 966 657 963 658 962 658 958 658 963 659 966 659 964 659 967 660 975 660 974 660 969 661 967 661 974 661 969 662 974 662 973 662 970 663 969 663 973 663 968 664 967 664 969 664 972 665 971 665 970 665 972 666 970 666 973 666 978 667 983 667 982 667 979 668 984 668 983 668 979 669 983 669 978 669 980 670 985 670 984 670 980 671 984 671 979 671 981 672 986 672 985 672 981 673 985 673 980 673 977 674 976 674 986 674 977 675 986 675 981 675 988 676 989 676 987 676 988 677 990 677 989 677 994 678 993 678 992 678 991 678 988 678 994 678 991 679 990 679 988 679 991 680 994 680 992 680 995 681 1003 681 1002 681 997 682 995 682 1002 682 997 683 1002 683 1001 683 998 684 997 684 1001 684 996 685 995 685 997 685 1000 686 999 686 998 686 1000 687 998 687 1001 687 1004 688 1008 688 1007 688 1005 689 1008 689 1004 689 1004 690 1007 690 1006 690 1010 691 1011 691 1009 691 1010 692 1012 692 1011 692 1016 693 1015 693 1014 693 1013 694 1010 694 1016 694 1013 695 1012 695 1010 695 1013 696 1016 696 1014 696 1017 697 1025 697 1024 697 1019 698 1017 698 1024 698 1019 699 1024 699 1023 699 1020 700 1019 700 1023 700 1018 701 1017 701 1019 701 1022 702 1021 702 1020 702 1022 703 1020 703 1023 703 1026 704 1031 704 1030 704 1027 705 1032 705 1031 705 1027 706 1031 706 1026 706 1028 707 1033 707 1032 707 1028 708 1032 708 1027 708 1029 709 1034 709 1033 709 1029 710 1033 710 1028 710 1036 711 1037 711 1035 711 1036 712 1038 712 1037 712 1042 713 1041 713 1040 713 1039 714 1036 714 1042 714 1039 715 1038 715 1036 715 1039 716 1042 716 1040 716 1043 717 1051 717 1050 717 1045 718 1043 718 1050 718 1045 719 1050 719 1049 719 1046 720 1045 720 1049 720 1044 721 1043 721 1045 721 1048 722 1047 722 1046 722 1048 723 1046 723 1049 723 1054 724 1053 724 1052 724 1054 725 1052 725 1057 725 1056 726 1055 726 1054 726 1056 727 1054 727 1057 727 1063 728 1058 728 1059 728 1061 729 1060 729 1058 729 1062 730 1061 730 1058 730 1062 731 1058 731 1063 731 1067 732 1064 732 1065 732 1067 733 1065 733 1066 733 1070 734 1069 734 1068 734 1070 735 1068 735 1073 735 1072 736 1071 736 1070 736 1072 737 1070 737 1073 737 1079 738 1074 738 1075 738 1077 739 1076 739 1074 739 1078 740 1077 740 1074 740 1078 741 1074 741 1079 741 1083 27 1080 27 1081 27 1083 742 1081 742 1082 742 1086 743 1085 743 1084 743 1086 744 1084 744 1089 744 1088 745 1087 745 1086 745 1088 746 1086 746 1089 746 1095 747 1090 747 1091 747 1093 748 1092 748 1090 748 1094 749 1093 749 1090 749 1094 750 1090 750 1095 750 1099 751 1097 751 1098 751 1096 27 1097 27 1099 27 1102 752 1101 752 1100 752 1102 753 1100 753 1105 753 1104 754 1103 754 1102 754 1104 755 1102 755 1105 755 1107 756 1109 756 1108 756 1106 757 1110 757 1109 757 1106 758 1109 758 1107 758 1111 759 1110 759 1106 759 1113 27 1115 27 1112 27 1113 27 1114 27 1115 27 1117 760 1118 760 1116 760 1119 761 1118 761 1117 761 1121 762 1120 762 1119 762 1121 763 1119 763 1117 763 1127 764 1122 764 1123 764 1125 765 1124 765 1122 765 1126 765 1125 765 1122 765 1126 766 1122 766 1127 766 1129 767 1131 767 1128 767 1130 27 1131 27 1129 27 1133 768 1136 768 1132 768 1133 769 1137 769 1136 769 1134 770 1138 770 1137 770 1134 771 1137 771 1133 771 1135 772 1138 772 1134 772 1152 773 1161 773 1154 773 1153 774 1152 774 1154 774 1151 775 1161 775 1150 775 1164 776 1159 776 1160 776 1162 777 1159 777 1164 777 1148 778 1163 778 1164 778 1144 779 1157 779 1158 779 1140 780 1155 780 1156 780 1141 781 1155 781 1140 781 1142 782 1157 782 1144 782 1150 783 1161 783 1152 783 1160 784 1161 784 1151 784 1147 785 1151 785 1146 785 1147 786 1148 786 1160 786 1147 787 1160 787 1151 787 1160 788 1148 788 1164 788 1149 789 1162 789 1163 789 1149 790 1159 790 1162 790 1149 791 1163 791 1148 791 1158 792 1159 792 1149 792 1158 793 1145 793 1144 793 1149 794 1145 794 1158 794 1156 795 1142 795 1143 795 1156 796 1157 796 1142 796 1140 797 1156 797 1143 797 1140 798 1143 798 1139 798 1168 799 1167 799 1166 799 1165 800 1168 800 1166 800 1171 801 1170 801 1169 801 1171 802 1169 802 1172 802 1176 803 1175 803 1174 803 1173 804 1176 804 1174 804 1179 805 1178 805 1177 805 1179 806 1177 806 1180 806 1184 807 1183 807 1182 807 1181 808 1184 808 1182 808 1187 809 1186 809 1185 809 1187 809 1185 809 1188 809 1192 810 1191 810 1190 810 1189 811 1192 811 1190 811 1195 812 1194 812 1193 812 1195 813 1193 813 1196 813 1200 814 1199 814 1198 814 1197 815 1200 815 1198 815 1203 816 1202 816 1201 816 1203 817 1201 817 1204 817 1205 818 1207 818 1208 818 1206 819 1205 819 1208 819 1209 820 1212 820 1210 820 1211 821 1212 821 1209 821 1213 822 1215 822 1216 822 1214 823 1213 823 1216 823 1217 824 1220 824 1218 824 1217 825 1219 825 1220 825 1221 826 1223 826 1224 826 1222 827 1221 827 1224 827 1225 828 1227 828 1228 828 1226 829 1225 829 1228 829 1229 830 1231 830 1232 830 1230 831 1229 831 1232 831 1236 832 1234 832 1233 832 1235 833 1236 833 1233 833 1237 834 1239 834 1240 834 1238 835 1237 835 1240 835 1244 836 1241 836 1243 836 1244 837 1242 837 1241 837 1245 838 1278 838 1246 838 1247 839 1249 839 1260 839 1259 840 1247 840 1260 840 1281 841 1248 841 1247 841 1280 842 1245 842 1248 842 1280 27 1248 27 1281 27 1282 843 1281 843 1247 843 1279 27 1245 27 1280 27 1279 844 1278 844 1245 844 1283 27 1282 27 1247 27 1283 845 1247 845 1259 845 1279 846 1261 846 1278 846 1283 847 1259 847 1258 847 1292 27 1261 27 1279 27 1283 848 1258 848 1257 848 1292 849 1262 849 1261 849 1284 850 1257 850 1256 850 1284 851 1283 851 1257 851 1292 852 1263 852 1262 852 1284 853 1256 853 1255 853 1291 854 1264 854 1263 854 1291 855 1263 855 1292 855 1285 856 1284 856 1255 856 1265 857 1264 857 1291 857 1254 858 1285 858 1255 858 1266 859 1265 859 1291 859 1253 860 1285 860 1254 860 1267 861 1266 861 1291 861 1267 862 1291 862 1290 862 1252 863 1286 863 1285 863 1252 864 1285 864 1253 864 1268 865 1267 865 1290 865 1251 866 1286 866 1252 866 1269 867 1268 867 1290 867 1269 868 1290 868 1289 868 1250 869 1286 869 1251 869 1270 870 1269 870 1289 870 1277 871 1287 871 1286 871 1277 872 1286 872 1250 872 1271 873 1270 873 1289 873 1276 874 1287 874 1277 874 1272 875 1271 875 1289 875 1272 876 1289 876 1288 876 1275 877 1287 877 1276 877 1273 878 1272 878 1288 878 1274 879 1287 879 1275 879 1274 880 1288 880 1287 880 1274 881 1273 881 1288 881 1294 882 1293 882 1296 882 1294 883 1296 883 1298 883 1295 884 1298 884 1297 884 1295 885 1294 885 1298 885 1309 886 1302 886 1308 886 1303 887 1309 887 1310 887 1303 888 1302 888 1309 888 1311 889 1303 889 1310 889 1304 890 1303 890 1311 890 1312 891 1304 891 1311 891 1316 892 1304 892 1312 892 1316 893 1305 893 1304 893 1305 894 1316 894 1313 894 1317 895 1305 895 1313 895 1317 896 1306 896 1305 896 1317 897 1313 897 1314 897 1306 898 1317 898 1314 898 1307 899 1314 899 1315 899 1307 900 1306 900 1314 900 1307 901 1315 901 1299 901 1307 902 1299 902 1301 902 1319 903 1318 903 1322 903 1319 904 1322 904 1321 904 1320 905 1319 905 1321 905 1343 906 1324 906 1337 906 1343 907 1323 907 1324 907 1343 908 1339 908 1323 908 1335 909 1337 909 1336 909 1344 910 1337 910 1335 910 1344 911 1343 911 1337 911 1339 912 1343 912 1344 912 1340 913 1339 913 1344 913 1333 914 1335 914 1334 914 1345 915 1335 915 1333 915 1345 916 1344 916 1335 916 1345 917 1340 917 1344 917 1332 918 1345 918 1333 918 1330 919 1332 919 1331 919 1329 920 1332 920 1330 920 1346 921 1345 921 1332 921 1346 922 1332 922 1329 922 1341 923 1345 923 1346 923 1341 924 1340 924 1345 924 1327 925 1329 925 1328 925 1327 926 1346 926 1329 926 1342 927 1341 927 1346 927 1347 928 1346 928 1327 928 1347 929 1342 929 1346 929 1327 930 1326 930 1325 930 1347 931 1327 931 1325 931 1347 932 1325 932 1338 932 1342 933 1347 933 1338 933 1350 934 1351 934 1353 934 1348 935 1353 935 1352 935 1348 936 1350 936 1353 936 1349 937 1348 937 1352 937 1365 938 1357 938 1360 938 1365 939 1360 939 1364 939 1358 940 1357 940 1365 940 1366 941 1364 941 1363 941 1366 942 1365 942 1364 942 1358 943 1365 943 1366 943 1367 944 1363 944 1362 944 1367 945 1366 945 1363 945 1359 946 1366 946 1367 946 1359 947 1358 947 1366 947 1367 948 1369 948 1359 948 1368 949 1367 949 1362 949 1368 950 1362 950 1361 950 1369 951 1367 951 1368 951 1370 952 1361 952 1354 952 1370 953 1368 953 1361 953 1355 954 1368 954 1370 954 1355 955 1369 955 1368 955 1356 956 1369 956 1355 956 1371 957 1373 957 1374 957 1371 958 1372 958 1373 958 1384 959 1378 959 1379 959 1385 960 1384 960 1382 960 1386 961 1384 961 1385 961 1385 962 1382 962 1383 962 1386 963 1375 963 1376 963 1386 964 1380 964 1375 964 1381 965 1380 965 1386 965 1386 966 1378 966 1384 966 1386 967 1377 967 1378 967 1386 968 1376 968 1377 968 1385 969 1383 969 1381 969 1385 970 1381 970 1386 970 1395 971 1388 971 1387 971 1392 972 1390 972 1391 972 1392 973 1387 973 1390 973 1393 974 1387 974 1392 974 1395 975 1387 975 1393 975 1389 976 1388 976 1395 976 1395 977 1393 977 1394 977 1394 978 1389 978 1395 978 1396 979 1399 979 1398 979 1397 980 1399 980 1396 980 1401 981 1400 981 1404 981 1401 982 1404 982 1403 982 1402 983 1401 983 1403 983 1418 984 1406 984 1419 984 1426 985 1406 985 1418 985 1421 986 1406 986 1426 986 1421 987 1405 987 1406 987 1417 988 1426 988 1418 988 1422 989 1421 989 1426 989 1427 990 1426 990 1417 990 1422 991 1426 991 1427 991 1415 992 1417 992 1416 992 1427 993 1417 993 1415 993 1428 994 1422 994 1427 994 1428 995 1423 995 1422 995 1414 996 1427 996 1415 996 1428 997 1427 997 1414 997 1412 998 1414 998 1413 998 1412 999 1428 999 1414 999 1429 1000 1428 1000 1412 1000 1424 1001 1423 1001 1428 1001 1424 1002 1428 1002 1429 1002 1410 1003 1412 1003 1411 1003 1430 1004 1412 1004 1410 1004 1430 1005 1429 1005 1412 1005 1425 1006 1429 1006 1430 1006 1425 1007 1424 1007 1429 1007 1430 1008 1410 1008 1409 1008 1431 1009 1425 1009 1430 1009 1430 1010 1408 1010 1407 1010 1430 1011 1409 1011 1408 1011 1431 1012 1430 1012 1407 1012 1431 1013 1407 1013 1420 1013 1425 1014 1431 1014 1420 1014 1443 1015 1432 1015 1437 1015 1443 1016 1433 1016 1432 1016 1440 1017 1433 1017 1443 1017 1436 1018 1443 1018 1437 1018 1441 1019 1440 1019 1443 1019 1441 1020 1443 1020 1436 1020 1442 1021 1436 1021 1435 1021 1442 1022 1441 1022 1436 1022 1438 1023 1435 1023 1434 1023 1438 1024 1442 1024 1435 1024 1439 1025 1442 1025 1438 1025 1445 1026 1446 1026 1447 1026 1444 1027 1447 1027 1448 1027 1444 1028 1445 1028 1447 1028 1450 1029 1449 1029 1453 1029 1450 1030 1453 1030 1452 1030 1451 1031 1450 1031 1452 1031 1476 1032 1455 1032 1468 1032 1476 1033 1454 1033 1455 1033 1476 1034 1471 1034 1454 1034 1477 1035 1467 1035 1466 1035 1477 1036 1468 1036 1467 1036 1477 1037 1476 1037 1468 1037 1471 1038 1476 1038 1477 1038 1477 1039 1466 1039 1465 1039 1478 1040 1471 1040 1477 1040 1478 1041 1472 1041 1471 1041 1464 1042 1477 1042 1465 1042 1478 1043 1477 1043 1464 1043 1478 1044 1464 1044 1463 1044 1479 1045 1478 1045 1463 1045 1479 1046 1472 1046 1478 1046 1479 1047 1473 1047 1472 1047 1461 1048 1463 1048 1462 1048 1479 1049 1463 1049 1461 1049 1480 1050 1479 1050 1461 1050 1480 1051 1461 1051 1460 1051 1480 1052 1473 1052 1479 1052 1474 1053 1473 1053 1480 1053 1458 1054 1460 1054 1459 1054 1458 1055 1480 1055 1460 1055 1481 1056 1480 1056 1458 1056 1475 1057 1480 1057 1481 1057 1475 1058 1474 1058 1480 1058 1458 1059 1457 1059 1456 1059 1458 1060 1456 1060 1470 1060 1481 1061 1458 1061 1470 1061 1475 1062 1481 1062 1470 1062 1475 1063 1470 1063 1469 1063 1489 1064 1495 1064 1490 1064 1496 1065 1490 1065 1495 1065 1496 1066 1485 1066 1490 1066 1496 1067 1486 1067 1485 1067 1496 1068 1495 1068 1494 1068 1497 1069 1496 1069 1494 1069 1497 1070 1486 1070 1496 1070 1497 1071 1487 1071 1486 1071 1497 1072 1494 1072 1493 1072 1498 1073 1497 1073 1493 1073 1487 1074 1497 1074 1498 1074 1498 1075 1493 1075 1492 1075 1499 1076 1487 1076 1498 1076 1500 1077 1492 1077 1491 1077 1500 1078 1498 1078 1492 1078 1500 1079 1499 1079 1498 1079 1488 1080 1499 1080 1500 1080 1500 1081 1484 1081 1488 1081 1482 1082 1500 1082 1491 1082 1483 1083 1500 1083 1482 1083 1484 1084 1500 1084 1483 1084 1502 1085 1503 1085 1504 1085 1501 1086 1502 1086 1504 1086 1501 1087 1504 1087 1505 1087 1507 1088 1506 1088 1510 1088 1507 1089 1510 1089 1509 1089 1508 1090 1507 1090 1509 1090 1531 1091 1511 1091 1524 1091 1531 1092 1512 1092 1511 1092 1527 1093 1512 1093 1531 1093 1531 1094 1524 1094 1523 1094 1522 1095 1531 1095 1523 1095 1520 1096 1522 1096 1521 1096 1528 1097 1527 1097 1531 1097 1532 1098 1531 1098 1522 1098 1532 1099 1528 1099 1531 1099 1532 1100 1522 1100 1520 1100 1518 1101 1520 1101 1519 1101 1532 1102 1529 1102 1528 1102 1518 1103 1532 1103 1520 1103 1533 1104 1532 1104 1518 1104 1533 1105 1529 1105 1532 1105 1533 1106 1518 1106 1517 1106 1534 1107 1533 1107 1517 1107 1530 1108 1533 1108 1534 1108 1515 1109 1517 1109 1516 1109 1530 1110 1529 1110 1533 1110 1515 1111 1534 1111 1517 1111 1515 1112 1514 1112 1513 1112 1515 1113 1513 1113 1526 1113 1526 1114 1534 1114 1515 1114 1526 1115 1530 1115 1534 1115 1526 1116 1525 1116 1530 1116 1544 1117 1543 1117 1549 1117 1550 1118 1544 1118 1549 1118 1550 1119 1538 1119 1544 1119 1550 1120 1539 1120 1538 1120 1550 1121 1549 1121 1548 1121 1551 1122 1550 1122 1548 1122 1551 1123 1540 1123 1539 1123 1551 1124 1539 1124 1550 1124 1551 1125 1548 1125 1547 1125 1551 1126 1541 1126 1540 1126 1552 1127 1547 1127 1546 1127 1552 1128 1551 1128 1547 1128 1541 1129 1551 1129 1552 1129 1552 1130 1542 1130 1541 1130 1553 1131 1546 1131 1545 1131 1553 1132 1552 1132 1546 1132 1542 1133 1552 1133 1553 1133 1553 1134 1537 1134 1542 1134 1535 1135 1553 1135 1545 1135 1536 1136 1553 1136 1535 1136 1537 1137 1553 1137 1536 1137 1555 1138 1556 1138 1557 1138 1554 1139 1557 1139 1558 1139 1554 1140 1555 1140 1557 1140 1560 1141 1559 1141 1563 1141 1560 1142 1563 1142 1562 1142 1561 1143 1560 1143 1562 1143 1572 1144 1565 1144 1564 1144 1572 1145 1571 1145 1565 1145 1573 1146 1564 1146 1568 1146 1572 1147 1564 1147 1573 1147 1566 1148 1568 1148 1567 1148 1571 1149 1572 1149 1573 1149 1573 1150 1568 1150 1566 1150 1573 1151 1566 1151 1570 1151 1573 1152 1570 1152 1569 1152 1571 1153 1573 1153 1569 1153 1581 1154 1580 1154 1586 1154 1587 1155 1581 1155 1586 1155 1587 1156 1577 1156 1581 1156 1578 1157 1577 1157 1587 1157 1587 1158 1586 1158 1585 1158 1588 1159 1587 1159 1585 1159 1588 1160 1578 1160 1587 1160 1579 1161 1578 1161 1588 1161 1588 1162 1585 1162 1584 1162 1589 1163 1588 1163 1584 1163 1589 1164 1584 1164 1583 1164 1589 1165 1579 1165 1588 1165 1590 1166 1579 1166 1589 1166 1589 1167 1583 1167 1582 1167 1591 1168 1590 1168 1589 1168 1574 1169 1589 1169 1582 1169 1575 1170 1589 1170 1574 1170 1575 1171 1591 1171 1589 1171 1576 1172 1591 1172 1575 1172 1593 1173 1594 1173 1595 1173 1592 1174 1595 1174 1596 1174 1592 1175 1593 1175 1595 1175 1598 1176 1600 1176 1602 1176 1598 1177 1597 1177 1600 1177 1598 1178 1602 1178 1601 1178 1599 1179 1598 1179 1601 1179 1605 1180 1606 1180 1608 1180 1604 1181 1605 1181 1608 1181 1604 1182 1608 1182 1607 1182 1603 1183 1604 1183 1607 1183 1611 1184 1612 1184 1613 1184 1610 1185 1611 1185 1613 1185 1610 1186 1613 1186 1614 1186 1609 1187 1610 1187 1614 1187 1619 1188 1616 1188 1620 1188 1619 1189 1615 1189 1616 1189 1623 1190 1615 1190 1619 1190 1624 1191 1623 1191 1619 1191 1624 1192 1619 1192 1618 1192 1617 1193 1624 1193 1618 1193 1617 1194 1625 1194 1624 1194 1626 1195 1625 1195 1617 1195 1622 1196 1626 1196 1617 1196 1621 1197 1626 1197 1622 1197 1635 1198 1628 1198 1627 1198 1635 1199 1627 1199 1631 1199 1635 1200 1633 1200 1628 1200 1634 1201 1633 1201 1635 1201 1632 1202 1630 1202 1629 1202 1632 1203 1635 1203 1630 1203 1632 1204 1634 1204 1635 1204 1636 1205 1638 1205 1640 1205 1636 1206 1637 1206 1638 1206 1636 1207 1640 1207 1639 1207 1641 1208 1636 1208 1639 1208 1646 1209 1645 1209 1647 1209 1646 1210 1647 1210 1643 1210 1644 1211 1646 1211 1643 1211 1644 1212 1643 1212 1642 1212 1649 1213 1651 1213 1653 1213 1649 1214 1650 1214 1651 1214 1648 1215 1653 1215 1652 1215 1648 1216 1649 1216 1653 1216 1658 1217 1654 1217 1655 1217 1659 1218 1658 1218 1655 1218 1657 1219 1655 1219 1656 1219 1657 1220 1659 1220 1655 1220 1662 1221 1663 1221 1665 1221 1661 1222 1662 1222 1665 1222 1661 1223 1665 1223 1664 1223 1660 1224 1661 1224 1664 1224 1668 1225 1669 1225 1670 1225 1667 1226 1668 1226 1670 1226 1667 1227 1670 1227 1671 1227 1666 1228 1667 1228 1671 1228 1678 1229 1672 1229 1673 1229 1678 1230 1680 1230 1672 1230 1677 1231 1680 1231 1678 1231 1677 1232 1681 1232 1680 1232 1676 1233 1681 1233 1677 1233 1676 1234 1682 1234 1681 1234 1675 1235 1682 1235 1676 1235 1674 1236 1682 1236 1675 1236 1679 1237 1682 1237 1674 1237 1692 1238 1689 1238 1693 1238 1692 1239 1685 1239 1689 1239 1692 1240 1686 1240 1685 1240 1687 1241 1686 1241 1692 1241 1687 1242 1692 1242 1691 1242 1688 1243 1687 1243 1691 1243 1683 1244 1691 1244 1690 1244 1683 1245 1688 1245 1691 1245 1684 1246 1688 1246 1683 1246 1694 1247 1696 1247 1698 1247 1694 1248 1695 1248 1696 1248 1694 1249 1698 1249 1697 1249 1699 1250 1694 1250 1697 1250 1704 1251 1703 1251 1705 1251 1704 1252 1705 1252 1701 1252 1702 1253 1704 1253 1701 1253 1702 1254 1701 1254 1700 1254 1707 1255 1709 1255 1711 1255 1707 1256 1708 1256 1709 1256 1707 1257 1711 1257 1710 1257 1706 1258 1707 1258 1710 1258 1717 1259 1712 1259 1713 1259 1717 1260 1716 1260 1712 1260 1715 1261 1713 1261 1714 1261 1715 1262 1717 1262 1713 1262 1721 1263 1723 1263 1719 1263 1721 1264 1722 1264 1723 1264 1721 1265 1719 1265 1718 1265 1720 1266 1721 1266 1718 1266 1727 1267 1728 1267 1729 1267 1724 1268 1727 1268 1729 1268 1725 1269 1724 1269 1729 1269 1725 1270 1729 1270 1730 1270 1726 1271 1725 1271 1730 1271 1732 1272 1736 1272 1741 1272 1732 1273 1731 1273 1736 1273 1740 1274 1733 1274 1732 1274 1740 1275 1732 1275 1741 1275 1734 1276 1733 1276 1740 1276 1734 1277 1740 1277 1739 1277 1734 1278 1739 1278 1738 1278 1734 1279 1738 1279 1737 1279 1735 1280 1734 1280 1737 1280 1764 20 1763 20 1744 20 1764 20 1744 20 1745 20 1763 20 1743 20 1744 20 1765 1281 1764 1281 1745 1281 1765 20 1745 20 1746 20 1762 20 1742 20 1743 20 1762 1282 1743 1282 1763 1282 1765 20 1746 20 1747 20 1766 20 1765 20 1747 20 1777 1283 1761 1283 1742 1283 1777 20 1742 20 1762 20 1766 20 1747 20 1748 20 1766 1284 1748 1284 1749 1284 1767 20 1766 20 1749 20 1776 1285 1760 1285 1761 1285 1776 20 1761 20 1777 20 1750 20 1767 20 1749 20 1750 1286 1768 1286 1767 1286 1759 20 1760 20 1776 20 1759 1287 1776 1287 1775 1287 1759 1288 1775 1288 1774 1288 1751 20 1768 20 1750 20 1758 20 1759 20 1774 20 1751 1289 1769 1289 1768 1289 1757 20 1774 20 1773 20 1757 20 1758 20 1774 20 1752 20 1769 20 1751 20 1752 1290 1770 1290 1769 1290 1756 20 1757 20 1773 20 1753 1291 1771 1291 1770 1291 1753 20 1770 20 1752 20 1755 1292 1773 1292 1772 1292 1755 1293 1756 1293 1773 1293 1754 20 1771 20 1753 20 1754 1294 1772 1294 1771 1294 1754 1295 1755 1295 1772 1295 1787 1296 1779 1296 1778 1296 1787 1297 1778 1297 1783 1297 1786 1298 1787 1298 1783 1298 1786 1299 1783 1299 1782 1299 1785 1300 1786 1300 1782 1300 1785 1301 1782 1301 1781 1301 1785 1302 1781 1302 1780 1302 1784 1303 1785 1303 1780 1303 1789 1304 1795 1304 1792 1304 1789 1305 1792 1305 1788 1305 1789 1306 1794 1306 1795 1306 1790 1307 1794 1307 1789 1307 1790 1308 1793 1308 1794 1308 1791 1309 1793 1309 1790 1309 1798 1310 1797 1310 1796 1310 1798 1311 1810 1311 1809 1311 1798 20 1811 20 1810 20 1798 20 1796 20 1811 20 1801 1312 1809 1312 1808 1312 1801 1313 1798 1313 1809 1313 1801 1314 1800 1314 1799 1314 1801 1315 1799 1315 1798 1315 1802 1316 1804 1316 1803 1316 1802 20 1807 20 1806 20 1802 1317 1808 1317 1807 1317 1802 20 1801 20 1808 20 1802 20 1806 20 1805 20 1802 1318 1805 1318 1804 1318 1830 1319 1822 1319 1821 1319 1830 1320 1823 1320 1822 1320 1819 1321 1830 1321 1821 1321 1819 1322 1821 1322 1820 1322 1831 1323 1824 1323 1823 1323 1831 1324 1823 1324 1830 1324 1817 1325 1831 1325 1830 1325 1817 1326 1830 1326 1819 1326 1817 1327 1819 1327 1818 1327 1832 1328 1825 1328 1824 1328 1832 1329 1824 1329 1831 1329 1832 1330 1831 1330 1817 1330 1816 1331 1832 1331 1817 1331 1833 1332 1825 1332 1832 1332 1816 1333 1834 1333 1832 1333 1833 1334 1832 1334 1834 1334 1833 1335 1826 1335 1825 1335 1814 1336 1833 1336 1834 1336 1814 1337 1834 1337 1815 1337 1835 1338 1826 1338 1833 1338 1835 1339 1827 1339 1826 1339 1814 1340 1835 1340 1833 1340 1836 1341 1827 1341 1835 1341 1836 1342 1835 1342 1814 1342 1813 1343 1836 1343 1814 1343 1836 1344 1828 1344 1827 1344 1829 1345 1828 1345 1836 1345 1812 1346 1829 1346 1836 1346 1812 1347 1836 1347 1813 1347 1840 1348 1837 1348 1838 1348 1840 1349 1839 1349 1837 1349 1842 1350 1843 1350 1841 1350 1844 1351 1843 1351 1842 1351 1848 1352 1845 1352 1846 1352 1848 1353 1847 1353 1845 1353 1852 1354 1849 1354 1850 1354 1852 1355 1851 1355 1849 1355 1856 1356 1853 1356 1854 1356 1856 20 1855 20 1853 20 1861 1357 1857 1357 1858 1357 1861 1358 1859 1358 1857 1358 1860 1359 1859 1359 1861 1359 1862 1360 1860 1360 1861 1360 1867 1361 1863 1361 1866 1361 1867 1362 1864 1362 1863 1362 1865 1363 1864 1363 1867 1363 1872 1364 1868 1364 1871 1364 1869 1365 1868 1365 1872 1365 1870 1366 1869 1366 1872 1366 1876 1367 1873 1367 1874 1367 1876 1368 1875 1368 1873 1368 1879 1369 1877 1369 1878 1369 1879 20 1878 20 1880 20 1884 1370 1881 1370 1882 1370 1884 1371 1883 1371 1881 1371 1888 1372 1885 1372 1886 1372 1888 1373 1887 1373 1885 1373 1892 1374 1889 1374 1890 1374 1892 1375 1891 1375 1889 1375 1896 1376 1893 1376 1894 1376 1896 1376 1895 1376 1893 1376 1899 20 1897 20 1898 20 1899 20 1898 20 1900 20 1904 1377 1901 1377 1902 1377 1904 1378 1903 1378 1901 1378 1908 1379 1905 1379 1906 1379 1908 1380 1907 1380 1905 1380 1912 1381 1909 1381 1910 1381 1912 1382 1911 1382 1909 1382 1916 1383 1913 1383 1914 1383 1916 1384 1915 1384 1913 1384 1917 1385 1920 1385 1919 1385 1917 1386 1918 1386 1920 1386 1924 1387 1921 1387 1922 1387 1924 1388 1923 1388 1921 1388 1928 1389 1925 1389 1926 1389 1928 1389 1927 1389 1925 1389 1932 1390 1929 1390 1930 1390 1932 1391 1931 1391 1929 1391 1936 1392 1933 1392 1934 1392 1936 1393 1935 1393 1933 1393 1938 20 1939 20 1937 20 1938 1394 1940 1394 1939 1394 1941 1395 1943 1395 1942 1395 1946 1396 1948 1396 1947 1396 1955 1397 1957 1397 1956 1397 1959 27 1960 27 1958 27 1969 1398 1962 1398 1961 1398 1969 1399 1961 1399 1966 1399 1969 1400 1966 1400 1965 1400 1968 1401 1969 1401 1965 1401 1968 1402 1965 1402 1964 1402 1967 1403 1964 1403 1963 1403 1967 1404 1968 1404 1964 1404 1981 1405 1982 1405 1983 1405 1977 1406 1975 1406 1976 1406 1978 27 1974 27 1975 27 1978 27 1975 27 1977 27 1979 1407 1970 1407 1971 1407 1979 1408 1980 1408 1981 1408 1979 1409 1983 1409 1970 1409 1979 27 1981 27 1983 27 1979 1410 1972 1410 1973 1410 1979 1411 1973 1411 1974 1411 1979 1412 1971 1412 1972 1412 1979 27 1974 27 1978 27 1990 1413 1985 1413 1984 1413 1990 1414 1984 1414 1986 1414 1987 1415 1990 1415 1986 1415 1989 1416 1990 1416 1987 1416 1989 1417 1987 1417 1988 1417 1995 1418 1992 1418 1991 1418 1995 1419 1991 1419 1993 1419 1994 1420 1995 1420 1993 1420 2001 1421 2002 1421 1997 1421 2000 1422 1997 1422 1996 1422 2000 1423 2001 1423 1997 1423 1999 1424 1996 1424 1998 1424 1999 1425 2000 1425 1996 1425 2004 1426 2003 1426 2005 1426 2011 1427 2004 1427 2005 1427 2012 1428 2011 1428 2006 1428 2007 1429 2012 1429 2006 1429 2010 1430 2008 1430 2009 1430 2010 1431 2007 1431 2008 1431 2005 1432 2006 1432 2011 1432 2017 27 2022 27 2023 27 2016 1433 2021 1433 2022 1433 2016 1434 2022 1434 2017 1434 2018 27 2023 27 2024 27 2018 1435 2017 1435 2023 1435 2016 1436 2020 1436 2021 1436 2018 1437 2024 1437 2025 1437 2015 27 2019 27 2020 27 2015 27 2020 27 2016 27 2014 27 2025 27 2013 27 2014 27 2018 27 2025 27 2027 1438 2031 1438 2026 1438 2036 1439 2032 1439 2031 1439 2036 1440 2031 1440 2037 1440 2035 1441 2033 1441 2032 1441 2035 1442 2032 1442 2036 1442 2034 1443 2033 1443 2035 1443 2044 1444 2033 1444 2034 1444 2028 1445 2039 1445 2027 1445 2028 1446 2040 1446 2039 1446 2028 1447 2041 1447 2040 1447 2028 1448 2042 1448 2041 1448 2029 1449 2043 1449 2042 1449 2029 1450 2042 1450 2028 1450 2031 1451 2027 1451 2039 1451 2031 1452 2038 1452 2037 1452 2031 1453 2039 1453 2038 1453 2030 1454 2033 1454 2044 1454 2030 1455 2044 1455 2043 1455 2030 1456 2043 1456 2029 1456 2047 1457 2045 1457 2046 1457 2047 27 2048 27 2049 27 2047 1458 2049 1458 2050 1458 2047 1459 2050 1459 2051 1459 2047 1460 2051 1460 2052 1460 2047 27 2052 27 2053 27 2047 1461 2053 1461 2045 1461 2055 1462 2058 1462 2054 1462 2055 1463 2059 1463 2058 1463 2056 1464 2059 1464 2055 1464 2056 1465 2060 1465 2059 1465 2057 1466 2060 1466 2056 1466 2061 1467 2064 1467 2063 1467 2062 1468 2064 1468 2061 1468 2069 27 2070 27 2071 27 2072 27 2069 27 2071 27 2068 27 2069 27 2072 27 2073 1469 2068 1469 2072 1469 2067 1470 2068 1470 2073 1470 2074 1471 2067 1471 2073 1471 2066 27 2067 27 2074 27 2075 1472 2066 1472 2074 1472 2065 1473 2075 1473 2076 1473 2065 1474 2066 1474 2075 1474 2079 1475 2077 1475 2088 1475 2079 1476 2078 1476 2077 1476 2080 20 2088 20 2087 20 2080 20 2079 20 2088 20 2081 20 2087 20 2086 20 2081 20 2080 20 2087 20 2082 20 2086 20 2085 20 2082 20 2081 20 2086 20 2083 1477 2082 1477 2085 1477 2084 20 2083 20 2085 20 2094 1478 2095 1478 2096 1478 2094 1479 2096 1479 2097 1479 2093 27 2097 27 2098 27 2093 1480 2094 1480 2097 1480 2092 1481 2098 1481 2099 1481 2092 1482 2093 1482 2098 1482 2091 27 2099 27 2100 27 2091 1483 2092 1483 2099 1483 2089 27 2100 27 2101 27 2089 27 2101 27 2102 27 2089 1484 2091 1484 2100 1484 2089 1485 2102 1485 2090 1485 2116 1486 2104 1486 2103 1486 2116 1487 2105 1487 2104 1487 2115 1488 2106 1488 2105 1488 2115 1489 2105 1489 2116 1489 2114 20 2107 20 2106 20 2114 1490 2106 1490 2115 1490 2113 20 2108 20 2107 20 2113 1491 2107 1491 2114 1491 2111 20 2109 20 2108 20 2111 20 2110 20 2109 20 2111 1492 2108 1492 2113 1492 2111 20 2112 20 2110 20 2123 1493 2117 1493 2118 1493 2123 1494 2119 1494 2117 1494 2124 1495 2120 1495 2119 1495 2124 1496 2119 1496 2123 1496 2122 1497 2121 1497 2120 1497 2122 1498 2120 1498 2124 1498 2126 1499 2127 1499 2125 1499 2131 1500 2128 1500 2127 1500 2131 1501 2127 1501 2126 1501 2130 1502 2129 1502 2128 1502 2130 1503 2128 1503 2131 1503 2133 1504 2144 1504 2132 1504 2143 27 2144 27 2133 27 2134 27 2143 27 2133 27 2142 27 2143 27 2134 27 2135 1505 2141 1505 2142 1505 2135 27 2142 27 2134 27 2136 1506 2140 1506 2141 1506 2136 1507 2141 1507 2135 1507 2137 27 2139 27 2140 27 2137 1508 2140 1508 2136 1508 2138 27 2139 27 2137 27 2157 20 2156 20 2155 20 2154 20 2157 20 2155 20 2145 1509 2157 1509 2154 1509 2153 1510 2145 1510 2154 1510 2146 1511 2153 1511 2152 1511 2146 20 2145 20 2153 20 2147 20 2152 20 2151 20 2147 20 2146 20 2152 20 2148 1512 2151 1512 2150 1512 2148 20 2147 20 2151 20 2149 1513 2148 1513 2150 1513 2164 1514 2158 1514 2159 1514 2164 1515 2160 1515 2158 1515 2164 1516 2161 1516 2160 1516 2165 1517 2161 1517 2164 1517 2165 1518 2162 1518 2161 1518 2163 1519 2162 1519 2165 1519 2167 1520 2177 1520 2166 1520 2176 27 2177 27 2167 27 2168 1521 2176 1521 2167 1521 2175 27 2176 27 2168 27 2169 1522 2175 1522 2168 1522 2174 27 2175 27 2169 27 2170 1523 2173 1523 2174 1523 2170 1524 2174 1524 2169 1524 2171 27 2172 27 2173 27 2171 1525 2173 1525 2170 1525 2186 1526 2185 1526 2184 1526 2183 20 2186 20 2184 20 2187 1527 2186 1527 2183 1527 2182 20 2187 20 2183 20 2188 1528 2187 1528 2182 1528 2181 20 2188 20 2182 20 2189 20 2181 20 2180 20 2189 1529 2188 1529 2181 1529 2178 1530 2180 1530 2179 1530 2178 1531 2189 1531 2180 1531 2195 1532 2190 1532 2191 1532 2195 1533 2192 1533 2190 1533 2196 1534 2193 1534 2192 1534 2196 1535 2192 1535 2195 1535 2194 1536 2193 1536 2196 1536 2206 27 2199 27 2200 27 2205 27 2200 27 2201 27 2205 27 2206 27 2200 27 2207 1537 2198 1537 2199 1537 2207 27 2199 27 2206 27 2204 1538 2201 1538 2202 1538 2204 1539 2205 1539 2201 1539 2208 1540 2197 1540 2198 1540 2208 27 2198 27 2207 27 2203 1541 2204 1541 2202 1541 2213 1542 2219 1542 2218 1542 2212 20 2220 20 2219 20 2212 1543 2219 1543 2213 1543 2214 20 2218 20 2217 20 2214 20 2213 20 2218 20 2211 20 2209 20 2220 20 2211 20 2220 20 2212 20 2215 20 2217 20 2216 20 2215 20 2214 20 2217 20 2210 20 2209 20 2211 20 2226 1544 2228 1544 2227 1544 2226 1545 2229 1545 2228 1545 2226 27 2230 27 2229 27 2225 27 2231 27 2230 27 2225 1546 2232 1546 2231 1546 2225 1547 2230 1547 2226 1547 2224 27 2233 27 2232 27 2224 1548 2234 1548 2233 1548 2224 1549 2235 1549 2234 1549 2224 27 2232 27 2225 27 2223 27 2236 27 2235 27 2223 1550 2237 1550 2236 1550 2223 27 2235 27 2224 27 2222 1551 2238 1551 2237 1551 2222 27 2239 27 2238 27 2222 27 2237 27 2223 27 2221 27 2239 27 2222 27 2241 1552 2240 1552 2244 1552 2242 1553 2244 1553 2245 1553 2242 1554 2241 1554 2244 1554 2242 1555 2245 1555 2246 1555 2243 1556 2242 1556 2246 1556 2243 1557 2246 1557 2247 1557 2248 1558 2257 1558 2258 1558 2248 1559 2258 1559 2259 1559 2248 1560 2259 1560 2260 1560 2248 1561 2256 1561 2257 1561 2249 1562 2260 1562 2261 1562 2249 1563 2261 1563 2262 1563 2249 1564 2262 1564 2263 1564 2249 27 2248 27 2260 27 2250 1565 2263 1565 2264 1565 2250 1566 2264 1566 2253 1566 2250 1567 2249 1567 2263 1567 2251 1568 2253 1568 2254 1568 2251 1569 2254 1569 2255 1569 2251 1570 2255 1570 2252 1570 2251 27 2250 27 2253 27 2271 1571 2266 1571 2265 1571 2271 1572 2265 1572 2267 1572 2272 1573 2267 1573 2268 1573 2272 1574 2271 1574 2267 1574 2270 1575 2268 1575 2269 1575 2270 1576 2272 1576 2268 1576 2287 1577 2285 1577 2286 1577 2287 1578 2286 1578 2274 1578 2275 27 2287 27 2274 27 2288 1579 2275 1579 2276 1579 2288 1580 2287 1580 2275 1580 2277 27 2288 27 2276 27 2278 27 2288 27 2277 27 2289 1581 2288 1581 2278 1581 2279 27 2289 27 2278 27 2280 27 2289 27 2279 27 2281 27 2289 27 2280 27 2290 27 2289 27 2281 27 2282 27 2290 27 2281 27 2283 27 2290 27 2282 27 2284 27 2290 27 2283 27 2273 1582 2290 1582 2284 1582 2296 1583 2291 1583 2293 1583 2296 1584 2292 1584 2291 1584 2295 1585 2293 1585 2294 1585 2295 1586 2296 1586 2293 1586 2299 1587 2311 1587 2298 1587 2300 27 2311 27 2299 27 2301 1588 2311 1588 2300 1588 2310 27 2297 27 2314 27 2302 27 2312 27 2311 27 2302 27 2311 27 2301 27 2309 27 2310 27 2314 27 2303 1589 2312 1589 2302 1589 2308 1590 2314 1590 2313 1590 2308 27 2309 27 2314 27 2304 27 2312 27 2303 27 2307 1591 2308 1591 2313 1591 2305 27 2313 27 2312 27 2305 27 2312 27 2304 27 2306 27 2313 27 2305 27 2306 27 2307 27 2313 27 2321 1592 2316 1592 2315 1592 2321 1593 2315 1593 2317 1593 2322 1594 2317 1594 2318 1594 2322 1595 2321 1595 2317 1595 2320 1596 2318 1596 2319 1596 2320 1597 2322 1597 2318 1597 2329 1598 2324 1598 2323 1598 2329 1599 2323 1599 2325 1599 2330 1600 2325 1600 2326 1600 2330 1601 2329 1601 2325 1601 2328 1602 2326 1602 2327 1602 2328 1603 2330 1603 2326 1603 2348 27 2344 27 2331 27 2343 1604 2344 1604 2348 1604 2342 27 2343 27 2348 27 2347 27 2342 27 2348 27 2341 1605 2342 1605 2347 1605 2340 27 2341 27 2347 27 2339 1606 2347 1606 2346 1606 2339 27 2340 27 2347 27 2338 27 2339 27 2346 27 2337 27 2338 27 2346 27 2336 1607 2346 1607 2345 1607 2336 27 2337 27 2346 27 2335 27 2336 27 2345 27 2334 27 2335 27 2345 27 2333 27 2345 27 2332 27 2333 27 2334 27 2345 27</p>
        </triangles>
        <triangles material="mat_0-material" count="318">
          <input semantic="VERTEX" source="#³µÖ48x3x18_005-mesh-vertices" offset="0"/>
          <input semantic="NORMAL" source="#³µÖ48x3x18_005-mesh-normals" offset="1"/>
          <p>2384 1608 2363 1608 2362 1608 2384 1609 2366 1609 2363 1609 2384 1610 2367 1610 2366 1610 2384 1611 2362 1611 2361 1611 2368 1612 2367 1612 2384 1612 2385 1613 2361 1613 2360 1613 2385 1614 2384 1614 2361 1614 2385 1615 2368 1615 2384 1615 2369 1616 2368 1616 2385 1616 2386 1617 2385 1617 2360 1617 2370 1618 2385 1618 2386 1618 2370 1619 2369 1619 2385 1619 2359 1620 2386 1620 2360 1620 2387 1621 2386 1621 2359 1621 2387 1622 2370 1622 2386 1622 2371 1623 2370 1623 2387 1623 2388 1624 2387 1624 2359 1624 2372 1625 2387 1625 2388 1625 2372 1626 2371 1626 2387 1626 2358 1627 2388 1627 2359 1627 2373 1628 2388 1628 2358 1628 2373 1629 2372 1629 2388 1629 2389 1630 2358 1630 2357 1630 2389 1631 2373 1631 2358 1631 2374 1632 2373 1632 2389 1632 2356 1633 2389 1633 2357 1633 2375 1634 2389 1634 2356 1634 2375 1635 2374 1635 2389 1635 2390 1636 2356 1636 2355 1636 2390 1637 2375 1637 2356 1637 2376 1638 2375 1638 2390 1638 2354 1639 2390 1639 2355 1639 2377 1640 2390 1640 2354 1640 2377 1641 2376 1641 2390 1641 2391 1642 2354 1642 2353 1642 2391 1643 2377 1643 2354 1643 2378 1644 2377 1644 2391 1644 2392 1645 2353 1645 2352 1645 2392 1646 2391 1646 2353 1646 2379 1647 2391 1647 2392 1647 2379 1648 2378 1648 2391 1648 2393 1649 2392 1649 2352 1649 2380 1650 2392 1650 2393 1650 2380 1651 2379 1651 2392 1651 2394 1652 2352 1652 2351 1652 2394 1653 2393 1653 2352 1653 2394 1654 2380 1654 2393 1654 2381 1655 2380 1655 2394 1655 2395 1656 2394 1656 2351 1656 2395 1657 2381 1657 2394 1657 2382 1658 2381 1658 2395 1658 2350 1659 2395 1659 2351 1659 2396 1660 2349 1660 2364 1660 2396 1661 2395 1661 2350 1661 2396 1662 2350 1662 2349 1662 2383 1663 2395 1663 2396 1663 2383 1664 2364 1664 2365 1664 2383 1665 2382 1665 2395 1665 2383 1666 2396 1666 2364 1666 2418 1667 2397 1667 2398 1667 2418 1668 2419 1668 2397 1668 2417 1669 2398 1669 2399 1669 2417 1670 2418 1670 2398 1670 2416 1671 2399 1671 2400 1671 2416 1672 2417 1672 2399 1672 2415 1673 2416 1673 2400 1673 2415 1674 2400 1674 2401 1674 2414 1675 2415 1675 2401 1675 2413 1676 2401 1676 2402 1676 2413 1677 2414 1677 2401 1677 2412 1678 2402 1678 2403 1678 2412 1679 2413 1679 2402 1679 2411 1680 2403 1680 2404 1680 2411 1681 2412 1681 2403 1681 2410 1682 2404 1682 2405 1682 2410 1683 2411 1683 2404 1683 2409 1684 2410 1684 2405 1684 2409 1685 2405 1685 2406 1685 2408 1686 2409 1686 2406 1686 2408 1687 2406 1687 2407 1687 2439 1688 2421 1688 2420 1688 2456 1689 2438 1689 2437 1689 2456 1690 2454 1690 2438 1690 2457 1691 2455 1691 2454 1691 2457 1692 2454 1692 2456 1692 2457 1693 2442 1693 2441 1693 2457 1694 2441 1694 2455 1694 2456 1695 2437 1695 2436 1695 2459 1696 2456 1696 2458 1696 2459 1697 2457 1697 2456 1697 2459 1698 2442 1698 2457 1698 2458 1699 2436 1699 2435 1699 2458 1700 2456 1700 2436 1700 2460 1701 2459 1701 2458 1701 2443 1702 2442 1702 2459 1702 2443 1703 2459 1703 2460 1703 2434 1704 2458 1704 2435 1704 2461 1705 2458 1705 2434 1705 2461 1706 2460 1706 2458 1706 2462 1707 2460 1707 2461 1707 2462 1708 2443 1708 2460 1708 2461 1709 2434 1709 2433 1709 2463 1710 2462 1710 2461 1710 2444 1711 2462 1711 2463 1711 2444 1712 2443 1712 2462 1712 2464 1713 2433 1713 2432 1713 2464 1714 2461 1714 2433 1714 2464 1715 2463 1715 2461 1715 2465 1716 2463 1716 2464 1716 2465 1717 2444 1717 2463 1717 2431 1718 2464 1718 2432 1718 2466 1719 2464 1719 2431 1719 2466 1720 2465 1720 2464 1720 2445 1721 2465 1721 2466 1721 2445 1722 2444 1722 2465 1722 2467 1723 2431 1723 2430 1723 2467 1724 2466 1724 2431 1724 2468 1725 2466 1725 2467 1725 2468 1726 2445 1726 2466 1726 2446 1727 2445 1727 2468 1727 2467 1728 2430 1728 2429 1728 2469 1729 2468 1729 2467 1729 2469 1730 2446 1730 2468 1730 2469 1731 2447 1731 2446 1731 2428 1732 2467 1732 2429 1732 2470 1733 2467 1733 2428 1733 2470 1734 2469 1734 2467 1734 2471 1735 2469 1735 2470 1735 2447 1736 2469 1736 2471 1736 2470 1737 2428 1737 2427 1737 2448 1738 2447 1738 2471 1738 2472 1739 2427 1739 2426 1739 2472 1740 2470 1740 2427 1740 2473 1741 2470 1741 2472 1741 2473 1742 2471 1742 2470 1742 2473 1743 2448 1743 2471 1743 2449 1744 2448 1744 2473 1744 2472 1745 2426 1745 2425 1745 2474 1746 2473 1746 2472 1746 2474 1747 2449 1747 2473 1747 2474 1748 2450 1748 2449 1748 2475 1749 2425 1749 2424 1749 2475 1750 2472 1750 2425 1750 2476 1751 2472 1751 2475 1751 2476 1752 2474 1752 2472 1752 2476 1753 2450 1753 2474 1753 2475 1754 2424 1754 2423 1754 2478 1755 2476 1755 2475 1755 2478 1756 2475 1756 2477 1756 2451 1757 2450 1757 2476 1757 2451 1758 2476 1758 2478 1758 2422 1759 2475 1759 2423 1759 2477 1760 2475 1760 2422 1760 2452 1761 2478 1761 2477 1761 2452 1762 2451 1762 2478 1762 2479 1763 2422 1763 2421 1763 2479 1764 2421 1764 2439 1764 2479 1765 2477 1765 2422 1765 2480 1766 2477 1766 2479 1766 2480 1767 2479 1767 2439 1767 2480 1768 2439 1768 2440 1768 2480 1769 2452 1769 2477 1769 2453 1770 2452 1770 2480 1770 2453 1771 2480 1771 2440 1771 2505 1772 2484 1772 2483 1772 2518 1773 2482 1773 2481 1773 2518 1774 2481 1774 2502 1774 2519 1775 2483 1775 2482 1775 2519 1776 2482 1776 2518 1776 2519 1777 2505 1777 2483 1777 2518 1778 2502 1778 2501 1778 2520 1779 2519 1779 2518 1779 2521 1780 2519 1780 2520 1780 2521 1781 2505 1781 2519 1781 2520 1782 2501 1782 2500 1782 2520 1783 2518 1783 2501 1783 2522 1784 2521 1784 2520 1784 2506 1785 2521 1785 2522 1785 2506 1786 2505 1786 2521 1786 2523 1787 2500 1787 2499 1787 2523 1788 2520 1788 2500 1788 2524 1789 2520 1789 2523 1789 2524 1790 2522 1790 2520 1790 2507 1791 2522 1791 2524 1791 2507 1792 2506 1792 2522 1792 2523 1793 2499 1793 2498 1793 2525 1794 2524 1794 2523 1794 2525 1795 2507 1795 2524 1795 2525 1796 2508 1796 2507 1796 2497 1797 2523 1797 2498 1797 2526 1798 2523 1798 2497 1798 2526 1799 2525 1799 2523 1799 2508 1800 2525 1800 2526 1800 2526 1801 2497 1801 2496 1801 2527 1802 2508 1802 2526 1802 2509 1803 2508 1803 2527 1803 2528 1804 2526 1804 2496 1804 2528 1805 2496 1805 2495 1805 2528 1806 2527 1806 2526 1806 2529 1807 2527 1807 2528 1807 2510 1808 2527 1808 2529 1808 2510 1809 2509 1809 2527 1809 2494 1810 2528 1810 2495 1810 2530 1811 2529 1811 2528 1811 2530 1812 2510 1812 2529 1812 2530 1813 2511 1813 2510 1813 2493 1814 2528 1814 2494 1814 2531 1815 2528 1815 2493 1815 2531 1816 2530 1816 2528 1816 2511 1817 2530 1817 2531 1817 2532 1818 2493 1818 2492 1818 2532 1819 2531 1819 2493 1819 2512 1820 2531 1820 2532 1820 2512 1821 2511 1821 2531 1821 2532 1822 2492 1822 2491 1822 2533 1823 2512 1823 2532 1823 2513 1824 2512 1824 2533 1824 2534 1825 2491 1825 2490 1825 2534 1826 2532 1826 2491 1826 2534 1827 2533 1827 2532 1827 2535 1828 2533 1828 2534 1828 2535 1829 2513 1829 2533 1829 2535 1830 2514 1830 2513 1830 2489 1831 2534 1831 2490 1831 2536 1832 2534 1832 2489 1832 2537 1833 2535 1833 2534 1833 2537 1834 2534 1834 2536 1834 2537 1835 2514 1835 2535 1835 2536 1836 2489 1836 2488 1836 2538 1837 2537 1837 2536 1837 2515 1838 2514 1838 2537 1838 2515 1839 2537 1839 2538 1839 2539 1840 2488 1840 2487 1840 2539 1841 2536 1841 2488 1841 2539 1842 2538 1842 2536 1842 2540 1843 2538 1843 2539 1843 2516 1844 2538 1844 2540 1844 2516 1845 2515 1845 2538 1845 2486 1846 2539 1846 2487 1846 2539 1847 2486 1847 2485 1847 2539 1848 2485 1848 2503 1848 2540 1849 2539 1849 2503 1849 2517 1850 2516 1850 2540 1850 2517 1851 2540 1851 2503 1851 2517 1852 2503 1852 2504 1852 2542 1853 2541 1853 2543 1853 2560 1854 2542 1854 2543 1854 2560 1855 2543 1855 2544 1855 2559 1856 2560 1856 2544 1856 2559 1857 2544 1857 2545 1857 2558 1858 2559 1858 2545 1858 2558 1859 2545 1859 2546 1859 2557 1860 2546 1860 2547 1860 2557 1861 2558 1861 2546 1861 2557 1862 2547 1862 2548 1862 2556 1863 2557 1863 2548 1863 2556 1864 2548 1864 2549 1864 2555 1865 2556 1865 2549 1865 2555 1866 2549 1866 2550 1866 2554 1867 2555 1867 2550 1867 2554 1868 2550 1868 2551 1868 2553 1869 2554 1869 2551 1869 2553 1870 2551 1870 2552 1870 2579 1871 2562 1871 2561 1871 2579 1872 2561 1872 2577 1872 2595 1873 2577 1873 2576 1873 2595 1874 2579 1874 2577 1874 2580 1875 2579 1875 2595 1875 2595 1876 2576 1876 2575 1876 2581 1877 2580 1877 2595 1877 2574 1878 2595 1878 2575 1878 2582 1879 2595 1879 2574 1879 2582 1880 2581 1880 2595 1880 2596 1881 2574 1881 2573 1881 2596 1882 2582 1882 2574 1882 2583 1883 2582 1883 2596 1883 2572 1884 2596 1884 2573 1884 2597 1885 2596 1885 2572 1885 2597 1886 2583 1886 2596 1886 2584 1887 2583 1887 2597 1887 2597 1888 2572 1888 2571 1888 2585 1889 2584 1889 2597 1889 2598 1890 2571 1890 2570 1890 2598 1891 2597 1891 2571 1891 2598 1892 2585 1892 2597 1892 2586 1893 2585 1893 2598 1893 2599 1894 2598 1894 2570 1894 2599 1895 2586 1895 2598 1895 2587 1896 2586 1896 2599 1896 2569 1897 2599 1897 2570 1897 2600 1898 2599 1898 2569 1898 2588 1899 2587 1899 2599 1899 2588 1900 2599 1900 2600 1900 2601 1901 2569 1901 2568 1901 2601 1902 2600 1902 2569 1902 2601 1903 2588 1903 2600 1903 2589 1904 2588 1904 2601 1904 2602 1905 2601 1905 2568 1905 2602 1906 2589 1906 2601 1906 2590 1907 2589 1907 2602 1907 2603 1908 2568 1908 2567 1908 2603 1909 2602 1909 2568 1909 2604 1910 2602 1910 2603 1910 2604 1911 2590 1911 2602 1911 2605 1912 2603 1912 2567 1912 2605 1913 2604 1913 2603 1913 2591 1914 2604 1914 2605 1914 2566 1915 2605 1915 2567 1915 2592 1916 2605 1916 2566 1916 2592 1917 2591 1917 2605 1917 2565 1918 2592 1918 2566 1918 2593 1919 2592 1919 2565 1919 2606 1920 2564 1920 2563 1920 2606 1921 2565 1921 2564 1921 2606 1922 2563 1922 2578 1922 2606 1923 2593 1923 2565 1923 2594 1924 2593 1924 2606 1924 2594 1925 2606 1925 2578 1925</p>
        </triangles>
      </mesh>
    </geometry>
  </library_geometries>
  <library_visual_scenes>
    <visual_scene id="Scene" name="Scene">
      <node id="yahboom_front_right" name="yahboom_front_right" type="NODE">
        <matrix sid="transform">1 0 0 0 0 1 0 0 0 0 1 0 0 0 0 1</matrix>
        <instance_geometry url="#³µÖ48x3x18_005-mesh" name="yahboom_front_right">
          <bind_material>
            <technique_common>
              <instance_material symbol="mat_5-material" target="#mat_5-material"/>
              <instance_material symbol="mat_0-material" target="#mat_0-material"/>
            </technique_common>
          </bind_material>
        </instance_geometry>
      </node>
    </visual_scene>
  </library_visual_scenes>
  <scene>
    <instance_visual_scene url="#Scene"/>
  </scene>
</COLLADA>