<?xml version="1.0" encoding="utf-8"?>
<COLLADA xmlns="http://www.collada.org/2005/11/COLLADASchema" version="1.4.1" xmlns:xsi="http://www.w3.org/2001/XMLSchema-instance">
  <asset>
    <contributor>
      <author>Blender User</author>
      <authoring_tool>Blender 3.0.1</authoring_tool>
    </contributor>
    <created>2026-09-22T10:44:01</created>
    <modified>2026-09-22T10:44:01</modified>
    <unit name="meter" meter="1"/>
    <up_axis>Z_UP</up_axis>
  </asset>
  <library_effects>
    <effect id="mat_5-effect">
      <profile_COMMON>
        <technique sid="common">
          <lambert>
            <emission>
              <color sid="emission">0 0 0 1</color>
            </emission>
            <diffuse>
              <color sid="diffuse">0.3762621 0.3419144 0.3049873 1</color>
            </diffuse>
            <reflectivity>
              <float sid="specular">1</float>
            </reflectivity>
            <index_of_refraction>
              <float sid="ior">1.45</float>
            </index_of_refraction>
          </lambert>
        </technique>
      </profile_COMMON>
    </effect>
    <effect id="mat_0-effect">
      <profile_COMMON>
        <technique sid="common">
          <lambert>
            <emission>
              <color sid="emission">0 0 0 1</color>
            </emission>
            <diffuse>
              <color sid="diffuse">1 1 1 1</color>
            </diffuse>
            <reflectivity>
              <float sid="specular">1</float>
            </reflectivity>
            <index_of_refraction>
              <float sid="ior">1.45</float>
            </index_of_refraction>
          </lambert>
        </technique>
      </profile_COMMON>
    </effect>
  </library_effects>
  <library_images/>
  <library_materials>
    <material id="mat_5-material" name="mat_5">
      <instance_effect url="#mat_5-effect"/>
    </material>
    <material id="mat_0-material" name="mat_0">
      <instance_effect url="#mat_0-effect"/>
    </material>
  </library_materials>
  <library_geometries>
    <geometry id="³µÖ48x3x18_007-mesh" name="³µÖ48x3x18.007">
      <mesh>
        <source id="³µÖ48x3x18_007-mesh-positions">
          <float_array id="³µÖ48x3x18_007-mesh-positions-array" count="7824">0.003016889 -0.007859706 -0.003535509 0.004840731 -0.008999943 -0.005675733 0.00587368 -0.009006023 -0.004620373 0.006680011 -0.008954882 -0.003365397 0.002994239 -0.008000075 -0.005411148 0.003033578 -0.008424878 -0.005382895 0.003941178 -0.00837773 -0.004606246 0.003254711 -0.008161604 -0.004470348 0.002880275 -0.00825119 -0.004952311 0.003940343 -0.007999956 -0.004607379 0.003130495 -0.007999897 -0.004434764 6.69509e-5 -0.00901705 -0.007590353 9.25194e-4 -0.008386373 -0.006010651 0.001728117 -0.007955372 -0.004532635 0.001728117 -0.003999948 -0.004532635 6.08824e-5 -0.003999948 -0.007601559 0.001711189 -0.003999948 -0.004521727 0.001728117 -0.007955372 -0.004532635 0.002260029 -0.007839739 -0.0038836 0.003406703 -0.007955789 -0.003458976 0.00338912 -0.004000067 -0.003312706 0.003410816 -0.003999948 -0.003488838 0.003410816 -0.007964074 -0.003488838 0.005050063 -0.008395016 -0.003427565 0.0068053 -0.00901705 -0.003361999 0.006818175 -0.003999948 -0.003361523 7.61412e-5 -0.008999943 -0.007760405 0.004447937 -0.008999943 -0.00623846 0.006882548 -0.008999943 -0.003400206 6.7763e-5 -0.003999948 -0.007676362 0.004630804 -0.003999948 -0.006228923 0.006818175 -0.003999948 -0.003361523 0.006818175 -0.003999948 -0.003361523 0.003157317 -0.003999948 -0.003510892 0.002578377 -0.003999948 -0.003696739 0.001952171 -0.003999948 -0.004180014 6.08824e-5 -0.003999948 -0.007601559 0.001254796 -0.003999948 -0.007497489 0.002417564 -0.003999948 -0.007207095 0.00352025 -0.003999948 -0.006737589 0.004535377 -0.003999948 -0.006100594 0.00543785 -0.003999948 -0.005311965 0.006205141 -0.003999948 -0.004391312 0.006818175 -0.008999943 -0.003361523 0.006656289 -0.008999943 -0.003367543 0.004840731 -0.008999943 -0.005675733 0.005875945 -0.008999943 -0.004621863 1.38648e-4 -0.008999943 -0.007458388 0.001412332 -0.008999943 -0.007324755 0.002644419 -0.008999943 -0.006975233 0.003798544 -0.008999943 -0.006420135 6.08824e-5 -0.008999943 -0.007601559 0.001254796 -0.008999943 -0.007497489 0.002417564 -0.008999943 -0.007207095 0.00352025 -0.008999943 -0.006737589 0.004535377 -0.008999943 -0.006100594 0.00543785 -0.008999943 -0.005311965 0.006205141 -0.008999943 -0.004391312 0.003021001 -0.007896661 -0.003542125 0.00383538 -0.008335113 -0.004518806 0.004840731 -0.008999943 -0.005675733 0.001578629 -0.007974028 -0.004802346 0.002050757 -0.007868885 -0.004075229 0.002623558 -0.00785619 -0.003677725 1.38648e-4 -0.008999943 -0.007458388 0.001412332 -0.008999943 -0.007324755 0.002644419 -0.008999943 -0.006975233 0.003798544 -0.008999943 -0.006420135 0.003071665 -0.008451223 -0.005433082 0.003427207 -0.008584618 -0.005591213 0.003754973 -0.008635997 -0.005524218 0.003989875 -0.008619725 -0.005304872 0.004082262 -0.008468806 -0.004884183 0.00334531 -0.008196115 -0.00440514 0.002935707 -0.00819832 -0.004746496 0.002908945 -0.008321225 -0.005142033 0.003036856 -0.008424937 -0.005380332 0.003613829 -0.008633017 -0.005580663 0.004048645 -0.008592963 -0.005183935 0.003948867 -0.008380293 -0.004605114 0.002979516 -0.008000016 -0.005444824 0.003897726 -0.007999956 -0.005460679 0.003989994 -0.007999956 -0.004578351 0.003234446 -0.007999956 -0.005542874 0.00364083 -0.007999956 -0.00557512 0.003900468 -0.007999956 -0.005412578 0.004058837 -0.007999956 -0.005150377 0.004001319 -0.007999956 -0.004695296 0.003631591 -0.007999956 -0.004423797 0.00317651 -0.007999956 -0.004481375 0.00290507 -0.007999956 -0.004851102 0.002943873 -0.007999956 -0.00525695 -0.004220664 -0.008000075 -0.005295097 -0.003234863 -0.008177757 -0.004477202 -0.003502786 -0.008176803 -0.004289329 -0.004094243 -0.00835812 -0.004398763 -0.004127562 -0.008643507 -0.005214452 -0.003195047 -0.007999956 -0.00443536 -0.003992259 -0.008000016 -0.004323184 -0.007210671 -0.003999948 -0.002406895 -0.005868852 -0.003999948 -0.004995584 -0.005783855 -0.008999943 -0.00493294 -0.007308185 -0.008999943 -0.002447366 -0.007198214 -0.00901705 -0.002409219 -0.005430579 -0.008386373 -0.002737283 -0.003776788 -0.007955372 -0.003044247 -0.003776788 -0.003999948 -0.003044247 -0.007210671 -0.003999948 -0.002406895 -0.003771066 -0.003999948 -0.003023207 -0.003776788 -0.007955372 -0.003044247 -0.003044366 -0.00784558 -0.003316819 -0.002225875 -0.007950186 -0.004301726 -0.002104938 -0.004000008 -0.00424546 -0.002264022 -0.003999948 -0.004321992 -0.002264082 -0.007964074 -0.004321992 -0.001699268 -0.008395016 -0.005862116 -0.00109446 -0.00901705 -0.007511138 -0.001090049 -0.003999948 -0.007523238 -0.005783855 -0.003999948 -0.00493294 -0.005783855 -0.008999943 -0.00493294 -0.003579795 -0.003999948 -0.00681436 -0.001090049 -0.003999948 -0.007523238 -0.001090049 -0.008999943 -0.007523238 -0.003856837 -0.008999943 -0.006661534 -0.005410075 -0.003999948 -0.005366504 -0.004142642 -0.003999948 -0.006373822 -0.002685606 -0.003999948 -0.00713253 -0.001090049 -0.003999948 -0.007523238 -0.002363383 -0.003999948 -0.004087746 -0.002719044 -0.003999948 -0.003594517 -0.003372192 -0.003999948 -0.003148317 -0.007210671 -0.003999948 -0.002406895 -0.006632387 -0.003999948 -0.003746211 -0.001090049 -0.008999943 -0.007523238 -0.00114578 -0.008999943 -0.007371187 -0.002820014 -0.008999943 -0.006930053 -0.004797756 -0.008999943 -0.005741059 -0.006319105 -0.008999943 -0.004005908 -0.007050514 -0.008999943 -0.002436637 -0.007210671 -0.008999943 -0.002406895 -0.006632387 -0.008999943 -0.003746211 -0.005410075 -0.008999943 -0.005366504 -0.004142642 -0.008999943 -0.006373822 -0.002685606 -0.008999943 -0.00713253 -0.001147568 -0.008843362 -0.007441639 -0.002816617 -0.009011626 -0.006925582 -0.004800558 -0.008996784 -0.00574094 -0.006315052 -0.009009242 -0.004004478 -0.007135868 -0.008802831 -0.002457201 -0.003275811 -0.007878065 -0.003175139 -0.002452015 -0.007882237 -0.003900289 -0.003977 -0.008637309 -0.005366504 -0.003561198 -0.008562207 -0.005449533 -0.003212511 -0.008407175 -0.005217969 -0.003095269 -0.00829178 -0.004944026 -0.003141582 -0.008196949 -0.004601478 -0.003415405 -0.008174061 -0.004322826 -0.003760993 -0.008237302 -0.004271507 -0.004041016 -0.008342742 -0.004389047 -0.004222154 -0.008461236 -0.004624068 -0.004251539 -0.008610129 -0.005040526 -0.004130423 -0.008633673 -0.005243122 -0.003720283 -0.00860399 -0.005452156 -0.003132939 -0.008364379 -0.005147159 -0.003234922 -0.008166074 -0.00448811 -0.00413686 -0.007999956 -0.005248308 -0.003462791 -0.008000016 -0.005460917 -0.003139674 -0.007999956 -0.004418671 -0.00397706 -0.007999956 -0.005381047 -0.003521084 -0.007999956 -0.005431294 -0.003224313 -0.007999956 -0.005232989 -0.003085851 -0.007999956 -0.004904031 -0.00319451 -0.007999956 -0.004511117 -0.003530323 -0.007999956 -0.004279971 -0.00388652 -0.007999956 -0.004303276 -0.004204213 -0.007999956 -0.004559755 -0.0042544 -0.007999956 -0.00501573 -0.00620532 -0.007999956 0.001616477 -0.006209313 -0.00852108 0.001613557 -0.005262196 -0.008281886 0.002435266 -0.006088674 -0.008593082 0.002496242 -0.006341397 -0.00863707 0.002057313 -0.005255579 -0.008000075 0.002441346 -0.006347775 -0.008000016 0.002311646 -0.004515647 -0.00901705 0.006101369 -0.004281461 -0.008386373 0.004318892 -0.004062354 -0.007955372 0.002651214 -0.004062354 -0.003999948 0.002651214 -0.004517316 -0.003999948 0.006114006 -0.004040598 -0.003999948 0.002652287 -0.004062354 -0.007955372 0.002651214 -0.004095256 -0.00784558 0.001870393 -0.00477904 -0.007950186 7.87664e-4 -0.004688143 -0.004000008 6.89993e-4 -0.004810154 -0.003999948 8.17677e-4 -0.004810154 -0.007964074 8.17677e-4 -0.006100296 -0.008395016 -1.95397e-4 -0.007481753 -0.00901705 -0.001280128 -0.007491886 -0.003999948 -0.001288056 -0.004548192 -0.008999943 0.006149172 -0.007093131 -0.008999943 0.00303775 -0.00756669 -0.008999943 -0.001294553 -0.004566848 -0.003999948 0.006170451 -0.007222831 -0.003999948 0.002715051 -0.007538497 -0.003999948 -0.001292109 -0.007491886 -0.003999948 -0.001288056 -0.004617989 -0.003999948 9.8454e-4 -0.004258871 -0.003999948 0.001475155 -0.004036307 -0.003999948 0.00223422 -0.004517316 -0.003999948 0.006114006 -0.005422115 -0.003999948 0.005328059 -0.006192088 -0.003999948 0.00440967 -0.006808221 -0.003999948 0.003381669 -0.007255077 -0.003999948 0.002269625 -0.007521629 -0.003999948 0.001101136 -0.007601201 -0.003999948 -9.46354e-5 -0.007491886 -0.008999943 -0.001288056 -0.007364511 -0.008999943 -0.001188039 -0.004496097 -0.008999943 0.005952477 -0.005762517 -0.008999943 0.004771888 -0.006942629 -0.008999943 0.002788841 -0.007462322 -0.008999943 5.40519e-4 -0.004517316 -0.008999943 0.006114006 -0.005422115 -0.008999943 0.005328059 -0.006192088 -0.008999943 0.00440967 -0.006808221 -0.008999943 0.003381669 -0.007255077 -0.008999943 0.002269625 -0.007521629 -0.008999943 0.001101136 -0.007601201 -0.008999943 -9.46354e-5 -0.004538893 -0.008813619 0.006023764 -0.005759835 -0.00900948 0.00476849 -0.006943523 -0.008996546 0.002791583 -0.007457673 -0.009010195 5.38897e-4 -0.007364511 -0.008999943 -0.001188039 -0.004779517 -0.007918477 8.3958e-4 -0.004032552 -0.007876217 0.002134561 -0.004350304 -0.007864356 0.001318752 -0.006009697 -0.008439421 0.001447796 -0.005535066 -0.00824505 0.001448035 -0.005263864 -0.008177816 0.001670062 -0.005166411 -0.008179426 0.001963257 -0.005220532 -0.008234262 0.002244174 -0.005491673 -0.008393764 0.002545535 -0.005978226 -0.008559346 0.002549469 -0.006248831 -0.008628904 0.002328395 -0.006345391 -0.008629977 0.002034544 -0.006292819 -0.008571624 0.001754403 -0.006253063 -0.008522987 0.001560091 -0.005469858 -0.008227586 0.001477122 -0.005175828 -0.008164882 0.001904129 -0.005304634 -0.008284091 0.00238341 -0.006206214 -0.007999956 0.001614451 -0.005689442 -0.008000016 0.001373589 -0.005147516 -0.007999956 0.001888871 -0.005305528 -0.007999956 0.002382934 -0.006241738 -0.007999956 0.001653254 -0.005905926 -0.007999956 0.001422107 -0.005500137 -0.007999956 0.001460909 -0.005214154 -0.007999956 0.001751482 -0.005181908 -0.007999956 0.002157866 -0.005380153 -0.007999956 0.002454698 -0.005709171 -0.007999956 0.0025931 -0.006147325 -0.007999956 0.002457439 -0.006350457 -0.007999956 0.002046167 0.005339205 -0.007999956 0.001353919 0.00537616 -0.008187353 0.001379847 0.006274282 -0.008625864 0.002156436 0.005504846 -0.008340358 0.00228995 0.005241811 -0.008179962 0.00180453 0.006302833 -0.007999956 0.002172172 0.005452036 -0.008000075 0.002296864 0.004355669 -0.003999948 0.002169728 0.004633605 -0.004000067 2.25984e-4 0.004759907 -0.007928431 3.12125e-4 0.004319071 -0.00784409 0.001217484 0.004358172 -0.007959544 0.002168536 0.00723958 -0.00901705 -0.002281844 0.006002366 -0.008386373 -9.77483e-4 0.004844844 -0.007955372 2.42911e-4 0.004844844 -0.003999948 2.42911e-4 0.007248342 -0.003999948 -0.002291083 0.004828512 -0.003999948 2.99243e-4 0.004836559 -0.007945358 3.06483e-4 0.00437206 -0.003999948 0.002165794 0.00437206 -0.007964074 0.002165794 0.004820346 -0.008395016 0.003743708 0.005300402 -0.00901705 0.00543332 0.005303919 -0.003999948 0.005445718 0.007248282 -0.008999943 -0.002291083 0.007653355 -0.008999943 0.001292526 0.005360662 -0.008999943 0.005494952 0.007321596 -0.003999948 -0.002307653 0.007527947 -0.003999948 0.001425981 0.005424797 -0.003999948 0.005549788 0.005303919 -0.003999948 0.005445718 0.004267394 -0.003999948 0.001624405 0.004583358 -0.003999948 5.41706e-4 0.007248342 -0.003999948 -0.002291083 0.007518291 -0.003999948 -0.001123428 0.007601439 -0.003999948 7.21365e-5 0.007495641 -0.003999948 0.001265883 0.007203519 -0.003999948 0.002428233 0.006732344 -0.003999948 0.003530204 0.006093859 -0.003999948 0.004544436 0.005303919 -0.008999943 0.005445718 0.005259633 -0.008999943 0.005289912 0.007136225 -0.008999943 -0.002172887 0.007466852 -0.008999943 -4.73429e-4 0.007255971 -0.008999943 0.001824498 0.006354808 -0.008999943 0.003948926 0.007248282 -0.008999943 -0.002291083 0.007518291 -0.008999943 -0.001123428 0.007601439 -0.008999943 7.21365e-5 0.007495641 -0.008999943 0.001265883 0.007203519 -0.008999943 0.002428233 0.006732344 -0.008999943 0.003530204 0.006093859 -0.008999943 0.004544436 0.007215857 -0.008806407 -0.002206087 0.00746268 -0.009009361 -4.72244e-4 0.007258176 -0.008996844 0.00182271 0.006350219 -0.009009957 0.003947496 0.005302965 -0.008842051 0.005346238 0.004674673 -0.007909953 4.33993e-4 0.004400432 -0.007852852 9.66798e-4 0.004278361 -0.0078848 0.001741945 0.005554795 -0.008235454 0.001229166 0.005969524 -0.008390069 0.001192092 0.00623387 -0.008501827 0.001332163 0.006395816 -0.008598566 0.001591682 0.006399631 -0.008642196 0.001941561 0.006199836 -0.008594691 0.002229154 0.005919039 -0.008499264 0.002351403 0.005621373 -0.008387982 0.002317905 0.005379319 -0.008274435 0.002146005 0.005248606 -0.008195161 0.001865863 0.005280494 -0.008171379 0.001553237 0.005391478 -0.008180737 0.001377344 0.006156742 -0.008463263 0.001240551 0.006421864 -0.008627116 0.001729011 0.006286561 -0.008619487 0.002151727 0.00536108 -0.007999956 0.001360297 0.006323516 -0.008000075 0.001293838 0.006290435 -0.007999956 0.002155542 0.005293846 -0.007999956 0.001510024 0.005584418 -0.007999956 0.00122404 0.005939245 -0.007999956 0.001185178 0.006296634 -0.007999956 0.001382648 0.006417334 -0.007999956 0.001719713 0.006370067 -0.007999956 0.002022445 0.00603348 -0.007999956 0.002334058 0.005575716 -0.007999956 0.002304315 0.005264103 -0.007999956 0.001967728 0.01135492 -0.00119996 0.01021325 0.01162081 -0.00119996 0.009911179 0.01162004 -9.99995e-4 0.009910523 0.01135563 -9.99995e-4 0.01021391 0.01907128 -0.006199955 -0.002364218 0.01907128 -0.005999982 -0.002364218 0.01462155 -0.005999982 0.01247042 0.01716846 -0.005999982 0.008765995 0.01908755 -0.005999982 0.002695262 0.01462155 -0.006199955 0.01247042 0.01741981 -0.006199955 0.008255183 0.01915878 -0.006199955 0.002130448 -3.26805e-4 -0.007999956 0.005709648 5.80873e-4 -0.008561491 0.006487011 -1.60933e-5 -0.008643925 0.006654798 -4.01881e-4 -0.008243441 0.005671977 5.72223e-4 -0.007999956 0.006476819 4.48637e-5 -0.007999956 0.006718277 -4.90475e-4 -0.007999956 0.006181716 -0.001140296 -0.00789994 -9.78894e-4 5.54256e-4 -0.00789994 -0.001485526 0.001513481 -0.00789994 1.03014e-4 0.001106441 -0.00789994 9.43674e-4 -0.001207709 -0.007699966 -0.001053869 8.17459e-4 -0.007699966 -0.001305282 0.001496315 -0.007699966 5.16549e-5 0.001115322 -0.007699966 9.49958e-4 -0.003843128 -0.008045673 -0.00540775 -0.004124402 -0.008064985 -0.005236566 -0.004156231 -0.007999718 -0.005269408 0.002491235 -6.24359e-6 0.002131462 0.002748608 -7.59557e-4 0.002347469 0.003232955 -0.001007556 0.002757489 0.0024181 -0.001011013 0.003513157 0.001420617 -0.001006066 0.004004836 3.37645e-4 -0.001001358 0.004252433 -7.72923e-4 -0.001023054 0.004176437 -0.001833796 -0.001001358 0.003851532 -0.003040492 -0.001035094 0.00298655 -0.003879725 -0.001010417 0.00177139 -0.004251599 -0.001010417 3.37677e-4 -0.003851532 -0.001001358 -0.001833796 -0.003226339 -0.001092016 -0.002748906 -0.002400398 -1.28597e-5 -0.002047479 -0.003210425 -1.44541e-6 -7.5647e-4 -0.003128528 -4.38094e-6 7.60384e-4 -0.002539932 -5.7593e-6 0.001986443 -0.001149654 4.91738e-7 0.003081381 5.51708e-4 -2.98023e-7 0.003233373 -0.003189742 -5.25504e-4 -0.001192569 -0.004168689 -0.001033663 -7.98872e-4 -0.003512382 -7.74443e-4 0.001034379 -0.001894295 -4.87566e-4 0.002817213 -8.28207e-5 -6.41957e-4 0.003459095 0.001347362 -7.51346e-4 0.003317415 -0.001252472 0.01249998 -0.00104767 -0.001182675 -9.99995e-4 -0.001002132 0.001149117 -9.99995e-4 9.81446e-4 2.96172e-4 -9.99995e-4 0.001515626 -0.001408338 -9.99995e-4 8.51953e-4 0.001153886 0.01249998 9.86345e-4 -0.001363277 0.01249998 7.25573e-4 -5.70342e-5 0.01249998 0.001587569 0.002540886 0.01249998 0.002156496 0.003279805 0.01249998 9.8709e-5 0.002735257 0.01249998 -0.001882672 2.75001e-5 0.01249998 -0.003423869 -0.002500116 0.01249998 -0.002137064 0.002504825 0 0.002131521 0.003239095 0 5.24448e-4 0.002900004 0 -0.001643419 3.2416e-4 0 -0.003391206 -0.002530455 0 -0.002168774 -0.006112635 -0.009094834 -0.005211353 -0.006736636 -0.009023487 -0.004403591 -0.007237493 -0.009087264 -0.003478825 -0.005568206 -0.008688986 -0.004749 -0.006859362 -0.008689045 -0.002554893 -0.006328165 -0.00870949 -0.003667056 0.009975492 -0.009033858 -7.52024e-5 0.009180426 -0.009017705 0.001036226 0.008592188 -0.008999943 0.002254664 0.008220016 -0.008999943 0.003562986 0.008084833 -0.009059786 0.004924952 0.008486747 -0.008999943 0.007594943 0.009028017 -0.008999943 0.008842825 0.009771764 -0.00901848 0.009973287 0.01058882 -0.008635461 4.47495e-4 0.0106911 -0.008001565 5.42251e-4 0.01140582 -0.008005678 0.01019191 0.01009941 -0.00800395 0.008673191 0.009094715 -0.008004188 0.005870699 0.01071673 -0.009150445 0.01095408 0.01002842 -0.008630156 0.008971154 0.008171975 -0.009058058 0.006253242 0.009118735 -0.008531033 0.006730616 0.009381115 -0.008009493 0.003211557 0.009484589 -0.008718132 0.00193876 -0.005913376 -0.009011805 0.01164627 -0.006598472 -0.009000182 0.01255959 -0.007127046 -0.009011983 0.01357144 -0.005394518 -0.008801758 0.01208901 -0.005185484 -0.00800234 0.01227092 -0.006166815 -0.008005559 0.01399815 -0.006566941 -0.008758306 0.01381915 -0.01683181 -0.009033501 -0.01435536 -0.01849865 -0.009012043 -0.01217061 -0.01984941 -0.008999943 -0.009774267 -0.01592659 -0.008029282 -0.01358151 -0.01849764 -0.00800544 -0.01020139 -0.01745337 -0.007999777 -0.0119245 -0.01916009 -0.008869826 -0.009994745 -0.018687 -0.008606076 -0.01010483 -0.01733535 -0.008734107 -0.01249581 0.005021512 -0.006199955 -0.02054822 0.004012048 -0.007999956 -0.02020549 0.005030512 -0.007999956 -0.02062994 0.003968298 -0.006199955 -0.02025192 0.002801835 -0.009030759 -0.01989823 0.003222286 -0.009003341 -0.02085417 0.003613829 -0.008893907 -0.02054369 0.00404787 -0.008007109 -0.02016961 0.003776013 -0.007999837 -0.01972758 0.003643631 -0.008582592 -0.01975011 0.004058122 -0.008622765 0.006013631 0.002950429 -0.007699966 0.005485653 0.003883659 -0.007986605 0.005311787 0.004055976 -0.008367896 0.005708813 0.004858851 -0.008157432 0.004717051 0.005326688 -0.008675277 0.005013048 0.005575597 -0.008681356 0.004754662 0.004739165 -0.007699966 0.004041969 0.003915905 -0.007706284 0.004852414 0.007052481 -0.008687376 -0.001960992 0.007350921 -0.008679151 -1.87309e-4 0.006581723 -0.008677721 0.003282725 0.005581557 -0.008671522 0.004760324 0.00625956 -0.007977068 -0.002054452 0.006724774 -0.008411765 -0.002088487 0.005990207 -0.008154094 -0.003164887 0.00641185 -0.00867933 -0.003516435 3.1421e-4 -0.008688986 -0.007311582 0.002178788 -0.008664667 -0.007046103 0.004376411 -0.008677959 -0.005916893 0.005708873 -0.008688986 -0.004578948 -1.98334e-5 -0.007987201 -0.006579577 9.25958e-5 -0.008395314 -0.007056713 -0.001158416 -0.008156418 -0.006673097 -0.001363158 -0.008678197 -0.007185578 -0.005580067 -0.008673489 -0.004759073 -0.004680931 -0.008673667 -0.005646467 -0.003148078 -0.008677601 -0.006650745 -0.004739165 -0.007699966 -0.004041969 0.004739165 -0.007699966 0.004041969 0.005648255 -0.00769788 0.002684295 0.006125211 -0.007699966 0.001130819 0.006236076 -0.007695317 -4.9717e-4 0.005685865 -0.007709145 -0.002582371 0.004803001 -0.007681608 -0.003989398 0.003626942 -0.007721066 -0.00507164 0.002179443 -0.007682025 -0.005850911 5.97179e-4 -0.007717013 -0.006209731 -0.001590967 -0.007674872 -0.006068348 -0.003531575 -0.007715404 -0.005144178 0.006213068 -0.008004307 0.002212166 0.006397068 -0.008078396 0.001955687 0.006398379 -0.008007705 0.00160849 -0.00417602 -0.008055567 -0.005148947 -0.003737092 -0.008003711 -0.005437493 -0.003911912 -0.008069038 -0.005396008 0.004016816 -0.008002817 -0.005235195 0.003865301 -0.008087575 -0.005453288 0.003511011 -0.008006453 -0.005589544 0.007157385 -0.00867778 0.001581132 0.01504248 -0.007999956 -0.001795887 0.0107339 -0.007999956 5.71284e-4 0.01250255 -0.007999956 -0.001012921 0.01069289 -0.00119996 5.30472e-4 0.01498472 -0.00119996 -0.002045869 0.006356358 -0.00119996 0.01375132 0.006534814 -0.007999956 0.01364248 -0.005186498 -0.007999956 0.01226085 -0.001494467 -0.007999956 0.009861409 0.003073692 -0.007999956 0.01045149 -0.005153775 -0.00119996 0.01229411 -0.002804517 -0.00119996 0.01038163 0.001146733 -0.00119996 0.009874284 0.004811465 -0.00119996 0.01152896 0.005027234 -0.001999974 -0.02059394 0.005028486 -0.005999982 -0.02060538 0.004004299 -0.005999982 -0.02021348 0.00399971 -0.001999974 -0.02021819 -0.004402995 -0.006199955 -0.02066153 -0.004468619 -0.007999956 -0.0208761 -0.0160734 -0.007999956 -0.01370871 -0.01254671 -0.007999956 -0.0170753 -0.01623088 -0.006199955 -0.01386857 -0.009310841 -0.006199955 -0.01900917 -0.0160734 0.00899738 -0.01370871 -0.01615244 -0.005999922 -0.01377129 -0.01850414 -0.005999982 -0.01019215 -0.01850414 -9.99995e-4 -0.01019215 -0.02018159 -0.000999987 -0.006534218 -0.02101087 -9.99987e-4 -0.002197206 -0.02119833 -0.005999207 -0.002199769 -0.01554203 -0.005999207 0.01455086 -0.02007365 -0.005999982 0.006828188 -0.01541143 -9.99995e-4 0.01444894 -0.01228123 -0.001000046 0.01727813 -0.008582413 -9.99995e-4 0.01930356 -0.00863564 -0.005999267 0.01946002 0.009043812 -0.005999267 0.01929962 1.39266e-4 -0.005999982 0.02120268 0.008987188 -0.000999987 0.01914292 0.01260846 -9.99972e-4 0.01697039 0.01572233 -9.9992e-4 0.01414167 0.01570785 -0.005999982 0.01412856 0.0160734 -0.005999982 0.01370871 0.01621836 0.008997142 0.01383757 -0.01921546 0.008997917 -0.00893253 -0.02109235 0.00899744 -0.00213027 -0.02054065 0.008997321 0.005262672 -0.01646041 0.00899595 0.01353907 -0.009371042 0.008998572 0.01901793 -0.00383538 0.00899738 0.02077436 0.001748204 0.008997321 0.02113187 0.008915901 0.00899744 0.01923394 0.02116876 -0.005999624 -0.002638459 0.02022534 -0.005999922 0.006340205 0.0161938 -0.005999803 0.0137943 0.02113789 -0.001000463 -0.002640783 0.0182957 -0.001873612 -0.01056891 0.01835614 -0.001488685 -0.01046293 0.01850861 -0.001161396 -0.01018351 0.01868736 -0.001010358 -0.009856343 0.01838386 -0.005999922 -0.01063817 0.005066275 -0.005999565 -0.02066522 0.01292932 -0.005999922 -0.01679265 0.004993915 -0.001555323 -0.02055335 0.004591524 -7.58499e-4 -0.0206269 0.004088938 -3.215e-4 -0.02072578 0.00340265 -2.88188e-5 -0.02085363 -0.004451274 -4.99189e-7 -0.0208311 -0.004462063 -0.005999684 -0.02085471 -0.0160734 -0.005999982 -0.01370871 -0.01254111 -0.005999922 -0.01708489 -0.0160734 0.00899738 -0.01370871 0.01627379 0.008997261 0.01385116 0.02049314 0.008997321 0.005424737 0.02111744 0.008997321 -0.001783311 0.01933139 0.00899744 -0.008668363 0.01629155 0.00899738 -0.01344871 0.0121293 0.00899738 -0.01738512 0.007384538 0.00899738 -0.01979273 0.001965463 0.008997321 -0.02110576 -0.005222201 0.008997321 -0.02053838 -0.01182037 0.00899738 -0.01759624 0.00897932 -0.007999956 0.01912212 0.00382781 -0.007999956 0.02082204 -0.003080904 -0.007999956 0.02097034 -0.008582413 -0.007999956 0.01930356 0.009063303 -0.006199955 0.01935344 -1.04744e-4 -0.006199955 0.02119517 -0.008631646 -0.006199955 0.01944857 -0.01541143 -0.007999956 0.01444894 -0.01848542 -0.007999956 0.01036995 -0.02089601 -0.007999956 0.003550052 -0.02101087 -0.007999956 -0.002197206 -0.01541143 -0.006199955 0.01444894 -0.01879346 -0.006199955 0.009800612 -0.02099472 -0.006199955 0.002910256 -0.02101087 -0.006199955 -0.002197206 -0.01857483 -0.007999956 -0.01023459 -0.0160734 -0.007999956 -0.01370871 -0.01850414 -0.006199955 -0.01019215 -0.01613807 -0.006199955 -0.01375979 0.004013359 -0.005999982 -0.02020269 0.003780424 -0.005999982 -0.01972639 0.003775894 -0.001999974 -0.01972758 0.004015505 -0.001999974 -0.02020108 0.00501734 -0.007999956 -0.02052098 0.009548306 -0.007999956 -0.01891404 0.01505446 -0.007999956 -0.01490885 0.01828968 -0.007999956 -0.01057225 0.00501734 -0.006199955 -0.02052098 0.01008743 -0.006199955 -0.01863211 0.01547628 -0.006199955 -0.01447051 0.01828968 -0.006199955 -0.01057225 0.00405544 -0.008611738 0.006019115 0.004297673 -0.00836265 0.006141543 0.004412829 -0.008004546 0.006200134 0.00392276 -0.008002221 0.005310773 -0.003540217 -0.008001625 0.006732225 -0.003432929 -0.008243143 0.00669378 -0.003099501 -0.008498489 0.006449103 -0.002913951 -0.008042693 0.006125092 -0.003749608 -9.99995e-4 0.01480489 -0.001186192 -9.99995e-4 0.01522618 0.001411437 -9.99995e-4 0.01520699 0.003968298 -9.99995e-4 0.01474773 0.00641036 -9.99995e-4 0.01386183 0.00897932 -9.99995e-4 0.01912212 0.01098722 -9.99995e-4 0.01802474 0.01272404 -9.99995e-4 0.01687389 0.01452964 -9.99995e-4 0.01533532 0.01570665 -9.99995e-4 0.01412749 0.01136022 -9.99995e-4 0.01021748 0.01309031 -9.99995e-4 0.007866859 0.01420485 -9.99995e-4 0.005609452 0.0149334 -9.99995e-4 0.003199577 0.01525616 -9.99995e-4 7.02821e-4 0.01516431 -9.99995e-4 -0.001813054 0.02096098 -9.99995e-4 -0.002630829 0.02053153 -9.99995e-4 -0.00488311 0.01996588 -9.99995e-4 -0.006889402 0.01876962 -9.99995e-4 -0.009694635 0.01369428 -9.99995e-4 -0.006761014 0.01240879 -9.99995e-4 -0.008903086 0.01079142 -9.99995e-4 -0.01080691 0.008885264 -9.99995e-4 -0.0124216 0.006741404 -9.99995e-4 -0.01370394 0.004417181 -9.99995e-4 -0.01461958 0.001974761 -9.99995e-4 -0.0151441 0.002816379 -9.99995e-4 -0.01993501 0.001652717 -9.99995e-4 -0.02005749 8.83244e-4 -9.99995e-4 -0.0043599 -0.001192688 -9.99995e-4 -0.004461705 -4.25085e-4 -9.99995e-4 -0.02012097 -0.002321302 -9.99995e-4 -0.02000117 -0.004194557 -9.99995e-4 -0.01968348 -0.003183126 -9.99995e-4 -0.01493692 -0.00566858 -9.99995e-4 -0.01418137 -0.007990062 -9.99995e-4 -0.0130155 -0.01008033 -9.99995e-4 -0.01147305 -0.01187896 -9.99995e-4 -0.009598672 -0.01333391 -9.99995e-4 -0.007446527 -0.01850414 -9.99995e-4 -0.01019215 -0.0194835 -9.99957e-4 -0.008124172 -0.02021223 -9.9989e-4 -0.006172239 -0.02076864 -9.99987e-4 -0.003866195 -0.02101087 -9.99987e-4 -0.002197206 -0.01518952 -9.99995e-4 -0.001588404 -0.015239 -9.99987e-4 0.001008868 -0.01484757 -9.99987e-4 0.003576934 -0.01402652 -9.99995e-4 0.006041586 -0.01279968 -9.99995e-4 0.008331418 -0.01120251 -9.99995e-4 0.01038014 -0.01541143 -9.99995e-4 0.01444894 -0.01374727 -9.99995e-4 0.0160194 -0.01211607 -9.99995e-4 0.01731562 -0.01009488 -9.99995e-4 0.01855742 -0.008582413 -9.99995e-4 0.01930356 -0.006204485 -9.99995e-4 0.01395523 0.004419445 -9.99995e-4 -5.07282e-4 0.003874719 -9.99995e-4 -0.002513051 -0.003873586 -9.99995e-4 -0.002187311 -0.004611909 -9.99995e-4 -2.44418e-4 -0.003277242 -9.99995e-4 0.003008067 -0.001657605 -9.99995e-4 0.004310607 0.001848101 -9.99995e-4 0.00404638 0.003587424 -9.99995e-4 0.002908527 0.003474712 -9.99995e-4 0.002474784 0.002418696 -9.99995e-4 0.003513991 0.001070976 -9.99995e-4 0.00412935 -3.41423e-5 -9.99995e-4 0.004249811 -0.001137137 -9.99995e-4 0.004111588 -0.002154469 -9.99995e-4 0.003663361 -0.003040611 -9.99995e-4 0.002992153 -0.003697514 -9.99995e-4 0.002095341 -0.00412935 -9.99995e-4 0.001070976 -0.004249811 -9.99995e-4 -3.41386e-5 -0.004111588 -9.99995e-4 -0.001137137 -0.003474712 -9.99995e-4 -0.002474844 -0.002418696 -9.99995e-4 -0.003513991 -0.001070976 -9.99995e-4 -0.00412935 3.41348e-5 -9.99995e-4 -0.004249811 0.001137137 -9.99995e-4 -0.004111588 0.002474844 -9.99995e-4 -0.003474712 0.00327748 -9.99995e-4 -0.002705574 0.00388062 -9.99995e-4 -0.001771748 0.004252552 -9.99995e-4 -3.37642e-4 0.004111588 -9.99995e-4 0.001137137 0.001699864 -3.66099e-4 -0.02101963 4.659e-4 -3.78363e-4 -0.02107667 -3.75804e-4 -2.40259e-4 -0.02110785 -4.21047e-4 -0.001128554 -0.02014058 -0.002321243 -9.99548e-4 -0.02000111 -0.004194557 -9.99995e-4 -0.01968348 -0.004278481 -9.5661e-4 -0.02007812 -0.004422724 -3.72529e-7 -0.02075487 -0.00121361 5.06639e-7 -0.02115416 0.002968668 -1.76579e-6 -0.02101278 0.002817392 -0.00106126 -0.01994097 0.001652717 -0.001091301 -0.02007156 -0.002081692 -5.64717e-4 -0.0208919 -0.01749968 -0.008999943 -0.01492512 -0.01464211 -0.008999943 -0.0177372 -0.0113396 -0.008999943 -0.02001029 -0.007692575 -0.008999943 -0.0216754 -0.003811836 -0.008999943 -0.02268189 1.84748e-4 -0.008999943 -0.02299922 0.004175662 -0.008999943 -0.02261775 0.008039772 -0.008999943 -0.02154904 0.01165962 -0.008999943 -0.01982551 0.01492512 -0.008999943 -0.01749968 0.0177372 -0.008999943 -0.01464205 0.02001029 -0.008999943 -0.0113396 0.0216754 -0.008999943 -0.007692575 0.02268189 -0.008999943 -0.003811776 0.02299922 -0.008999943 1.84754e-4 0.02261775 -0.008999943 0.004175722 0.02154898 -0.008999943 0.008039772 0.01982551 -0.008999943 0.01165962 0.01749968 -0.008999943 0.01492512 0.01464205 -0.008999943 0.0177372 0.0113396 -0.008999943 0.02001029 0.007692575 -0.008999943 0.0216754 0.003811776 -0.008999943 0.02268189 -1.84759e-4 -0.008999943 0.02299922 -0.004175722 -0.008999943 0.02261775 -0.008039772 -0.008999943 0.02154904 -0.01165962 -0.008999943 0.01982551 -0.01492512 -0.008999943 0.01749968 -0.0177372 -0.008999943 0.01464205 -0.02001029 -0.008999943 0.0113396 -0.0216754 -0.008999943 0.007692575 -0.02268189 -0.008999943 0.003811776 -0.02299922 -0.008999943 -1.84754e-4 -0.02261775 -0.008999943 -0.004175722 -0.02154904 -0.008999943 -0.008039772 -0.01982551 -0.008999943 -0.01165962 -0.01178187 -0.008999943 0.01792132 -0.002890169 -0.008999943 0.007505893 -0.001563489 -0.008999943 0.007889688 -1.90765e-4 -0.008999943 0.008040845 0.001187562 -0.008999943 0.007954955 0.002530932 -0.008999943 0.00763452 0.003799736 -0.008999943 0.007088959 0.01072537 -0.008999943 0.01838511 0.01340341 -0.008999943 0.01674324 0.006245434 -0.008999943 0.005068182 0.007020354 -0.008999943 0.003925025 0.007588326 -0.008999943 0.002666175 0.007932603 -0.008999943 0.001328706 0.008042991 -0.008999943 -4.79128e-5 0.007916212 -0.008999943 -0.00142312 0.02079963 -0.008999943 -0.004519104 0.02006566 -0.008999943 -0.007573425 0.006750047 -0.008999943 -0.00437361 0.005902349 -0.008999943 -0.005463898 0.004880607 -0.008999943 -0.006393074 0.003714978 -0.008999943 -0.007133781 0.002439796 -0.008999943 -0.007664144 0.001092731 -0.008999943 -0.007968544 0.002129495 -0.008999943 -0.02117812 -0.001002132 -0.008999943 -0.02142387 -0.002073645 -0.008999943 -0.007771193 -0.003776133 -0.008999943 -0.007127285 -0.005265116 -0.008999943 -0.006080329 -0.006503701 -0.008999943 -0.00477153 -0.007240831 -0.008999943 -0.003501653 -0.0194835 -0.008999943 -0.008569657 -0.02068501 -0.008999943 -0.005667209 -0.008031666 -0.008999943 -4.29265e-4 -0.007986724 -0.008999943 9.51061e-4 -0.007706284 -0.008999943 0.002303302 -0.007198631 -0.008999943 0.003587722 -0.006478726 -0.008999943 0.004766285 -0.005567848 -0.008999943 0.005804359 -0.014171 -0.008999943 0.01588177 0.01576459 -0.008999943 0.01552462 0.01801192 -0.008999943 0.01284933 0.01981014 -0.008999943 0.009853601 0.02111428 -0.008999943 0.006612181 0.02189195 -0.008999943 0.003205895 0.02212369 -0.008999943 -2.80343e-4 0.02180367 -0.008999943 -0.003759562 0.01406931 -0.008999943 -0.002632975 0.01218003 -0.008999943 -0.001901328 0.01031899 -0.008999943 -4.89866e-4 0.009182333 -0.008999943 0.001029133 0.008592188 -0.008999943 0.002254664 0.008220016 -0.008999943 0.003562986 0.008076727 -0.008999943 0.004915654 0.008166491 -0.008999943 0.006272912 0.008486747 -0.008999943 0.007594943 0.009028017 -0.008999943 0.008842825 0.009991705 -0.009000003 0.01026576 -0.009893238 -0.008999943 0.01979035 -0.006654441 -0.008999943 0.02110105 -0.003249704 -0.008999943 0.02188551 2.36075e-4 -0.008999943 0.02212417 0.003715932 -0.008999943 0.02181118 0.007103204 -0.008999943 0.02095425 0.01031327 -0.008999943 0.01957476 0.006790578 -0.009000062 0.01246577 0.005740523 -0.008999943 0.0111885 0.004742741 -0.008999943 0.01034164 0.003619313 -0.008999943 0.009670257 0.002400815 -0.008999943 0.009192645 0.001120448 -0.008999943 0.008921802 -1.87047e-4 -0.008999943 0.008865058 -0.001486063 -0.008999943 0.009023964 -0.002741336 -0.008999943 0.009394168 -0.003918707 -0.008999943 0.009965658 -0.004986166 -0.008999943 0.01072287 -0.006111025 -0.008999943 0.01186525 -0.006886184 -0.008999943 0.0130648 -0.02187895 -0.008999943 -0.003293454 -0.02212464 -0.008999943 1.91817e-4 -0.02181857 -0.008999943 0.003672301 -0.02096843 -0.008999943 0.007061243 -0.01959538 -0.008999943 0.01027411 -0.01773363 -0.008999943 0.01323074 -0.01542973 -0.008999943 0.01585745 -0.009721398 -0.008999943 0.01026827 -0.008800089 -0.008999943 0.008782923 -0.008305013 -0.008999943 0.007491171 -0.008041739 -0.008999943 0.006133079 -0.008018314 -0.008999943 0.004749894 -0.008235454 -0.008999943 0.003383636 -0.008686542 -0.008999943 0.00207591 -0.00935781 -0.008999943 8.66326e-4 -0.01022899 -0.008999943 -2.08311e-4 -0.0112735 -0.008999943 -0.001115322 -0.01245969 -0.008999943 -0.00182718 -0.01410079 -0.008999943 -0.00242871 -0.003628671 -0.008999943 -0.02182585 -0.007372677 -0.008999943 -0.02086091 -0.01089161 -0.008999943 -0.01925897 -0.0140779 -0.008999943 -0.01706892 -0.01683431 -0.008999943 -0.01435762 -0.01850026 -0.008999943 -0.01217019 -0.01984941 -0.008999943 -0.009774267 -0.01276981 -0.008999943 -0.006072521 -0.01107245 -0.008999943 -0.005655288 -0.00969094 -0.008999943 -0.005583643 -0.008317947 -0.008999943 -0.005752921 -0.00699526 -0.008999943 -0.006158053 -0.005762934 -0.008999943 -0.006786763 -0.004658579 -0.008999943 -0.007619857 -0.003715634 -0.008999943 -0.008632123 -0.002962827 -0.008999943 -0.009792685 -0.002422928 -0.008999943 -0.01106637 -0.002112448 -0.008999943 -0.01241451 -0.002047479 -0.008999943 -0.0141611 0.002917826 -0.008999943 -0.02032983 0.003478288 -0.008999943 -0.02108883 0.001829206 -0.008999943 -0.01402127 0.001956939 -0.008999943 -0.01227813 0.00231564 -0.008999943 -0.0109421 0.002900958 -0.008999943 -0.009688615 0.003695011 -0.008999943 -0.008555829 0.004673719 -0.008999943 -0.007578134 0.00580734 -0.008999943 -0.006785273 0.007061421 -0.008999943 -0.006201267 0.008397877 -0.008999943 -0.005843877 0.009776055 -0.008999943 -0.005724072 0.01115411 -0.008999943 -0.005845367 0.01283532 -0.008999943 -0.006323277 0.01963627 -0.008999943 -0.01019561 0.0176227 -0.008999943 -0.01337814 0.01509857 -0.008999943 -0.01617306 0.01213699 -0.008999943 -0.01849943 0.008823752 -0.008999943 -0.02028983 0.004950046 -0.008999943 -0.02155911 0.004163265 -0.008999943 -0.02145862 0.01331663 -0.007999956 -0.007493734 0.008711814 -0.007999956 -0.006737947 0.00577706 -0.007999956 -0.007948756 0.003390789 -0.007999956 -0.01068073 0.002856969 -0.007999956 -0.01486802 0.01324319 -0.001999974 -0.007655143 0.002888441 -0.001999974 -0.01486545 0.003350555 -0.001999974 -0.0106619 0.006408154 -0.001999974 -0.007517993 0.01038932 -0.001999974 -0.006644964 0.01828968 -0.005999982 -0.01057225 0.01663762 -0.005999982 -0.009617269 0.01828968 -0.001999974 -0.01057225 0.01324319 -0.001999974 -0.007655143 0.01324319 -0.007999956 -0.007655143 0.01828968 -0.007999956 -0.01057225 0.01828968 -0.006199955 -0.01057225 0.01663762 -0.006199955 -0.009617269 0.002940356 -0.007999956 -0.01486122 0.003794968 -0.007999956 -0.0197227 0.002940356 -0.001999974 -0.01486122 0.003794968 -0.001999974 -0.0197227 0.003794968 -0.005999982 -0.0197227 0.003644764 -0.005999982 -0.01886844 0.003644764 -0.006199955 -0.01886844 0.003794968 -0.006199955 -0.0197227 -0.01322525 -0.00119996 -0.00738883 -0.01322525 -0.007999956 -0.00738883 -0.003188133 -0.007999956 -0.01496058 -0.003052234 -0.007999956 -0.01209622 -0.005581557 -0.007999956 -0.007981479 -0.0101636 -0.007999956 -0.006453931 -0.003185749 -9.99995e-4 -0.01494872 -0.003183126 -0.00119996 -0.01493692 -0.003134071 -0.00119996 -0.01174378 -0.005867898 -0.00119996 -0.007766067 -0.01051777 -0.00119996 -0.006472587 -0.004402995 -0.005999982 -0.02066153 -0.004005253 -0.005999982 -0.01879519 -0.004272937 -9.55962e-4 -0.0200513 -0.004394054 -3.76061e-4 -0.02061837 -0.003188133 -9.99995e-4 -0.01496058 -0.003188133 -0.007999956 -0.01496058 -0.004402995 -0.007999956 -0.02066153 -0.004402995 -0.006199955 -0.02066153 -0.004005253 -0.006199955 -0.01879519 -0.01850414 -9.99995e-4 -0.01019215 -0.01850414 -0.005999982 -0.01019215 -0.01681864 -0.005999982 -0.009297072 -0.01681864 -0.006199955 -0.009297072 -0.01850414 -0.006199955 -0.01019215 -0.01850414 -0.007999956 -0.01019215 -0.01322525 -0.007999956 -0.00738883 -0.01327955 -0.00119996 -0.007417678 -0.01333391 -9.99995e-4 -0.007446527 -0.01111406 -0.00119996 0.01029467 -0.01111406 -0.007999956 0.01029467 -0.01521354 -0.007999956 -0.001590967 -0.01244735 -0.007999956 -8.3507e-4 -0.009315609 -0.007999956 0.002841949 -0.009278774 -0.007999956 0.007671773 -0.01520156 -9.99987e-4 -0.001589477 -0.01518952 -0.00119996 -0.001588404 -0.01213747 -0.00119996 -6.48307e-4 -0.009199261 -0.00119996 0.003180801 -0.00940597 -0.00119996 0.008002877 -0.02101087 -0.005999982 -0.002197206 -0.019113 -0.005999982 -0.001998782 -0.02101087 -9.99987e-4 -0.002197206 -0.01521354 -9.99987e-4 -0.001590967 -0.01521354 -0.007999956 -0.001590967 -0.02101087 -0.007999956 -0.002197206 -0.02101087 -0.006199955 -0.002197206 -0.019113 -0.006199955 -0.001998782 -0.01541143 -9.99995e-4 0.01444894 -0.01541143 -0.005999982 0.01444894 -0.01403933 -0.005999982 0.01312249 -0.01403933 -0.006199955 0.01312249 -0.01541143 -0.006199955 0.01444894 -0.01541143 -0.007999956 0.01444894 -0.01111406 -0.007999956 0.01029467 -0.01115828 -0.00119996 0.01033741 -0.01120251 -9.99995e-4 0.01038014 -0.00625807 -0.007999956 0.01395738 -0.005153775 -0.007999956 0.01229411 -0.006209194 -9.99995e-4 0.01396638 -0.006204485 -0.00119996 0.01395523 -0.005196213 -0.00119996 0.01226162 -0.008582413 -0.005999982 0.01930356 -0.007807195 -0.005999982 0.01755988 -0.008582413 -9.99995e-4 0.01930356 -0.00621432 -9.99995e-4 0.01397728 -0.00621432 -0.007999956 0.01397728 -0.008582413 -0.007999956 0.01930356 -0.008582413 -0.006199955 0.01930356 -0.007807195 -0.006199955 0.01755988 0.00897932 -9.99995e-4 0.01912212 0.00897932 -0.005999982 0.01912212 0.008141815 -0.005999982 0.01740723 0.008141815 -0.006199955 0.01740723 0.00897932 -0.006199955 0.01912212 0.00897932 -0.007999956 0.01912212 0.006356358 -0.007999956 0.01375132 0.006383359 -0.00119996 0.01380658 0.00641036 -9.99995e-4 0.01386183 0.01137286 -0.007999956 0.0102294 0.009603559 -0.007999956 0.008034706 0.009176731 -0.007999956 0.003305494 0.0107339 -0.007999956 5.71284e-4 0.01136398 -9.99995e-4 0.01022118 0.01135492 -0.00119996 0.01021325 0.009463131 -0.00119996 0.007709264 0.009272694 -0.00119996 0.002969622 0.0107339 -0.00119996 5.71284e-4 0.01570665 -0.005999982 0.01412749 0.01428788 -0.005999982 0.01285141 0.01570665 -9.99995e-4 0.01412749 0.01137286 -9.99995e-4 0.0102294 0.01137286 -0.007999956 0.0102294 0.01570665 -0.007999956 0.01412749 0.01570665 -0.006199955 0.01412749 0.01428788 -0.006199955 0.01285141 0.02096098 -9.99995e-4 -0.002630829 0.02096098 -0.005999982 -0.002630829 0.01907128 -0.005999982 -0.002364218 0.01907128 -0.006199955 -0.002364218 0.02096098 -0.006199955 -0.002630829 0.02096098 -0.007999956 -0.002630829 0.01504248 -0.007999956 -0.001795887 0.01510339 -0.00119996 -0.001804471 0.01516431 -9.99995e-4 -0.001813054 0.001054286 -0.003999948 -0.02025943 1.54749e-5 -0.003999948 -0.007022976 1.54749e-5 -0.007699966 -0.007022976 -1.9338e-5 -0.007699966 -0.006579458 -1.90102e-5 -0.007995009 -0.00658369 0.001054286 -0.007999956 -0.02025943 -0.001136541 -0.007699966 -0.00693041 -0.001157104 -0.007699966 -0.006668746 -0.001136541 -0.003999948 -0.00693041 -8.34651e-5 -0.003999948 -0.02034872 -8.34651e-5 -0.007999956 -0.02034872 -0.001157104 -0.007999956 -0.006668746 0.001054286 -0.003999948 -0.02025943 1.54749e-5 -0.003999948 -0.007022976 -0.001130163 -0.003999948 -0.006952404 -8.34651e-5 -0.003999948 -0.02034872 0.01959365 -0.003999948 -0.005257725 0.006684005 -0.003999948 -0.002155482 0.006684005 -0.007699966 -0.002155482 0.006251454 -0.007699966 -0.002051532 0.006255567 -0.007995009 -0.002052545 0.01959365 -0.007999956 -0.005257725 0.00624001 -0.007699966 -0.003222525 0.005984783 -0.007699966 -0.003161251 0.00624001 -0.003999948 -0.003222525 0.01932698 -0.003999948 -0.006367444 0.01932698 -0.007999956 -0.006367444 0.005984783 -0.007999956 -0.003161251 0.01959365 -0.003999948 -0.005257725 0.006684005 -0.003999948 -0.002155482 0.006262898 -0.003999948 -0.003223299 0.01932698 -0.003999948 -0.006367444 -0.01894205 -0.003999948 -0.007263183 -0.006674468 -0.003999948 -0.002184927 -0.006674468 -0.007699966 -0.002184927 -0.006263434 -0.007699966 -0.002014756 -0.006267309 -0.007995009 -0.002016365 -0.01894205 -0.007999956 -0.007263183 -0.006942451 -0.007699966 -0.001060664 -0.006699919 -0.007699966 -9.60277e-4 -0.006942451 -0.003999948 -0.001060664 -0.01937854 -0.003999948 -0.006208717 -0.01937854 -0.007999956 -0.006208717 -0.006699919 -0.007999956 -9.60277e-4 -0.01894205 -0.003999948 -0.007263183 -0.006674468 -0.003999948 -0.002184927 -0.006961405 -0.003999948 -0.001073479 -0.01937854 -0.003999948 -0.006208717 -0.01276117 -0.003999948 0.01577049 -0.004140496 -0.003999948 0.005672633 -0.004140496 -0.007699966 0.005672633 -0.003851652 -0.007699966 0.005334258 -0.003854393 -0.007995009 0.005337476 -0.01276117 -0.007999956 0.01577049 -0.01189315 -0.007999956 0.01651149 -0.002983629 -0.007999956 0.006075263 -0.002983629 -0.007699966 0.006075263 -0.003154098 -0.007699966 0.006274878 -0.003154098 -0.003999948 0.006274878 -0.01189315 -0.003999948 0.01651149 -0.01276117 -0.003999948 0.01577049 -0.004140496 -0.003999948 0.005672633 -0.003172159 -0.003999948 0.006288945 -0.01189315 -0.003999948 0.01651149 0.01105517 -0.003999948 0.01700991 0.01105517 -0.007999956 0.01700991 0.004115462 -0.003999948 0.005690813 0.004115462 -0.007699966 0.005690813 0.003882944 -0.007699966 0.005311489 0.003885149 -0.007995009 0.005315124 0.004993081 -0.007699966 0.004938781 0.00485593 -0.007699966 0.004714965 0.004993081 -0.003999948 0.004938781 0.01202815 -0.003999948 0.01641339 0.01202815 -0.007999956 0.01641339 0.00485593 -0.007999956 0.004714965 0.01105517 -0.003999948 0.01700991 0.004115462 -0.003999948 0.005690813 0.005000889 -0.003999948 0.004960298 0.01202815 -0.003999948 0.01641339 0.02096098 -0.007999956 -0.002630829 0.02105033 -0.007999956 0.002475917 0.01899194 -0.007999956 0.009410262 0.01570665 -0.007999956 0.01412749 0.02120697 -0.006199955 -0.002639174 0.02020126 -0.006199955 0.006333827 0.01590377 -0.006199955 0.01427477 -0.006856679 -0.008688986 -0.002558231 -0.006325006 -0.008686363 -0.003710925 -0.005568206 -0.008688986 -0.004749 -0.006263732 -0.007987141 -0.002014338 -0.00666958 -0.008410036 -0.002263486 -0.006704568 -0.008156299 -9.60331e-4 -0.007244348 -0.008687913 -9.23542e-4 -0.004551827 -0.008688986 0.005730509 -0.005460262 -0.008683919 0.004880607 -0.006543278 -0.008677124 0.003369867 -0.007273793 -0.008689999 9.91017e-4 -0.003851413 -0.007987022 0.005334794 -0.004211843 -0.008413553 0.00564146 -0.002974331 -0.008156001 0.00608319 -0.003117322 -0.008519172 0.006417632 -0.002199351 -0.007699966 0.005827546 -0.00475037 -0.007682323 -0.004051446 -0.005386233 -0.007684826 -0.00315231 -0.006012439 -0.007712662 -0.001677274 -0.006245911 -0.007678627 -5.00772e-5 -0.006045997 -0.007710993 0.001557111 -0.005174577 -0.007676362 0.003545284 -0.003642082 -0.007713437 0.00506848 -0.006328344 -0.0080024 0.001862287 -0.00632441 -0.008078873 0.002177715 -0.00612241 -0.00800687 0.002459764 -0.001164257 -0.008153796 -0.006669282 -1.9338e-5 -0.007987082 -0.006579458 -1.9338e-5 -0.007699966 -0.006579458 -0.001157104 -0.007699966 -0.006668746 -8.34651e-5 -0.003999948 -0.02034872 0.001054286 -0.003999948 -0.02025943 0.001054286 -0.007999956 -0.02025943 -8.34651e-5 -0.007999956 -0.02034872 0.005983114 -0.008153796 -0.003168225 0.006251454 -0.007987082 -0.002051532 0.006251454 -0.007699966 -0.002051532 0.005984783 -0.007699966 -0.003161251 0.01932698 -0.003999948 -0.006367444 0.01959365 -0.003999948 -0.005257725 0.01959365 -0.007999956 -0.005257725 0.01932698 -0.007999956 -0.006367444 -0.006702661 -0.008153796 -9.53645e-4 -0.006263434 -0.007987082 -0.002014756 -0.006263434 -0.007699966 -0.002014756 -0.006699919 -0.007699966 -9.60277e-4 -0.01937854 -0.003999948 -0.006208717 -0.01894205 -0.003999948 -0.007263183 -0.01894205 -0.007999956 -0.007263183 -0.01937854 -0.007999956 -0.006208717 -0.002978205 -0.008153796 0.006079912 -0.003851652 -0.007987082 0.005334258 -0.003851652 -0.007699966 0.005334258 -0.002983629 -0.007699966 0.006075263 -0.01189315 -0.003999948 0.01651149 -0.01276117 -0.003999948 0.01577049 -0.01276117 -0.007999956 0.01577049 -0.01189315 -0.007999956 0.01651149 0.00486201 -0.008153796 0.00471121 0.003882944 -0.007987082 0.005311489 0.003882944 -0.007699966 0.005311489 0.00485593 -0.007699966 0.004714965 0.01202815 -0.003999948 0.01641339 0.01105517 -0.003999948 0.01700991 0.01105517 -0.007999956 0.01700991 0.01202815 -0.007999956 0.01641339 0.004126548 -0.003999948 0.005705177 0.004993081 -0.003999948 0.004938781 0.004115462 -0.007699966 0.005690813 0.005005598 -0.007699966 0.004951894 0.003882944 -0.007699966 0.005311489 0.004115462 -0.007699966 0.005690813 0.00485593 -0.007699966 0.004714965 0.005000889 -0.007699966 0.004960298 -0.004150748 -0.003999948 0.005687594 -0.003154098 -0.003999948 0.006274878 -0.004140496 -0.007699966 0.005672633 -0.003162682 -0.007699966 0.006290853 -0.003851652 -0.007699966 0.005334258 -0.004140496 -0.007699966 0.005672633 -0.002983629 -0.007699966 0.006075263 -0.003172159 -0.007699966 0.006288945 -0.006691873 -0.003999948 -0.002190053 -0.006942451 -0.003999948 -0.001060664 -0.006674468 -0.007699966 -0.002184927 -0.006960272 -0.007699966 -0.001063942 -0.006263434 -0.007699966 -0.002014756 -0.006674468 -0.007699966 -0.002184927 -0.006699919 -0.007699966 -9.60277e-4 -0.006961405 -0.007699966 -0.001073479 0.006701111 -0.003999948 -0.002161562 0.00624001 -0.003999948 -0.003222525 0.006684005 -0.007699966 -0.002155482 0.006256341 -0.007699966 -0.003230392 0.006251454 -0.007699966 -0.002051532 0.006684005 -0.007699966 -0.002155482 0.005984783 -0.007699966 -0.003161251 0.006262898 -0.007699966 -0.003223299 1.49608e-5 -0.003999948 -0.007041096 -0.001136541 -0.003999948 -0.00693041 1.54749e-5 -0.007699966 -0.007022976 -0.001138925 -0.007699966 -0.006948411 -1.9338e-5 -0.007699966 -0.006579458 1.54749e-5 -0.007699966 -0.007022976 -0.001157104 -0.007699966 -0.006668746 -0.001130163 -0.007699966 -0.006952404 0.002950429 -0.007699966 0.005485653 -4.90695e-4 -0.007699966 0.00469619 8.69445e-5 -0.007699966 0.004506289 8.77589e-4 -0.007699966 0.004529178 -0.002199351 -0.007699966 0.005827546 -0.004739165 -0.007699966 -0.004041969 -0.005367994 -0.007699966 -0.003159463 -0.005834341 -0.007699966 -0.002181291 -0.006124079 -0.007699966 -0.001137137 -0.006228506 -0.007699966 -5.86081e-5 -0.006144404 -0.007699966 0.001021683 -0.005874335 -0.007699966 0.002071142 -0.005426466 -0.007699966 0.003057837 -0.004814386 -0.007699966 0.003952026 -0.004056632 -0.007699966 0.004726648 -0.003176033 -0.007699966 0.005358159 0.005126535 -0.007699966 0.003572762 0.005835831 -0.007699966 0.002177298 0.006125211 -0.007699966 0.001130819 0.006228566 -0.007699966 5.00344e-5 0.006142616 -0.007699966 -0.001032292 0.005870044 -0.007699966 -0.002083241 0.005419075 -0.007699966 -0.00307095 0.004803478 -0.007699966 -0.003965318 0.004041969 -0.007699966 -0.004739165 0.003157615 -0.007699966 -0.005369067 0.002177298 -0.007699966 -0.005835831 0.001130819 -0.007699966 -0.006125211 5.00269e-5 -0.007699966 -0.006228566 -0.001032292 -0.007699966 -0.006142616 -0.002083241 -0.007699966 -0.005870044 -0.00307095 -0.007699966 -0.005419075 -0.003965318 -0.007699966 -0.004803478 0.003919422 -0.007699966 0.004856228 9.35048e-4 -0.007699966 0.001132667 3.66442e-4 -0.007699966 0.001412928 -1.38912e-4 -0.007699966 0.001453042 -6.27503e-4 -0.007699966 0.001317918 -0.001040399 -0.007699966 0.001023828 -0.001327812 -0.007699966 6.06235e-4 -0.001455068 -0.007699966 1.15531e-4 -0.001406848 -0.007699966 -3.89127e-4 -0.001117527 -0.007699966 -9.53132e-4 -4.91258e-4 -0.007699966 -0.001384198 1.38909e-4 -0.007699966 -0.001453042 6.27495e-4 -0.007699966 -0.001317918 0.001132667 -0.007699966 -9.35055e-4 0.001412928 -0.007699966 -3.66449e-4 0.001453042 -0.007699966 1.38901e-4 0.001317918 -0.007699966 6.2748e-4 0.01828968 -0.001999974 -0.01057225 0.01836949 -0.001372575 -0.01043486 0.01876991 -9.78827e-4 -0.009696364 0.01322704 -0.001996815 -0.007683098 0.01374328 -9.88126e-4 -0.006789982 0.01341176 -0.001215219 -0.007363438 0.01341986 -0.001179158 -0.007321655 0.01372522 -9.79282e-4 -0.006782293 0.01323777 -0.00199896 -0.00766462 0.002897441 -0.001996695 -0.01486366 0.003124237 -0.001992762 -0.01181745 0.004071891 -0.001992166 -0.009787082 0.005178034 -0.001992762 -0.008458256 0.008889555 -0.001991271 -0.006787061 0.0115804 -0.00199294 -0.007000625 0.002602636 -0.001140117 -0.01491999 0.002449512 -0.001184821 -0.01302057 0.00310558 -0.00118792 -0.01055741 0.004570901 -0.001180887 -0.008471429 0.006652057 -0.001191437 -0.0069983 0.009114027 -0.001180887 -0.006343126 0.01165354 -0.001185595 -0.006554186 0.006782829 -0.001616477 -0.00730443 0.01963627 -0.008999943 -0.01019561 0.01869142 -0.008724987 -0.01045745 0.01831322 -0.008022844 -0.01049333 0.0131762 -0.008014261 -0.007771015 0.01374042 -0.00906074 -0.006794869 0.01320171 -0.008010745 -0.007725119 0.01373445 -0.009072303 -0.006799995 0.001968324 -0.009105145 -0.01503038 0.001839637 -0.009033799 -0.01365172 0.001956939 -0.008999943 -0.01227813 0.00231564 -0.008999943 -0.0109421 0.002901136 -0.009028434 -0.009695053 0.003695905 -0.009009957 -0.008556187 0.004674613 -0.009035527 -0.007582306 0.005829691 -0.009078085 -0.006782889 0.007061779 -0.009011983 -0.00620228 0.008398413 -0.009033381 -0.005847215 0.009757101 -0.009045541 -0.005730688 0.01115411 -0.008999943 -0.005845367 0.01249015 -0.008999943 -0.006204068 0.003020286 -0.008010745 -0.01484632 0.01078647 -0.008001565 -0.006742417 0.008149206 -0.008002102 -0.006911814 0.005865514 -0.008008003 -0.007982254 0.004092574 -0.008002877 -0.009684741 0.002887308 -0.008001565 -0.01245039 0.01160132 -0.008427917 -0.00686407 0.009144425 -0.00866115 -0.006514012 0.006727874 -0.00865072 -0.007192492 0.003486335 -0.008672118 -0.01006412 0.002619624 -0.0086506 -0.01302635 0.002572 -0.001195609 -0.01505476 0.001976788 -9.77062e-4 -0.0151453 0.002596378 -0.001145303 -0.01492172 0.002948641 -0.001999378 -0.01485979 0.002824366 -9.47461e-4 -0.0199362 0.003928601 -0.001980781 -0.0196923 0.01963627 -0.008999943 -0.01019561 0.0184347 -0.008464276 -0.0105375 0.01828241 -0.008004128 -0.01057606 0.004998326 -0.008007347 -0.02043998 0.009818673 -0.008000552 -0.01876854 0.01400494 -0.008000254 -0.01581203 0.005253076 -0.009104371 -0.02147835 0.0176227 -0.008999943 -0.01337814 0.0150972 -0.009007394 -0.01617127 0.01213699 -0.008999943 -0.01849943 0.008788287 -0.009047508 -0.02029645 0.008303523 -0.008524835 -0.01956415 0.01133984 -0.008672356 -0.01805478 0.0142219 -0.008677005 -0.01591068 0.01683038 -0.008857429 -0.01351845 0.01642209 -0.008020758 -0.0131914 0.01898187 -0.008890569 -0.01038265 0.002952218 -0.008001089 -0.01485913 0.002603411 -0.008829951 -0.01492047 0.001955449 -0.008999943 -0.01503437 0.002816915 -0.009063839 -0.01989465 0.003923654 -0.008017539 -0.0197001 0.00506103 -0.001983582 -0.02062684 0.004743278 -9.76995e-4 -0.02058589 0.004303991 -4.78029e-4 -0.02068281 0.003619015 -8.13082e-5 -0.02079546 0.00295639 -7.30157e-7 -0.0209257 0.004440188 -0.002000093 -0.02052944 0.003757894 -0.001998782 -0.01973491 0.002818644 -9.75184e-4 -0.01992982 0.003521621 -0.001258015 -0.01980501 0.002913296 -8.02264e-4 -0.02060902 0.003512799 -0.00109452 -0.02017617 0.00404334 -0.001003503 -0.0205717 0.003259062 -0.00901097 -0.02084678 0.003700137 -0.008828639 -0.02047085 0.004041969 -0.00800383 -0.02018177 0.003600239 -0.009024024 -0.0211693 0.004163265 -0.00900042 -0.02145862 0.004786193 -0.009008705 -0.02155488 0.00524944 -0.009061217 -0.02148181 0.004997074 -0.008010685 -0.02044087 0.004547715 -0.008002877 -0.02051663 0.004436969 -0.008692204 -0.02079772 0.003780424 -0.007999956 -0.01972639 0.004013359 -0.007999956 -0.02020269 0.003775894 -0.006199955 -0.01972758 0.004015445 -0.006199955 -0.02020108 -0.003638684 -0.009097278 -0.02181768 -0.004267871 -0.008528769 -0.0208351 -0.00439459 -0.008004486 -0.02065235 -0.003218531 -0.008002102 -0.01495409 -0.002239346 -0.009191811 -0.01516282 -0.00323677 -0.008005678 -0.01494961 -0.002231419 -0.009150624 -0.01516115 -0.01368653 -0.009105145 -0.006516635 -0.01242059 -0.008999943 -0.005965769 -0.01107245 -0.008999943 -0.005655288 -0.009683489 -0.009017169 -0.005585789 -0.008317947 -0.008999943 -0.005752921 -0.006979644 -0.009077608 -0.006174206 -0.005762934 -0.008999943 -0.006786763 -0.004665374 -0.009018003 -0.0076164 -0.003716528 -0.009011983 -0.008632779 -0.002962827 -0.008999943 -0.009792685 -0.002428174 -0.009020566 -0.01105761 -0.002113759 -0.009019792 -0.01242053 -0.002040743 -0.008999943 -0.01379603 -0.01318633 -0.008010745 -0.007460236 -0.003116488 -0.008011341 -0.01312869 -0.00358963 -0.008002936 -0.01080965 -0.005397021 -0.008003354 -0.008257389 -0.007851839 -0.008001089 -0.006895124 -0.01093703 -0.007999181 -0.006565332 -0.002748072 -0.008746862 -0.01230591 -0.003827214 -0.008776068 -0.009567022 -0.005216538 -0.008643925 -0.008123159 -0.007916808 -0.008517086 -0.006736814 -0.01089787 -0.008834958 -0.006187736 -0.0115509 -0.008451938 -0.00663954 -0.01682245 -0.009103417 -0.01434969 -0.01600974 -0.008010745 -0.0136553 -0.003643333 -0.009036004 -0.02181369 -0.007243573 -0.009109377 -0.02087694 -0.01092553 -0.009112179 -0.01919788 -0.0140779 -0.008999943 -0.01706892 -0.004283249 -0.008567452 -0.02084499 -0.004417002 -0.008007407 -0.02064001 -0.01357227 -0.008003413 -0.01614677 -0.01076233 -0.008005261 -0.01813298 -0.00765711 -0.008024334 -0.0195949 -0.01391446 -0.008843243 -0.01639264 -0.01321059 -0.008002102 -0.007416427 -0.01368027 -0.009191572 -0.006532073 -0.01983886 -0.009097158 -0.009781658 -0.01871061 -0.00852859 -0.01011037 -0.01849782 -0.008004605 -0.01018083 -0.0218743 -0.009097278 -0.003281414 -0.02113425 -0.008528769 -0.002379417 -0.02099961 -0.008004486 -0.002202332 -0.01521682 -0.008002102 -0.001559972 -0.01511269 -0.009191811 -0.002555787 -0.01522117 -0.008010745 -0.001510024 -0.01510924 -0.009105145 -0.002572119 -0.0104205 -0.00902605 0.01101148 -0.009512007 -0.008999943 0.009969115 -0.008809566 -0.009042561 0.008790075 -0.008305013 -0.008999943 0.007491171 -0.008044481 -0.009018003 0.006140172 -0.008021652 -0.009033381 0.004750132 -0.008235454 -0.008999943 0.003383636 -0.008703529 -0.00904864 0.002055108 -0.009360611 -0.009033381 8.68199e-4 -0.01022899 -0.008999943 -2.08311e-4 -0.0112735 -0.008999943 -0.001115322 -0.01245969 -0.008999943 -0.00182718 -0.01374495 -0.009018003 -0.002318382 -0.011119 -0.008000671 0.01028925 -0.01097375 -0.008656859 0.01044017 -0.01266294 -0.008003294 -8.51817e-4 -0.01001328 -0.008005738 0.001670122 -0.009069979 -0.008002936 0.004346191 -0.009126424 -0.0080024 0.006639778 -0.009991168 -0.008002936 0.008874833 -0.01337569 -0.008597612 -0.001323163 -0.01105594 -0.008876502 -2.77204e-4 -0.009966731 -0.008651435 0.001253902 -0.00890398 -0.008589923 0.004179239 -0.008859813 -0.008690357 0.006686329 -0.00977981 -0.008637249 0.009001672 -0.02186965 -0.009048581 -0.003279447 -0.02114117 -0.008544147 -0.002355098 -0.02099126 -0.008013546 -0.002185106 -0.0154013 -0.008010864 0.01443123 -0.01764822 -0.008001506 0.0116043 -0.01943057 -0.008009493 0.008241415 -0.02107369 -0.008001506 0.001420915 -0.01542431 -0.009150087 0.01581269 -0.01540797 -0.008459329 0.01458448 -0.02212464 -0.008999943 1.91817e-4 -0.02180337 -0.0090397 0.003668069 -0.02096843 -0.008999943 0.007061243 -0.01959538 -0.008999943 0.01027411 -0.01773363 -0.008999943 0.01323074 -0.01733595 -0.008716225 0.01251125 -0.01931321 -0.008710503 0.009150385 -0.02096492 -0.008849799 0.005336046 -0.02053689 -0.008036375 0.004626035 -0.02134335 -0.008704721 0.001031994 -0.01120722 -0.008014321 0.01019829 -0.01042342 -0.009060621 0.01100909 -0.01542973 -0.008999943 0.01585745 -0.01541453 -0.008725106 0.01487046 -0.01533991 -0.008023321 0.01449537 -0.009880363 -0.009097278 0.01978963 -0.008793771 -0.008528769 0.01936453 -0.008583784 -0.008004486 0.01929122 -0.006185889 -0.008002102 0.01398992 -0.00710076 -0.009191811 0.01358324 -0.005903542 -0.009104847 0.01165258 -0.005090832 -0.008010685 0.0123468 0.007251739 -0.009033858 0.01331371 0.006585597 -0.008999943 0.01218783 0.005711138 -0.009052097 0.01116949 0.004742741 -0.008999943 0.01034164 0.003621697 -0.00900501 0.009671986 0.002400875 -0.009030461 0.009196341 0.001120448 -0.008999943 0.008921802 -1.90098e-4 -0.009003818 0.008865594 -0.001486063 -0.008999943 0.009023964 -0.002741098 -0.009035944 0.009398221 -0.003918707 -0.008999943 0.009965658 -0.004980325 -0.009019553 0.01072072 0.006375432 -0.008003473 0.01373898 0.006555855 -0.008601486 0.01365059 -0.002736985 -0.00800383 0.01039034 0.00176537 -0.008000791 0.009940505 0.004641234 -0.008004724 0.01156109 -0.003531873 -0.008604824 0.01064765 -1.48766e-4 -0.008617162 0.009643435 0.002767324 -0.008678078 0.010136 0.004858732 -0.008774757 0.01124501 -0.009877085 -0.009048581 0.01978582 -0.008773326 -0.008545994 0.01937824 -0.008569777 -0.008007824 0.01930117 0.008959949 -0.008015513 0.01910328 0.005582332 -0.008001804 0.0203697 0.002025485 -0.008001804 0.02102345 -0.001590728 -0.008001804 0.02106082 -0.005160272 -0.008001804 0.02048069 0.01031327 -0.008999943 0.01957476 0.009260892 -0.008673727 0.01922869 -0.006678521 -0.009017825 0.0210883 -0.003249347 -0.00901252 0.02188062 2.36023e-4 -0.00901252 0.02211928 0.003715515 -0.00901252 0.02180629 0.007103204 -0.008999943 0.02095425 0.006300926 -0.0087291 0.02044022 0.001972317 -0.008668482 0.02128803 -0.002275466 -0.008678674 0.02123433 -0.005698263 -0.008677363 0.02058005 0.006328284 -0.008002102 0.01376503 0.007228076 -0.009191572 0.01332563 0.01030039 -0.009097158 0.01957452 0.009194433 -0.00852859 0.01917731 0.008980929 -0.008004605 0.01910924 0.01576459 -0.008999943 0.01552462 0.01570415 -0.008607029 0.01440858 0.01569229 -0.008004903 0.0141263 0.01139444 -0.008002221 0.01020544 0.0107246 -0.009194791 0.0109502 0.009973943 -0.009012043 -7.69515e-5 0.01055109 -0.008663415 4.13908e-4 0.01077282 -0.008005619 6.0389e-4 0.01490277 -0.008997261 -0.002786278 0.01322716 -0.009002208 -0.002381265 0.01169681 -0.009012043 -0.001587092 0.01076906 -0.009096741 -8.6897e-4 0.0150457 -0.00800246 -0.001771211 0.0149908 -0.008832633 -0.002163708 0.01284056 -0.008002817 -0.001166999 0.01305383 -0.008679687 -0.001489937 0.01576501 -0.009030044 0.01551514 0.01572334 -0.008621037 0.01439481 0.01570713 -0.008009433 0.01411265 0.02094024 -0.008014321 -0.002618372 0.02106285 -0.008020877 7.94891e-4 0.02058988 -0.008013665 0.004600882 0.02180367 -0.008999943 -0.003759562 0.02115011 -0.008673846 -0.002866327 0.01801192 -0.008999943 0.01284933 0.01981014 -0.008999943 0.009853601 0.02111428 -0.008999943 0.006612181 0.02188718 -0.00901252 0.003204822 0.02212369 -0.008999943 -2.80343e-4 0.02156031 -0.008833825 3.3924e-4 0.02103883 -0.008822679 0.004798829 0.01885753 -0.008805751 0.01054966 0.01942437 -0.008018136 0.008202373 0.01774692 -0.008020102 0.01137477 0.01504689 -0.008002102 -0.001764953 0.014907 -0.009191572 -0.002756476 0.02179944 -0.009097158 -0.003747403 0.02107995 -0.00852859 -0.002818346 0.02094924 -0.008004605 -0.002636253 -0.001002132 -0.008999943 -0.02142387 -2.41172e-4 -0.008594214 -0.02056622 -7.36415e-5 -0.00800383 -0.02035361 0.002127408 -0.009023785 -0.02117657 0.001042425 -0.008005917 -0.02027219 0.001255273 -0.008592784 -0.02046424 0.001073539 -0.008005082 -0.02024519 0.001287817 -0.008591294 -0.02042531 0.002127647 -0.009023785 -0.02117633 0.001092731 -0.008999943 -0.007968544 -6.34156e-5 -0.008003771 -0.006604254 4.48119e-4 -0.008764982 -0.007418811 -0.001246631 -0.008043646 -0.006668448 -0.001259088 -0.0084908 -0.007025361 -0.002041041 -0.009185075 -0.007757365 -0.001002132 -0.008999943 -0.02142387 -2.73433e-4 -0.008600652 -0.02054107 -8.85799e-5 -0.008004009 -0.02033966 3.03045e-4 -0.008692622 -0.00731498 0.001084983 -0.009025692 -0.007963716 0.005905032 -0.009032249 -0.005455017 0.004879474 -0.009005248 -0.006393194 0.003699541 -0.009003102 -0.007141351 0.002439796 -0.008999943 -0.007664144 0.00640428 -0.008690834 -0.003541231 0.00674647 -0.009063363 -0.00436002 0.001548469 -0.008698046 -0.007145881 0.002715349 -0.008729696 -0.006765782 0.004372715 -0.008697509 -0.005893409 0.005692362 -0.008713364 -0.004571616 -0.006119668 -0.008999943 -0.00521934 -0.005533218 -0.008748412 -0.004718124 -0.002073645 -0.008999943 -0.007771193 -0.003218829 -0.008999943 -0.007370948 -0.005265116 -0.008999943 -0.006080329 -0.001381278 -0.008725106 -0.007178544 -0.004162549 -0.00873363 -0.006008028 -0.002591609 -0.008714795 -0.006824254 -0.004308462 -0.009016156 -0.006789088 0.006308019 -0.008515715 -0.003400504 0.006749927 -0.009010314 -0.004373013 0.02006423 -0.009022474 -0.007571697 0.01931244 -0.008006274 -0.006372928 0.01945412 -0.008590936 -0.006624281 0.005956888 -0.008043706 -0.003245949 -0.006277263 -0.007999956 -0.002020478 -0.006822824 -0.008623123 -0.002533435 -0.01893007 -0.008003652 -0.007267653 -0.0194835 -0.008999943 -0.008569657 -0.01902639 -0.008598029 -0.007519602 -0.007240831 -0.008999943 -0.003501653 0.0193392 -0.008005976 -0.006357133 0.01949733 -0.008599698 -0.006601214 0.02006459 -0.009022176 -0.007570981 0.02079743 -0.00902456 -0.004520535 0.01960676 -0.00800538 -0.005273997 0.01984924 -0.008588433 -0.00513184 -0.0194835 -0.008999943 -0.008569657 -0.01906412 -0.008592009 -0.007501363 -0.01895219 -0.008003711 -0.007257223 -0.01937717 -0.008004009 -0.006218373 -0.02068501 -0.008999943 -0.005667209 -0.01962965 -0.008574843 -0.006132721 0.01958608 -0.008005082 -0.005235075 0.01982361 -0.008591294 -0.005086958 0.02079737 -0.009023785 -0.004520297 0.007916212 -0.008999943 -0.00142312 0.006261408 -0.008003771 -0.002101123 0.007194161 -0.008764982 -0.00186634 -0.006727337 -0.008043646 -8.75032e-4 -0.0070706 -0.0084908 -9.735e-4 -0.00800842 -0.009185075 -4.56024e-4 -0.02068501 -0.008999943 -0.005667209 -0.01962018 -0.008600592 -0.006087481 -0.01937156 -0.008004009 -0.006201088 0.007050454 -0.008692681 -0.001972198 0.007909238 -0.009025633 -0.001428961 0.006240129 -0.009034097 0.00506848 0.007006585 -0.009060323 0.003937184 0.007576346 -0.009059727 0.002682387 0.007926583 -0.009059071 0.0013296 0.008031427 -0.009072363 -6.58072e-6 0.005346298 -0.008694767 0.005001962 0.007332444 -0.008700072 -1.62311e-4 0.007145941 -0.008688986 0.001579046 0.006568789 -0.008695423 0.003269135 -0.008024871 -0.009037554 -4.37101e-4 -0.007264375 -0.008692145 -9.03068e-4 -0.004551112 -0.008684873 0.005741298 -0.005863487 -0.00870788 0.004400074 -0.006765246 -0.008699715 0.002770721 -0.007270336 -0.008701384 9.77447e-4 -0.005551636 -0.009038448 0.005804896 -0.007986724 -0.008999943 9.51061e-4 -0.007700324 -0.009031295 0.002305686 -0.007189869 -0.009014427 0.00360006 -0.006478726 -0.008999943 0.004766285 0.005183398 -0.008515715 0.004948437 0.006244838 -0.009010314 0.005068242 0.01340132 -0.009022474 0.0167424 0.01202887 -0.008006274 0.01639789 0.01231175 -0.008590936 0.01645493 0.004927873 -0.008043706 0.004662275 -0.003861427 -0.007999956 0.005345642 -0.004517853 -0.008623123 0.005706012 -0.01276165 -0.008003652 0.01575773 -0.014171 -0.008999943 0.01588177 -0.013031 -0.008598029 0.01577144 -0.005567848 -0.008999943 0.005804359 0.01202595 -0.00800538 0.01643413 0.01230275 -0.008600711 0.01650243 0.01340073 -0.009022176 0.01674294 0.01072603 -0.00902456 0.0183826 0.01107114 -0.008005976 0.01701122 0.01101493 -0.0085873 0.01729267 -0.014171 -0.008999943 0.01588177 -0.01301878 -0.008575439 0.01581639 -0.01275861 -0.008003711 0.01578193 -0.01190191 -0.008004009 0.0165072 -0.01178187 -0.008999943 0.01792132 -0.0118941 -0.008591473 0.01677972 0.004493117 -0.008008599 0.006136298 0.003957152 -0.008911907 0.006492197 0.01103657 -0.008005559 0.01700633 0.01096385 -0.008592188 0.01728194 0.01072579 -0.009023547 0.0183826 0.003801167 -0.009031057 0.007087051 -0.003020882 -0.008905827 0.006976962 -0.003410279 -0.008540689 0.006794691 -0.003547489 -0.008000612 0.00672388 -0.00289148 -0.009032547 0.007503151 -0.01178187 -0.008999943 0.01792132 -0.01184916 -0.008586168 0.01677393 -0.01188516 -0.008004009 0.01650589 0.003955483 -0.008908569 0.0064888 0.002870559 -0.008908808 0.007034838 0.001130223 -0.008902311 0.007539689 -0.001284003 -0.008910179 0.00751239 -0.003020703 -0.008911728 0.006971538 0.003799736 -0.008999943 0.007088959 -0.002890169 -0.008999943 0.007505893 -0.001563191 -0.009005606 0.007888734 -1.90698e-4 -0.009005606 0.008039891 0.001187145 -0.009017467 0.007951557 0.002530634 -0.009005606 0.007633626 -0.002657115 0.01249998 -0.001892507 -0.003044962 0.01249998 -0.001136004 -0.00324738 0.01249998 -3.10428e-4 -0.003157734 0.01249998 8.18985e-4 -0.002827525 0.01249998 0.001602292 -0.002325177 0.01249998 0.002288103 -0.001402378 0.01249998 0.002945363 -3.10417e-4 0.01249998 0.00324738 8.18983e-4 0.01249998 0.003157734 0.001602292 0.01249998 0.002827525 0.002288103 0.01249998 0.002325177 0.002801418 0.01249998 0.001647531 0.003144145 0.01249998 8.69593e-4 0.003249883 0.01249998 2.61068e-5 0.003157734 0.01249998 -8.19013e-4 0.002687156 0.01249998 -0.001849591 0.001892507 0.01249998 -0.002657115 0.001136004 0.01249998 -0.003044962 3.1041e-4 0.01249998 -0.00324738 -8.1899e-4 0.01249998 -0.003157734 -0.001849591 0.01249998 -0.002687156 -0.001056075 0.01249998 -0.001073122 -0.001359403 0.01249998 -6.47239e-4 -0.001514971 0.01249998 -1.21538e-5 -0.001318097 0.01249998 7.46951e-4 -8.73476e-4 0.01249998 0.001226365 -4.01355e-4 0.01249998 0.001451134 1.19176e-4 0.01249998 0.001500904 6.25323e-4 0.01249998 0.001369595 0.001056015 0.01249998 0.001073122 0.001359403 0.01249998 6.47256e-4 0.001514971 0.01249998 1.21742e-5 0.001318037 0.01249998 -7.46951e-4 8.73469e-4 0.01249998 -0.001226365 4.01348e-4 0.01249998 -0.001451134 -1.19179e-4 0.01249998 -0.001500904 -6.25327e-4 0.01249998 -0.001369595 0.002489745 0 0.002126455 -0.002562403 0.01249998 -0.002171277 -0.003210484 0.01249998 0.001241147 -6.05185e-4 0.01249998 0.003277897 0.002616167 0.01249998 0.002260863 -0.002504825 0 -0.002131521 -0.003345489 0 6.17113e-5 -0.001890599 0 0.002814173 9.10636e-4 0 0.003181934 -0.001149117 -9.99995e-4 -9.8145e-4 -3.15271e-5 -9.99995e-4 -0.001588284 0.001551985 -9.99995e-4 -4.49637e-4 0.001156032 -9.99995e-4 9.83801e-4 -0.001153886 0.01249998 -9.86347e-4 0.00114125 0.01249998 9.73381e-4 0.001587569 0.01249998 5.70323e-5 3.44783e-4 0.01249998 -0.001609444 -0.001226365 -9.99995e-4 -8.7348e-4 -7.46954e-4 -9.99995e-4 -0.001318097 -1.19183e-4 -9.99995e-4 -0.001500904 4.01348e-4 -9.99995e-4 -0.001451134 8.73469e-4 -9.99995e-4 -0.001226365 0.001318037 -9.99995e-4 -7.46951e-4 0.001514971 -9.99995e-4 1.21538e-5 0.001359403 -9.99995e-4 6.47239e-4 0.001056015 -9.99995e-4 0.001073122 6.25327e-4 -9.99995e-4 0.001369595 1.19176e-4 -9.99995e-4 0.001500904 -4.01363e-4 -9.99995e-4 0.001451134 -8.73476e-4 -9.99995e-4 0.001226365 -0.001318037 -9.99995e-4 7.46965e-4 -0.001479208 -9.99995e-4 2.48598e-4 -0.001489818 -9.99995e-4 -2.75066e-4 -0.002418041 -0.001009106 -0.003513395 -0.001071155 -0.001005947 -0.004128694 4.06403e-4 -0.001018404 -0.004244506 0.001833796 -0.001001358 -0.003851532 0.003513157 -0.001011013 -0.0024181 0.004002869 -0.001014411 -0.001423478 0.004252433 -0.001001358 -3.37644e-4 0.00411117 -0.00100404 0.001136958 0.003663361 -9.99995e-4 0.002154469 0.003226339 -0.001092016 0.002748906 0.002425849 -1.18017e-5 0.002066016 0.00307995 -4.67151e-6 9.31563e-4 0.003216087 -6.63102e-7 -6.26765e-4 0.002297401 -2.07126e-6 -0.002354264 3.20826e-4 -2.71946e-6 -0.003265261 -0.00135076 -9.08971e-7 -0.002958536 -0.00239247 -1.55419e-5 -0.002043187 -0.003226935 -0.001069247 -0.002753078 0.0034554 -7.76842e-4 0.00108397 0.003380835 -5.78865e-4 -4.98109e-4 0.002989709 -6.84261e-4 -0.001794636 0.00149548 -5.61602e-4 -0.003099143 0.002744317 -0.001058042 -0.003235399 -2.17602e-4 -6.15016e-4 -0.003419041 -0.001691758 -7.00593e-4 -0.003072917 -0.003873586 0.006999969 -0.002187311 -0.003873586 -9.99995e-4 -0.002187311 -0.01943951 0.006999969 -0.008102238 -0.01943951 -9.99995e-4 -0.008102238 -0.01943951 0.006999969 -0.008102238 -0.01943951 -9.99995e-4 -0.008102238 -0.02017784 0.006999969 -0.006159305 -0.02017784 -9.99987e-4 -0.006159305 -0.02017784 0.006999969 -0.006159305 -0.02017784 -9.99987e-4 -0.006159305 -0.004611909 0.006999969 -2.44418e-4 -0.004611909 -9.99995e-4 -2.44418e-4 -0.004611909 0.006999969 -2.44418e-4 -0.004611909 -9.99995e-4 -2.44418e-4 -0.003873586 0.006999969 -0.002187311 -0.003873586 -9.99995e-4 -0.002187311 -0.004611909 0.006999969 -2.44418e-4 -0.003873586 0.006999969 -0.002187311 -0.02017784 0.006999969 -0.006159305 -0.01943951 0.006999969 -0.008102238 8.83244e-4 0.006999969 -0.0043599 8.83244e-4 -9.99995e-4 -0.0043599 0.001698493 0.006999969 -0.0209918 0.001697957 -4.06183e-4 -0.02098113 0.001666069 -9.76302e-4 -0.02032995 0.001685559 -7.4622e-4 -0.02072745 0.001698493 0.006999969 -0.0209918 -3.77405e-4 0.006999969 -0.0210936 -3.77405e-4 -2.36988e-4 -0.0210936 0.001698493 -3.547e-4 -0.0209918 4.50492e-4 -3.70204e-4 -0.02105301 -3.77405e-4 0.006999969 -0.0210936 -0.001192688 0.006999969 -0.004461705 -0.001192688 -9.99995e-4 -0.004461705 -3.79492e-4 -4.26024e-4 -0.02104979 -4.07431e-4 -9.62943e-4 -0.0204792 -0.001192688 0.006999969 -0.004461705 -0.001192688 -9.99995e-4 -0.004461705 8.83244e-4 0.006999969 -0.0043599 8.83244e-4 -9.99995e-4 -0.0043599 -0.001192688 0.006999969 -0.004461705 8.83244e-4 0.006999969 -0.0043599 -3.77405e-4 0.006999969 -0.0210936 0.001698493 0.006999969 -0.0209918 0.004419445 0.006999969 -5.07282e-4 0.004419445 -9.99995e-4 -5.07282e-4 0.02048927 0.006999969 -0.004871368 0.02048927 -9.99995e-4 -0.004871368 0.02048927 0.006999969 -0.004871368 0.02048927 -9.99995e-4 -0.004871368 0.01994454 0.006999969 -0.006877183 0.01994454 -9.99995e-4 -0.006877183 0.01994454 0.006999969 -0.006877183 0.01994454 -9.99995e-4 -0.006877183 0.003874778 0.006999969 -0.002513051 0.003874719 -9.99995e-4 -0.002513051 0.003874778 0.006999969 -0.002513051 0.003874719 -9.99995e-4 -0.002513051 0.004419445 0.006999969 -5.07282e-4 0.004419445 -9.99995e-4 -5.07282e-4 0.003874778 0.006999969 -0.002513051 0.004419445 0.006999969 -5.07282e-4 0.01994454 0.006999969 -0.006877183 0.02048927 0.006999969 -0.004871368 0.001848101 0.006999969 0.00404638 0.001848101 -9.99995e-4 0.00404638 0.01096451 0.006999969 0.01798111 0.01096451 -9.99995e-4 0.01798111 0.01096451 0.006999969 0.01798111 0.01096451 -9.99995e-4 0.01798111 0.01270383 0.006999969 0.01684325 0.01270383 -9.99995e-4 0.01684325 0.01270383 0.006999969 0.01684325 0.01270383 -9.99995e-4 0.01684325 0.003587424 0.006999969 0.002908527 0.003587424 -9.99995e-4 0.002908527 0.003587424 0.006999969 0.002908527 0.003587424 -9.99995e-4 0.002908527 0.001848101 0.006999969 0.00404638 0.001848101 -9.99995e-4 0.00404638 0.003587424 0.006999969 0.002908527 0.001848101 0.006999969 0.00404638 0.01270383 0.006999969 0.01684325 0.01096451 0.006999969 0.01798111 -0.003277242 0.006999969 0.003008067 -0.003277242 -9.99995e-4 0.003008067 -0.01371282 0.006999969 0.01598435 -0.01371282 -9.99995e-4 0.01598435 -0.01371282 0.006999969 0.01598435 -0.01371282 -9.99995e-4 0.01598435 -0.01209318 0.006999969 0.01728689 -0.01209318 -9.99995e-4 0.01728689 -0.01209318 0.006999969 0.01728689 -0.01209318 -9.99995e-4 0.01728689 -0.001657605 0.006999969 0.004310607 -0.001657605 -9.99995e-4 0.004310607 -0.001657605 0.006999969 0.004310607 -0.001657605 -9.99995e-4 0.004310607 -0.003277242 0.006999969 0.003008067 -0.003277242 -9.99995e-4 0.003008067 -0.001657605 0.006999969 0.004310607 -0.003277242 0.006999969 0.003008067 -0.01209318 0.006999969 0.01728689 -0.01371282 0.006999969 0.01598435 0.006359338 -0.008081197 0.00197941 0.006403446 -0.008001089 0.001598954 0.006262004 -0.008000791 0.002235949 0.006226599 -0.007999956 0.002208292 0.00641936 -0.007999956 0.001799643 -0.006308317 -0.008081197 0.002136468 -0.006120324 -0.008001089 0.002470254 -0.006380319 -0.008000791 0.001871764 -0.006335437 -0.007999956 0.001873373 -0.006251215 -0.007999956 0.00231719 -0.004114091 -0.008053243 -0.00521779 -0.004235565 -0.007999956 -0.005063772 -0.003738582 -0.007999956 -0.005446314 -0.004138171 -0.007999956 -0.005229115 0.003847718 -0.008081197 -0.00543636 0.003499448 -0.008001089 -0.005595922 0.004061579 -0.008000791 -0.00526458 0.004024267 -0.007999956 -0.005229413 0.003517687 -0.007999956 -0.005586564 0.003821671 -0.007999956 -0.005488574 -0.001120805 -0.00789994 -9.53777e-4 -0.001115381 -0.007699966 -9.49962e-4 0.001132249 -0.00789994 9.70434e-4 -1.03027e-4 -0.00789994 0.001513481 -0.0015046 -0.00789994 4.35919e-4 0.001140296 -0.007699966 9.78893e-4 -1.85583e-4 -0.007699966 0.001505553 -0.001526832 -0.007699966 3.50324e-4 9.35048e-4 -0.00789994 0.001132667 3.66442e-4 -0.00789994 0.001412928 -1.38912e-4 -0.00789994 0.001453042 -6.27503e-4 -0.00789994 0.001317918 -0.001040399 -0.00789994 0.001023828 -0.001327812 -0.00789994 6.06235e-4 -0.001455068 -0.00789994 1.15531e-4 -0.001406848 -0.00789994 -3.89127e-4 -0.001117527 -0.00789994 -9.53132e-4 -4.91258e-4 -0.00789994 -0.001384198 1.38909e-4 -0.00789994 -0.001453042 6.27495e-4 -0.00789994 -0.001317918 0.001132667 -0.00789994 -9.35055e-4 0.001412928 -0.00789994 -3.66449e-4 0.001453042 -0.00789994 1.38901e-4 0.001317918 -0.00789994 6.2748e-4 0.001266121 -0.007699966 0.004682779 0.001266121 -0.007955372 0.004682779 0.002950429 -0.007699966 0.005485653 0.00409621 -0.008628666 0.006031811 0.004407703 -0.008148133 0.006180286 0.004407346 -0.00901705 0.006180107 0.00278443 -0.008386373 0.005406558 -7.91755e-4 -0.007701158 0.004672467 -7.3446e-4 -0.007950127 0.004776418 0.00127393 -0.007700085 0.004662096 0.001266121 -0.007955372 0.004682779 5.02206e-4 -0.007844865 0.004476547 -0.002199351 -0.007699966 0.005827546 -0.003128707 -0.008519768 0.00645107 -7.08766e-4 -0.007699966 0.00482738 -7.08766e-4 -0.007964074 0.00482738 -0.002070903 -0.008395016 0.005741357 -0.003529489 -0.00901705 0.006719946 -0.003524243 -0.008132278 0.00671643 0.004399716 -0.008279919 0.006201207 0.00441879 -0.008999943 0.006185591 0.004122376 -0.008841991 0.006503522 0.001732468 -0.008898496 0.007462859 -0.001539647 -0.008948981 0.007297337 -0.003135561 -0.008864879 0.007001698 -0.003510296 -0.008327484 0.006741106 -0.003540158 -0.008999943 0.006727159 0.002853751 -0.008999705 0.007070183 5.17737e-4 -0.008999705 0.007606804 -0.003540158 -0.008999943 0.006727159 -0.00340569 -0.008999943 0.006636917 0.004271745 -0.008999943 0.006115496 0.00327754 -0.008999943 0.006701111 0.001652061 -0.008999943 0.007297158 -7.16522e-5 -0.008999943 0.007459342 -0.001791894 -0.008999943 0.007264077 0.00441879 -0.008999943 0.006185591 0.003391742 -0.008999943 0.006803154 0.002280354 -0.008999943 0.007251679 0.001112282 -0.008999943 0.00751996 -8.33906e-5 -0.008999943 0.00760132 -0.001276969 -0.008999943 0.007493734 -0.002438902 -0.008999943 0.007199943 0.004271745 -0.008999943 0.006115496 0.002755582 -0.00900489 0.006953537 5.09419e-4 -0.008997023 0.007466077 -0.001791834 -0.009009003 0.007259786 -0.003445625 -0.008843541 0.006694853 0.001194059 -0.007893323 0.004649162 5.19466e-4 -0.007855474 0.004485428 -3.08871e-4 -0.0078817 0.004596889 -2.40173e-4 -0.008217155 0.00562483 4.62644e-5 -0.008171856 0.005505442 3.56797e-4 -0.008191525 0.005549013 5.97611e-4 -0.008267343 0.005741059 7.088e-4 -0.008380115 0.006020486 6.54988e-4 -0.008507192 0.0063591 4.00688e-4 -0.008612811 0.006614506 -1.4592e-5 -0.008645117 0.006675183 -4.33356e-4 -0.008484482 0.006341934 -4.31783e-4 -0.008318543 0.005880832 -3.63056e-4 -0.007999956 0.005746543 -1.21504e-4 -0.007999956 0.005558133 1.79093e-4 -0.007999956 0.005499064 5.47174e-4 -0.007999956 0.005674302 7.16493e-4 -0.007999956 0.006045162 6.52555e-4 -0.007999956 0.006344735 4.60282e-4 -0.007999956 0.006583273 6.56694e-5 -0.007999956 0.006685614 -3.02412e-4 -0.007999956 0.006510317 -4.71733e-4 -0.007999956 0.006139457 -3.22729e-4 -0.008249342 0.005712687 9.26293e-5 -0.008156478 0.005518972 6.71871e-4 -0.008300721 0.00581938 5.80695e-4 -0.008560538 0.006480276 -3.48695e-4 -0.007999956 0.005686283 5.10208e-4 -0.008000016 0.005565404 6.12955e-4 -0.008000016 0.006503462 0.01428884 -0.005999982 0.01285225 0.01462155 -0.005999982 0.01247042 0.01428788 -0.006199955 0.01285141 0.0146225 -0.006199955 0.01247125 0.02096098 -0.006199955 -0.002630829 0.02110248 -0.006199955 9.84455e-4 0.02062505 -0.006199955 0.004570841 0.01954257 -0.006199955 0.008023142 0.01788693 -0.006199955 0.01124018 0.01570665 -0.006199955 0.01412749 0.01429682 -0.006199955 0.01285415 0.0164802 -0.006199955 0.009884595 0.01788628 -0.006199955 0.007027328 0.01880121 -0.006199955 0.003977119 0.01919984 -0.006199955 8.1767e-4 0.01907128 -0.006199955 -0.002364218 0.01571643 -0.005999982 0.01413053 0.01429682 -0.005999982 0.01285415 0.0164802 -0.005999982 0.009884595 0.01788628 -0.005999982 0.007027328 0.01880121 -0.005999982 0.003977119 0.01919984 -0.005999982 8.1767e-4 0.01907128 -0.005999982 -0.002364218 0.02096098 -0.005999982 -0.002630829 0.02110737 -0.005999982 8.73221e-4 0.02067208 -0.005999982 0.004353165 0.01966702 -0.005999982 0.007713198 0.01811993 -0.005999982 0.01086062 0.004783689 -0.006199955 -0.02056503 0.004187107 -0.006199955 -0.02037352 0.008249402 -0.006199955 -0.01944816 0.01126712 -0.006199955 -0.01787 0.01399201 -0.006199955 -0.01582741 0.0163533 -0.006199955 -0.01337361 0.01828968 -0.006199955 -0.01057225 0.01663762 -0.006199955 -0.009617269 0.01475626 -0.006199955 -0.01231074 0.01244366 -0.006199955 -0.01464438 0.009767293 -0.006199955 -0.01654994 0.006805539 -0.006199955 -0.01797187 0.003644764 -0.006199955 -0.01886844 0.00384885 -0.006199955 -0.01993972 0.01828968 -0.005999982 -0.01057225 0.01663762 -0.005999982 -0.009617269 0.01475626 -0.005999982 -0.01231074 0.01244366 -0.005999982 -0.01464438 0.009767293 -0.005999982 -0.01654994 0.006805539 -0.005999982 -0.01797187 0.003644764 -0.005999982 -0.01886844 0.00384885 -0.005999982 -0.01993972 0.004783689 -0.005999982 -0.02056503 0.004187107 -0.005999982 -0.02037352 0.008249402 -0.005999982 -0.01944816 0.01126712 -0.005999982 -0.01787 0.01399201 -0.005999982 -0.01582741 0.0163533 -0.005999982 -0.01337361 0.01663762 -0.006199955 -0.009617269 0.01663762 -0.005999982 -0.009617269 0.0134865 -0.006199955 -0.01377892 0.008078396 -0.006199955 -0.01750671 0.003644764 -0.006199955 -0.01886844 0.003644764 -0.005999982 -0.01886844 0.01390027 -0.005999982 -0.01336139 0.008608281 -0.005999982 -0.01725232 -0.004005253 -0.006199955 -0.01879519 -0.004071354 -0.005999982 -0.01900827 -0.008665502 -0.006199955 -0.0171988 -0.01374781 -0.006199955 -0.01351827 -0.01681864 -0.006199955 -0.009297072 -0.01693356 -0.005999982 -0.009374976 -0.01171642 -0.005999982 -0.01531243 -0.01850414 -0.006199955 -0.01019215 -0.01738792 -0.006199955 -0.01201891 -0.0160734 -0.006199955 -0.01370871 -0.01362496 -0.006199955 -0.01614451 -0.01081234 -0.006199955 -0.01814877 -0.007710695 -0.006199955 -0.01966798 -0.004402995 -0.006199955 -0.02066153 -0.004005253 -0.006199955 -0.01879519 -0.007148265 -0.006199955 -0.01783829 -0.0100823 -0.006199955 -0.01635998 -0.01272165 -0.006199955 -0.01440352 -0.01498919 -0.006199955 -0.01202607 -0.01681864 -0.006199955 -0.009297072 -0.0160734 -0.005999982 -0.01370871 -0.01362496 -0.005999982 -0.01614451 -0.01081234 -0.005999982 -0.01814877 -0.007710695 -0.005999982 -0.01966798 -0.004402995 -0.005999982 -0.02066153 -0.004005253 -0.005999982 -0.01879519 -0.007148265 -0.005999982 -0.01783829 -0.0100823 -0.005999982 -0.01635998 -0.01272165 -0.005999982 -0.01440352 -0.01498919 -0.005999982 -0.01202607 -0.01681864 -0.005999982 -0.009297072 -0.01850414 -0.005999982 -0.01019215 -0.01738792 -0.005999982 -0.01201891 -0.019113 -0.006199955 -0.001998782 -0.0193361 -0.005999982 -0.002001762 -0.0190348 -0.006199955 0.002926647 -0.01710492 -0.006199955 0.008897542 -0.01403933 -0.006199955 0.01312249 -0.01414895 -0.005999982 0.01320773 -0.01818358 -0.005999982 0.006411194 -0.01541143 -0.006199955 0.01444894 -0.0176509 -0.006199955 0.01160728 -0.0193727 -0.006199955 0.008425176 -0.02052623 -0.006199955 0.004995942 -0.02107769 -0.006199955 0.00142014 -0.02101087 -0.006199955 -0.002197206 -0.019113 -0.006199955 -0.001998782 -0.01917415 -0.006199955 0.001286029 -0.01867491 -0.006199955 0.00453329 -0.0176298 -0.006199955 0.00764811 -0.01606941 -0.006199955 0.01053929 -0.01403933 -0.006199955 0.01312249 -0.02101087 -0.005999982 -0.002197206 -0.019113 -0.005999982 -0.001998782 -0.01917415 -0.005999982 0.001286029 -0.01867491 -0.005999982 0.00453329 -0.0176298 -0.005999982 0.00764811 -0.01606941 -0.005999982 0.01053929 -0.01403933 -0.005999982 0.01312249 -0.01541143 -0.005999982 0.01444894 -0.0176509 -0.005999982 0.01160728 -0.0193727 -0.005999982 0.008425176 -0.02052623 -0.005999982 0.004995942 -0.02107769 -0.005999982 0.00142014 -0.007878959 -0.006199955 0.01777112 -0.007807195 -0.005999982 0.01755988 1.84312e-4 -0.006199955 0.0192576 0.008217632 -0.006199955 0.01761704 0.008141815 -0.005999982 0.01740723 -0.003391921 -0.005999982 0.01897996 0.003470599 -0.005999982 0.0189926 0.00897932 -0.006199955 0.01912212 0.005584716 -0.006199955 0.02037388 0.002026319 -0.006199955 0.02102804 -0.001591503 -0.006199955 0.02106541 -0.005162656 -0.006199955 0.02048492 -0.008582413 -0.006199955 0.01930356 -0.007807195 -0.006199955 0.01755988 -0.004701972 -0.006199955 0.01863312 -0.00145936 -0.006199955 0.01916176 0.001825869 -0.006199955 0.01913028 0.005057752 -0.006199955 0.01853972 0.008141815 -0.006199955 0.01740723 -0.008582413 -0.005999982 0.01930356 -0.007807195 -0.005999982 0.01755988 -0.004701972 -0.005999982 0.01863312 -0.00145936 -0.005999982 0.01916176 0.001825869 -0.005999982 0.01913028 0.005057752 -0.005999982 0.01853972 0.008141815 -0.005999982 0.01740723 0.00897932 -0.005999982 0.01912212 0.005584716 -0.005999982 0.02037388 0.002026319 -0.005999982 0.02102804 -0.001591503 -0.005999982 0.02106541 -0.005162656 -0.005999982 0.02048492 0.01341784 -0.00119996 -0.007294178 0.01217114 -0.00119996 -0.009225308 0.01064878 -0.00119996 -0.01094746 0.008885145 -0.00119996 -0.01242166 0.006920278 -0.00119996 -0.01361447 0.004798591 -0.00119996 -0.01449888 0.002564609 -0.00119996 -0.01505506 0.002435624 -0.00119996 -0.01365876 0.002546966 -0.00119996 -0.01238709 0.002877056 -0.00119996 -0.01115393 0.003415882 -0.00119996 -0.009996712 0.004147171 -0.00119996 -0.008950412 0.005048751 -0.00119996 -0.008046686 0.006093382 -0.00119996 -0.007312953 0.007249355 -0.00119996 -0.006771385 0.008481681 -0.00119996 -0.006438374 0.009753108 -0.00119996 -0.006324052 0.01102507 -0.00119996 -0.006431877 0.01225912 -0.00119996 -0.00675857 0.01330524 -0.001176118 -0.007157862 0.01203811 -9.95331e-4 -0.009516775 0.007795214 -9.99622e-4 -0.01321518 0.004417181 -9.99995e-4 -0.01461958 0.01152998 -0.001205384 -0.01010566 0.007866799 -0.00119853 -0.01312899 0.002600848 -0.001184582 -0.01517385 0.002292931 -0.001059651 -0.01505452 0.01309031 -0.00119996 0.007866859 0.01420485 -0.00119996 0.005609452 0.0149334 -0.00119996 0.003199577 0.01525616 -0.00119996 7.02821e-4 0.01516377 -0.00119996 -0.001815974 0.0107339 -0.00119996 5.71284e-4 0.01181781 -0.00119996 -4.75254e-4 0.01357793 -0.00119996 -0.001442253 0.01136153 -0.00119996 0.01021587 0.0105471 -0.00119996 0.009344637 0.00989902 -0.00119996 0.008351147 0.009429752 -0.00119996 0.007261753 0.009152948 -0.00119996 0.006108343 0.009076714 -0.00119996 0.004924654 0.009203314 -0.00119996 0.003745257 0.009528934 -0.00119996 0.002604663 0.01004421 -0.00119996 0.00153625 0.01162004 -0.00119996 0.009910523 0.01162004 -9.99995e-4 0.009910523 0.01383435 -0.00119996 0.006579458 0.01522004 -0.00119996 0.001740515 0.01516431 -0.00119996 -0.001813054 0.01516431 -9.99995e-4 -0.001813054 0.01363515 -9.99995e-4 0.006982922 0.01516234 -9.99995e-4 0.002186775 0.00641328 -0.00119996 0.01386022 -0.004704773 -0.00119996 0.01179009 -0.003409385 -0.00119996 0.01082623 -0.002380371 -0.00119996 0.01032674 -0.001283228 -0.00119996 0.01000314 -1.4789e-4 -0.00119996 0.00986427 9.94865e-4 -0.00119996 0.009913861 0.002113878 -0.00119996 0.01015061 0.003178834 -0.00119996 0.01056802 0.004160702 -0.00119996 0.01115483 0.005032777 -0.00119996 0.011895 0.005771338 -0.00119996 0.01276838 -0.006204485 -0.00119996 0.01395523 -0.005744814 -0.00119996 0.0130831 -0.003749608 -0.00119996 0.01480489 -0.001186192 -0.00119996 0.01522618 0.001411437 -0.00119996 0.01520699 0.003968298 -0.00119996 0.01474773 -0.00626105 -0.00119996 0.01412141 -0.006239712 -9.99995e-4 0.01405864 3.45726e-4 -0.00119996 0.01531833 0.006447076 -0.00119996 0.01396477 0.006469368 -9.99995e-4 0.01402717 -1.18971e-4 -9.99995e-4 0.01532179 -0.01119989 -0.00119996 0.01038253 -0.01518952 -0.00119996 -0.001588404 -0.01400512 -0.00119996 -0.001354694 -0.01287919 -0.00119996 -9.19217e-4 -0.01184582 -0.00119996 -2.9508e-4 -0.01093637 -0.00119996 4.9877e-4 -0.01017826 -0.00119996 0.00143826 -0.009594559 -0.00119996 0.00249499 -0.009202957 -0.00119996 0.003636896 -0.009015202 -0.00119996 0.004829466 -0.009037137 -0.00119996 0.00603646 -0.009267926 -0.00119996 0.0072214 -0.009700775 -0.00119996 0.008348405 -0.01032239 -0.00119996 0.009383261 -0.015239 -0.00119996 0.001008868 -0.01484757 -0.00119996 0.003576934 -0.01402652 -0.00119996 0.006041586 -0.01279968 -0.00119996 0.008331418 -0.01518952 -0.00119996 -0.001588404 -0.01518952 -9.99987e-4 -0.001588404 -0.01511055 -0.00119996 0.002538263 -0.01339459 -0.00119996 0.007440149 -0.01120251 -0.00119996 0.01038014 -0.01120251 -9.99995e-4 0.01038014 -0.01518058 -9.99987e-4 0.002078831 -0.01361405 -9.99995e-4 0.007030546 -0.003235042 -0.00119996 -0.01510459 -0.003215432 -9.99995e-4 -0.01504129 -0.009283602 -0.00119996 -0.01218962 -0.01342409 -0.00119996 -0.007508218 -0.01347881 -9.99995e-4 -0.00754559 -0.008909642 -9.99995e-4 -0.01246553 -0.01333534 -0.00119996 -0.007443308 -0.003183126 -0.00119996 -0.01493692 -0.00303936 -0.00119996 -0.01373827 -0.00310564 -0.00119996 -0.01253288 -0.00337994 -0.00119996 -0.01135724 -0.003853857 -0.00119996 -0.01024693 -0.004513144 -0.00119996 -0.00923562 -0.005337774 -0.00119996 -0.008353948 -0.006302773 -0.00119996 -0.007628619 -0.007378935 -0.00119996 -0.007081568 -0.008533656 -0.00119996 -0.006729423 -0.009731948 -0.00119996 -0.006582796 -0.01093751 -0.00119996 -0.006646156 -0.0121138 -0.00119996 -0.006917595 -0.00566858 -0.00119996 -0.01418137 -0.007990062 -0.00119996 -0.0130155 -0.01008033 -0.00119996 -0.01147305 -0.01187896 -0.00119996 -0.009598672 0.01827895 -0.008002519 0.01559031 0.02158522 -0.008000314 0.0107147 0.02362263 -0.008002817 0.004403293 0.02403479 -0.008001685 -0.001908361 0.02265942 -0.008002817 -0.00799793 0.02099967 -0.008011341 -0.01181572 0.01853418 -0.008003234 -0.01529997 0.01563161 -0.008010327 -0.01832801 0.01217263 -0.008001089 -0.02069789 0.008354604 -0.008006155 -0.02256131 0.002294242 -0.008001685 -0.02400106 -0.00541538 -0.007995486 -0.023431 -0.01184916 -0.008003234 -0.02090942 -0.01527047 -0.008006155 -0.01859092 -0.01833271 -0.008012831 -0.01563584 0.01798009 -0.008830547 0.0153346 0.01749968 -0.008999943 0.01492512 -0.01750963 -0.009091973 -0.0149309 -0.01464211 -0.008999943 -0.0177372 -0.01134234 -0.009029626 -0.02001214 -0.007692933 -0.009011983 -0.02167648 -0.003812372 -0.009033381 -0.02268517 1.8445e-4 -0.009009957 -0.02300018 0.004176318 -0.009033381 -0.02262103 0.008060395 -0.009138047 -0.0215618 0.0116598 -0.009029626 -0.01982885 0.01493328 -0.009101986 -0.01750922 0.01773852 -0.009029626 -0.01464509 0.02001613 -0.00909537 -0.01135271 0.02167618 -0.009009957 -0.007693171 0.02268278 -0.009009957 -0.003812253 0.0230056 -0.009058475 1.8069e-4 0.02261775 -0.008999943 0.004175722 0.02154999 -0.009009957 0.008039832 0.01982647 -0.009009957 0.0116598 -0.01328086 -0.008859038 -0.01959282 -0.008021712 -0.008667349 -0.02242743 -0.003906369 -0.008649468 -0.02347356 2.05684e-4 -0.00874722 -0.02372378 0.004282951 -0.008649468 -0.02340781 0.01206856 -0.008672297 -0.02048677 0.01829355 -0.008729338 -0.01508134 0.02228623 -0.008789598 -0.007948398 0.02342075 -0.008738398 -0.003862738 0.02382367 -0.008595108 2.07225e-4 0.02322912 -0.008844077 0.004217445 0.02229177 -0.008691489 0.008333802 0.02048212 -0.008738517 0.01199734 0.01826053 -0.007999956 0.01557403 0.02157992 -0.007999956 0.01068943 0.02393448 -0.007999956 0.002664029 0.02340221 -0.007999956 -0.005682706 0.0200473 -0.007999956 -0.01334404 0.01427435 -0.007999956 -0.01939588 0.006428718 -0.007999956 -0.02324402 -0.001903831 -0.007999956 -0.02397799 -0.008027017 -0.007999956 -0.02261781 -0.01396095 -0.007999956 -0.01962268 -0.01826053 -0.007999956 -0.01557403 -0.01826053 0.005999982 -0.01557403 -0.01334404 0.005999982 -0.0200473 -0.006038725 0.005999982 -0.02328312 1.9278e-4 0.005999982 -0.02399921 0.00641191 0.005999982 -0.0231831 0.01366436 0.005999982 -0.01983034 0.01962268 0.005999982 -0.01396089 0.02321422 0.005999982 -0.006407618 0.02400577 0.005999982 0.001918494 0.02190184 0.005999982 0.01001328 0.01826053 0.005999982 0.01557403 0.0160734 0.00899738 0.01370871 0.01820975 0.00899738 0.01070934 0.01979702 0.009031355 0.007386147 0.02077436 0.00899738 0.00383538 0.02112478 0.00899738 1.69696e-4 0.02083331 0.00899738 -0.003501117 0.01990884 0.00899738 -0.007065594 0.01837944 0.00899738 -0.01041543 0.01629513 0.009025633 -0.01345038 0.01370871 0.00899738 -0.0160734 0.01070934 0.00899738 -0.01820975 0.007386744 0.009025633 -0.01979595 0.00383538 0.00899738 -0.02077436 1.69691e-4 0.00899738 -0.02112478 -0.003501892 0.009031355 -0.02083778 -0.007065594 0.00899738 -0.01990884 -0.01041543 0.00899738 -0.01837944 -0.01344871 0.00899738 -0.01629155 -0.0160734 0.00899738 -0.01370871 0.01737654 0.008527517 0.01482021 0.0183317 0.00600928 0.0156337 -0.01826053 0.005999982 -0.01557403 -0.01344889 0.005999207 -0.01997882 -0.006504237 0.006000518 -0.02320778 0.001859068 0.006001889 -0.0240457 0.008422613 0.006009101 -0.02257513 0.01220327 0.006006777 -0.02074998 0.01769971 0.005997478 -0.01631772 0.020895 0.006007969 -0.01197695 0.02265 0.006003022 -0.008038461 0.02404022 0.006002008 -0.001908719 0.02363473 0.006003022 0.004363477 0.02260595 0.006007969 0.008307814 0.02071696 0.006003022 0.01218384 -0.01708298 0.008684575 -0.01457005 -0.01809448 0.007234096 -0.0154314 -0.01268726 0.008702456 -0.01858085 -0.01522666 0.007259011 -0.01826733 -0.008215606 0.008798837 -0.02068215 -0.01182323 0.007259011 -0.02063387 -0.007896661 0.00753355 -0.02225047 -0.002260088 0.008719027 -0.0223397 -0.003939926 0.007254421 -0.02344423 1.43237e-4 0.007742464 -0.02350068 0.004198908 0.008728444 -0.02197271 0.004206061 0.007259011 -0.02340632 0.00799793 0.008341431 -0.02156394 0.01382929 0.008782029 -0.01751476 0.01178801 0.008058845 -0.02004384 0.01534569 0.007259011 -0.01816737 0.01787471 0.008190333 -0.01481622 0.02047306 0.008772015 -0.008929312 0.02151441 0.007765352 -0.009571969 0.02216732 0.008772194 -0.002833008 0.02344423 0.007254421 -0.003939926 0.02236038 0.008714377 0.002216279 0.02378106 0.007259011 7.7717e-5 0.02321785 0.00753355 0.004286468 0.02156329 0.008284032 0.008185207 0.01926523 0.008741617 0.01129567 0.02035152 0.00753355 0.01196897 0.0160734 0.00899738 0.01370871 0.01708298 0.008684575 0.01456999 0.01811474 0.007192075 0.01544958 0.01826053 0.005999982 0.01557403 -0.01608324 0.009093523 -0.01371806 -0.01821219 0.00901854 -0.01071077 -0.01979273 0.00899738 -0.007384538 -0.02077794 0.009025633 -0.003836989 -0.02112931 0.009031355 -1.69734e-4 -0.02083331 0.00899738 0.003501117 -0.01990884 0.00899738 0.007065594 -0.01837944 0.00899738 0.01041543 -0.01630181 0.009091973 0.01345711 -0.01371192 0.009025633 0.01607567 -0.01070934 0.00899738 0.01820975 -0.007384538 0.00899738 0.01979273 -0.003837049 0.009025633 0.02077788 -1.69698e-4 0.00899738 0.02112478 0.003501117 0.00899738 0.02083331 0.007065594 0.00899738 0.01990884 0.01041543 0.00899738 0.01837944 0.01344871 0.00899738 0.01629155 -0.01784729 0.007861256 -0.01522159 -0.01827603 0.006001889 -0.0155881 0.01367318 0.006002008 0.01986503 0.008038461 0.006003022 0.02265 0.00410819 0.006007969 0.02373123 -0.00298506 0.006002545 0.02394223 -0.008339583 0.006002485 0.02253419 -0.01321929 0.006000995 0.0201717 -0.01849776 0.006007969 0.01542341 -0.02101135 0.0060153 0.01190686 -0.02265733 0.006007969 0.00816667 -0.02402663 0.005999207 0.001657545 -0.02363473 0.006003022 -0.004363477 -0.02260595 0.006007969 -0.008307814 -0.02076965 0.006009101 -0.01221483 0.01350009 0.008784532 0.01774758 0.01516121 0.007294297 0.01829391 0.009663045 0.008632838 0.02048981 0.01179617 0.007037103 0.0207265 0.007933318 0.007508575 0.02224951 7.28626e-4 0.00878787 0.02227401 0.003798544 0.008115053 0.02288901 -2.36779e-4 0.007294297 0.02375864 -0.004959285 0.008555948 0.02228271 -0.008285284 0.007901906 0.02190673 -0.0137062 0.008668482 0.01793724 -0.01180392 0.007872521 0.02017593 -0.01548373 0.007011413 0.01815462 -0.01796776 0.00808078 0.01471984 -0.01995003 0.008692562 0.01056075 -0.02188169 0.008115053 0.007715463 -0.02208876 0.008716404 0.003740906 -0.02345448 0.007218956 0.004004478 -0.02247703 0.008638918 -0.001611232 -0.02378106 0.007259011 -7.77133e-5 -0.02310228 0.007742464 -0.004311442 -0.02020072 0.008789718 -0.009326815 -0.02109223 0.007964253 -0.01009964 -0.01840782 -0.007999956 -0.0156778 -0.01849728 0.005999982 -0.01574081 -0.0231083 -0.007999956 -0.00677973 -0.02403348 -0.007999956 0.001532614 -0.02205991 -0.007999956 0.009660124 -0.01850837 -0.007999956 0.01527869 -0.01395434 -0.007999956 0.01959198 -0.00677973 -0.007999956 0.0231083 0.001532614 -0.007999956 0.02403348 0.008027017 -0.007999956 0.02261781 0.01363778 -0.007999956 0.01981365 0.01826053 -0.007999956 0.01557403 0.01846253 0.005999982 0.01578152 0.009989976 0.005999982 0.0218808 0.002279162 0.005999982 0.02397423 -0.006057918 0.005999982 0.02330791 -0.01399099 0.005999982 0.01964342 -0.01981365 0.005999982 0.01363778 -0.02321422 0.005999982 0.006407618 -0.02399921 0.005999982 -1.92786e-4 -0.02330791 0.005999982 -0.006057918 0.01833266 -0.008012831 0.01563584 0.01750963 -0.009091973 0.0149309 -0.01832187 -0.008010745 -0.0156275 -0.02069789 -0.008001089 -0.01217263 -0.02258181 -0.008012354 -0.008425116 -0.02362263 -0.008002817 -0.004403293 -0.02403479 -0.008001685 0.001908481 -0.02228862 -0.007996261 0.00908041 -0.01853418 -0.008003234 0.01529997 -0.01366388 -0.008000552 0.01985388 -0.008438408 -0.008002817 0.02249908 -0.004366874 -0.008005499 0.02365309 -1.93059e-4 -0.008003234 0.02403265 0.003992199 -0.008010327 0.02375555 0.008038222 -0.008003234 0.02264934 0.01181018 -0.008006155 0.02096021 0.01528275 -0.008011341 0.01862889 -0.01750874 -0.009105145 -0.01493507 0.014656 -0.00909537 0.01774066 0.01134014 -0.009011983 0.02001124 0.007694959 -0.009029626 0.02167767 0.003813922 -0.009101986 0.02269428 -1.84789e-4 -0.009033381 0.02300256 -0.004175603 -0.009009957 0.02261871 -0.008040964 -0.009033381 0.02155214 -0.01166242 -0.009029626 0.0198273 -0.01492673 -0.009025394 0.01750159 -0.01773977 -0.009033381 0.0146442 -0.02001249 -0.009025394 0.01134085 -0.02167648 -0.009011983 0.007692933 -0.02300018 -0.009009957 -1.84456e-4 -0.02262103 -0.009033381 -0.004176318 -0.02155882 -0.009088397 -0.008043467 -0.01982653 -0.009011983 -0.01166015 0.009713768 -0.008791565 0.02166122 -1.90534e-4 -0.008718013 0.02371704 -0.006474256 -0.008803069 0.02281624 -0.0120387 -0.008672297 0.02050435 -0.01543951 -0.008611023 0.01817637 -0.01829081 -0.008718013 0.01509904 -0.02072513 -0.008611023 0.01179951 -0.02229654 -0.008785784 0.007913053 -0.02350401 -0.008594691 0.003920972 -0.02268743 -0.009052753 0.00381273 -0.02372378 -0.00874722 -2.05696e-4 -0.02333998 -0.008709311 -0.00427699 -0.02045828 -0.008734405 -0.01203173</float_array>
          <technique_common>
            <accessor source="#³µÖ48x3x18_007-mesh-positions-array" count="2608" stride="3">
              <param name="X" type="float"/>
              <param name="Y" type="float"/>
              <param name="Z" type="float"/>
            </accessor>
          </technique_common>
        </source>
        <source id="³µÖ48x3x18_007-mesh-normals">
          <float_array id="³µÖ48x3x18_007-mesh-normals-array" count="5739">-0.2723618 -0.9260455 0.2612639 -0.2887101 -0.9309816 0.2234271 -0.2080958 0.0549826 -0.9765619 -0.1951994 -0.003267228 -0.9807581 0.5893754 0.5772687 -0.5651526 0.810711 -0.5744293 -0.1130426 0.9495296 0.1075427 0.2946661 -0.8786951 0 0.4773837 -0.8786954 4.45258e-7 0.4773828 -0.8786963 -1.51116e-7 0.4773813 -0.3502703 -0.03615742 0.9359505 -0.5838184 0.05120414 0.8102681 -0.7729994 -0.005068421 0.6343865 -0.03734242 -1.44139e-7 0.9993026 -0.03734147 -4.04197e-7 0.9993026 -0.0373423 0 0.9993026 0.3023114 0.01652157 -0.9530661 0.3287456 -0.01022404 -0.9443632 0.794995 0.01493322 -0.6064324 0.758752 -0.02651214 -0.6508399 0 1 0 0 1 -3.71065e-7 0 1 5.05949e-7 0 1 -2.55736e-7 0 1 0 0 -1 2.29334e-6 0 -1 0 0 -1 -3.60437e-6 0 -1 -2.11042e-6 0 -1 6.27258e-6 0 -1 2.14604e-6 0 -1 -1.14279e-6 -0.03973251 -0.924664 0.3787056 -0.1679122 -0.95435 0.2470255 -0.1584685 -0.9528584 0.2587446 -0.1994417 -0.9486746 0.2454378 -0.1849674 -0.9478835 0.2594305 -0.1759895 -0.9110211 0.3729187 -0.2103226 -0.9453818 0.2490336 -0.2156305 -0.9082869 0.3584948 -0.180307 -0.9093758 0.3748667 -0.2556365 -0.9046235 0.3410372 -0.2377462 -0.8965301 0.3737788 -0.2525536 -0.9006579 0.3535987 -0.7123163 -0.6595702 -0.2399435 -0.1079885 -0.9183903 0.3806543 -0.1675391 -0.9382086 0.3028123 -0.1596503 -0.9314941 0.3268495 -0.1394549 -0.9200966 0.3660255 0.3821721 0.1889173 0.9045743 0.01694697 -0.1934783 0.9809582 -0.6730062 0.165198 0.7209524 -0.9743971 -0.2004326 0.101868 -0.9700707 0.1197515 -0.2112406 0 -1 5.36838e-6 0 -1 -5.296e-7 0 -1 -1.06418e-6 0 -1 1.05871e-6 -0.5459724 0.3057703 -0.780012 -0.1207396 -0.4987267 -0.8583085 0.128773 0.1694771 -0.977085 0.9489451 -0.2231062 -0.2229952 0.9874583 0.1320421 -0.0865513 -0.8876228 0.02103555 -0.4600906 -0.8522729 -0.02103585 -0.5226743 0.1824876 0 0.9832082 0.1824868 2.37471e-7 0.9832083 0.1824868 0 0.9832084 0.7669918 -0.03261518 0.6408275 0.5907512 0.05015391 0.8052935 0.3495151 -0.005484044 0.9369147 0.9388539 -2.4276e-7 0.3443159 0.9388538 0 0.3443161 0.9388533 -9.09128e-7 0.3443177 -0.6677339 0 -0.7444001 -0.6491969 0.01271522 -0.7605141 -0.2738194 0 -0.9617812 -0.2973353 -0.01271533 -0.9546886 0 1 -3.02499e-7 0 1 5.78554e-7 0 1 0 0 -1 -2.39027e-6 0 -1 -6.39877e-6 0 -1 1.92448e-6 0 -1 -9.4219e-6 0 -1 -1.62582e-6 0.2071995 -0.9531046 0.2205904 0.1915803 -0.9557661 0.2231773 0.1773321 -0.9512045 0.2525141 0.14587 -0.948224 0.2821227 0.3087138 -0.9141507 0.2627248 0.2643231 -0.9169015 0.2990401 0.2342529 -0.9053862 0.3541206 0.2233926 -0.8953321 0.385326 0.3200831 -0.9018817 0.290097 0.2682139 -0.9411792 0.2055314 0.2895948 -0.925664 0.2434768 0.326545 -0.8970853 0.2976686 0.2624812 -0.9453214 0.1935746 0.1789633 -0.9207137 0.3467828 0.1548258 -0.932376 0.3266559 0.1162999 -0.9468816 0.2998161 0.2082476 -0.9014325 0.3795425 0.2988573 -0.1136248 0.9475092 0.4533653 0.01193213 0.8912451 -0.5216042 0.2342565 0.8203981 -0.8155496 -0.5205157 0.2528684 -0.7732047 0.5642557 -0.2894309 0 -1 1.82405e-6 0 -1 1.26117e-6 0 -1 1.10839e-6 0 -1 -1.32368e-6 0 -1 -1.00591e-6 0 -1 1.28028e-6 0.1141788 -0.2494436 -0.9616347 -0.08228367 0.02335566 -0.9963353 0.8381834 0.20942 -0.503579 0.9606584 -0.09457767 0.2611334 0.9795949 -0.008717894 0.2007932 0.9914783 0 0.1302725 0.9914782 2.37471e-7 0.1302729 0.9914786 1.00744e-6 0.1302705 0.8464762 -0.03261488 -0.5314269 0.9484312 0.05015379 -0.3129904 0.9990648 -0.005484402 -0.04288756 0.6175866 3.6414e-7 -0.786503 0.6175875 9.09494e-7 -0.7865022 0.6175875 0 -0.7865022 -0.7927124 0.0187636 0.6093071 -0.7740352 -0.005591511 0.6331179 -0.9968961 0.005591452 0.07853007 -0.9939035 -0.01876449 0.1086447 0 1 0 0 1 -2.48841e-7 0 1 3.83604e-7 0 1 -4.42706e-7 0 1 7.42129e-7 0 1 -1.03619e-6 0 1 1.32818e-7 0 -1 -8.72858e-7 0 -1 -3.93456e-6 0 -1 1.97009e-6 0 -1 2.79049e-6 0.2747454 -0.9522742 -0.1329994 0.2733866 -0.9543464 -0.1203444 0.2879668 -0.9523114 -0.1008864 0.2737053 -0.9519169 -0.1376221 0.3206889 -0.9411378 -0.1068566 0.3716217 -0.9131541 -0.167472 0.3563877 -0.908232 -0.2193231 0.3965217 -0.9092 -0.1269885 0.4137955 -0.9036218 -0.1106397 0.3876001 -0.9209969 -0.03912937 0.43514 -0.8954528 -0.09390276 0.3760019 -0.9265006 0.0148099 0.3221178 -0.9253462 -0.1999368 0.314277 -0.9284196 -0.1981591 0.3704903 -0.9025155 -0.2195516 0.266807 -0.944256 -0.1928592 0.3788783 -0.9250817 -0.0259844 0.3796812 -0.9248028 -0.02412486 0.4188584 -0.1308906 0.8985686 -0.04453122 0.3778747 0.9247853 -0.6533675 -0.3175916 0.687202 -0.821329 0.1906669 0.5376474 -0.9438976 0.133904 -0.3018727 -0.9654918 -0.003457129 -0.2604107 0 -1 4.25679e-6 0 -1 -2.10141e-7 0 -1 -6.3023e-7 0 -1 1.10248e-6 0 -1 -7.34491e-7 0 -1 -2.12838e-6 -0.1449567 0.03148829 -0.9889369 -0.1735007 -0.006942868 -0.9848093 0.8891592 0.1469367 -0.4333653 0.7621238 -0.6409658 -0.09126985 0.9303249 0.2238422 0.2905001 -0.9889539 0.04444772 -0.1414029 -0.9991592 -6.39513e-4 0.04099565 -0.8998316 -0.03845477 -0.4345394 -0.7255502 0 -0.6881693 -0.7255499 2.37471e-7 -0.6881696 -0.7255521 1.41042e-6 -0.6881673 -0.9619328 2.4276e-7 0.2732865 -0.9619321 -4.67233e-7 0.2732887 -0.961933 0 0.2732856 0.9935624 -0.01493406 -0.1122982 0.9981257 0.0265128 -0.05515778 0.8907936 0.0102232 0.4542933 0.8777326 -0.01652091 0.4788661 0 1 -1.8873e-7 0 1 2.44693e-7 0 1 0 0 1 1.89657e-7 0 1 -2.23963e-7 0 1 4.98703e-7 0 1 -4.69217e-7 0 -1 3.00908e-6 0 -1 2.60254e-7 0 -1 -5.63923e-7 -0.3030844 -0.9514321 -0.05400985 -0.3003581 -0.9515302 -0.06614726 -0.2887171 -0.9536545 -0.08476799 -0.2912555 -0.951194 -0.1019819 -0.2862156 -0.9486105 -0.1349776 -0.3969091 -0.9131653 -0.09269613 -0.3923847 -0.913236 -0.1097013 -0.4221653 -0.9059303 -0.03266149 -0.3933304 -0.9111723 -0.1227033 -0.3873559 -0.9033038 -0.1843852 -0.4091243 -0.8944787 -0.180347 -0.3503721 -0.9365094 -0.01377004 -0.3778483 -0.9255247 -0.02519351 -0.4351242 -0.8993266 -0.04334414 -0.3402904 -0.940284 -0.008268594 -0.3897146 -0.9024729 -0.183481 -0.2710614 -0.9466368 -0.1743691 -0.3276271 -0.9287007 -0.173711 -0.3147503 -0.933268 -0.1730411 0.06847268 0.1051698 0.9920942 0.1179646 -0.155397 0.9807835 -0.8191877 0.2346457 0.5233287 -0.9828715 -0.1803939 -0.03770345 -0.9523304 0.007758677 -0.3049699 0 -1 2.35279e-6 0 -1 -6.68857e-7 0 -1 -5.04434e-6 0 -1 9.65296e-7 0 -1 1.29301e-6 0.7505778 -0.005040049 0.660763 0.7538803 0.005034327 0.6569925 -0.8240342 0 -0.5665401 -0.7825282 0.3432126 -0.5194754 -0.884199 0.393912 -0.2510491 -0.8764092 -0.3938912 -0.2770501 -0.9998104 0 0.01947432 -0.9392545 -0.3432084 0.003023087 -0.4162287 -0.02297306 -0.9089697 -0.2839748 0.1206663 -0.9512087 0.707907 0.002629458 -0.7063008 0.8371899 0.5356675 -0.1103336 0.8939884 -0.3236188 0.3099286 0.8987399 -0.05376529 0.4351735 0.9061802 0.176525 0.3842871 0.7142446 -0.5512251 -0.4312836 0.8936817 -0.03803652 -0.4470864 -0.08469611 0.7262852 -0.6821557 -0.2606795 -0.4146826 -0.8718284 0.4020651 0.5604754 0.7240241 -0.7819134 0.3802525 -0.4939833 -0.635203 0.6993006 -0.3278659 -0.3983266 0.9008935 0.1724151 0.3238948 0.9373303 0.1284686 -0.9881343 0.07334482 -0.134949 -0.8868837 0.4594127 0.04875993 -0.4494404 0.8926372 0.03467208 -0.2700206 0.9620493 -0.0393716 -0.771624 0.5166491 0.3710393 -0.3872599 0.9164826 0.1004469 -0.7445043 0.131123 0.6546145 -0.5498582 0.4624961 0.6955238 -0.2403058 0.9528409 0.1853309 -0.3949887 0.8932307 0.2147624 -0.3340345 -4.93698e-4 0.9425608 -0.2033827 0.6516857 0.7307129 0.05599564 0.9915783 -0.1167782 -0.1754552 0.9293162 0.3249413 -0.08131957 0.4013708 0.9122986 0.1132662 0.2281932 0.967005 0.117828 0.8255078 0.5519542 -0.01396101 0.9967051 -0.07990115 0.01976662 0.9381929 0.3455479 0.4566166 0.3858924 0.8016161 0.4690383 0.5721836 0.6727622 0.1658389 0.9303359 0.3270668 0.1832278 0.948972 0.2566706 0.2472084 0.9303539 0.2707943 -0.4447238 -0.006862401 -0.8956415 -0.5308101 4.95162e-4 -0.8474907 0.3628166 0.014458 -0.9317485 0.5507818 -0.009651184 -0.8345936 0.9980492 -0.00274688 0.06237208 0.9926589 0.005539894 0.1208204 -0.4536845 0.003362417 -0.8911561 -0.3936275 -0.01174283 -0.919195 0.494642 0.00946927 -0.8690453 0.5614588 -0.008437395 -0.8274617 0.9642207 0.007637739 -0.264991 0.9879531 -0.008479475 -0.1545213 0.941138 0.008444905 0.3379172 0.9095562 -0.003457486 0.4155666 0.4140549 -0.8679157 0.2743739 0.4121515 -0.8858334 0.2131441 0.4065781 -0.8998237 0.1581498 0.237914 -0.9340662 0.2663032 0.192978 -0.9305616 -0.3111507 0.6463969 -0.6524502 -0.3955753 0.7045671 -0.3684179 -0.6065093 -0.2115456 -0.9730511 0.09176218 -0.1175348 -0.9911882 0.06108748 0.4914716 -0.8470591 -0.202353 0.5675342 -0.7795607 -0.2649343 0.8858485 -0.2773618 -0.3719449 0.8393098 -0.4528273 -0.3008431 0.4982472 -0.8664606 -0.03155785 0.5613424 -0.8236874 -0.0802111 0.9712057 0.2142595 0.104176 -0.07324153 -0.9970967 -0.02083367 -0.1781262 -0.9821272 -0.06080681 0.4806873 -0.8677867 0.1260398 0.8177459 -0.4720713 0.3293032 0.3820406 -0.894211 0.2333063 0.2819733 -0.934952 0.2153041 0.7508199 -0.5492683 0.3668435 0.7907735 -0.2133866 0.5737103 -0.1062108 -0.9920802 -0.06705522 0.326787 -0.9223905 0.2059276 0.7525896 -0.5015752 0.4266515 0.232117 -0.9556364 0.1813306 0.7788799 -0.3256258 0.5360168 0.2243062 -0.9656319 0.1313078 0.5129012 -0.8322851 0.2103186 0.8409863 -0.1832792 0.5090686 0.2859435 -0.930899 0.2272962 0.2822746 -0.9361337 0.2097017 0.5942749 -0.7531403 0.2821653 0.8385134 -0.2442041 0.487093 0.67641 -0.3814609 0.6300454 0.3844372 0.03311967 0.9225569 0.2705879 -0.04229909 0.9617656 0.2181936 -0.9735313 0.06803208 0.4002638 -0.8581351 0.3215482 0.8586745 -0.4872812 0.1588556 0.8315165 -0.2087858 0.5147707 -0.5233745 -0.7456259 -0.4124575 -0.4371293 -0.7786528 -0.4501312 -0.5048598 -0.7243941 -0.4694358 -0.3176186 -0.728537 -0.6069203 -0.4322318 -0.7559657 -0.4916213 -0.3379877 -0.792659 -0.5074014 -0.3363344 -0.7479357 -0.5722513 0.461598 -0.7489354 0.475419 0.4113749 -0.7858615 0.4617276 0.406921 -0.7776689 0.4792144 0.4615904 -0.7536752 0.4678763 0.2793735 -0.775389 0.5663235 0.05970549 -0.7596467 0.6475896 0.02076166 -0.8235145 0.5669152 -0.3524114 -0.7840287 0.5109846 -0.3221295 -0.7167032 0.6185217 -0.3694638 -0.7503519 0.5481503 -0.5976371 -0.7565069 0.2655701 -0.5825365 -0.7931202 -0.1777968 -0.5773736 -0.7979857 -0.1727972 -0.6343017 -0.7338371 -0.2431961 -0.549575 -0.7494668 -0.3691434 -0.5499119 -0.7492618 -0.3690578 0.4040671 -0.737876 0.540619 0.4289764 -0.7525721 0.4996144 0.3803147 -0.717724 0.583295 0.2859029 -0.7729354 0.566419 0.1436356 -0.7215599 0.6772888 0.2025859 -0.7076924 0.6768534 -0.05017745 -0.7647699 0.6423468 -0.09977543 -0.74681 0.6575102 -0.092965 -0.6917473 0.7161307 -0.2968362 -0.8066834 0.5110285 -0.1259476 -0.766265 0.6300598 -0.2985733 -0.7371339 0.6062077 -0.3795087 -0.7519138 0.5390722 -0.3897593 -0.8019237 0.4527761 -0.4671547 -0.739022 0.4853999 -0.4912879 -0.7246139 0.4832919 -0.5335207 -0.7831524 0.3194187 -0.5606918 -0.7313832 0.3882052 -0.5751191 -0.7207194 0.387042 -0.5243301 -0.8392649 0.1439179 -0.6755198 -0.727283 0.1213773 -0.6695694 -0.7280634 0.1469715 -0.6703044 -0.7329315 0.1162049 -0.660458 -0.7439618 -0.1015686 -0.6757891 -0.7355236 -0.04810601 -0.6571455 -0.7381199 -0.1527708 -0.6489392 -0.7575734 -0.07043129 -0.6693698 -0.7075744 -0.2264564 -0.6172831 -0.7440938 -0.2555115 0.6671866 0.008493959 0.7448422 0.5138344 -0.05753606 0.8559579 0.2943699 0.03761291 0.9549511 0.631317 -0.006831705 0.7754948 0.5444743 0.04080277 0.8377847 0.1271824 -0.05127793 0.990553 -0.1279549 0.04782295 0.9906263 -0.411197 -0.03922384 0.9107023 -0.6767492 0.05663299 0.7340322 -0.8207015 -0.03066676 0.5705335 0.3434386 -0.002581238 0.9391716 0.3573933 0.001513004 0.9339528 0.6851912 0.1236975 0.7177827 0.5836454 -0.2050995 0.7856795 0.3166225 -0.1236628 0.9404561 0.4169154 0.2025207 0.8860965 -0.6985474 0.01289904 -0.7154476 -0.7541579 0.003905773 -0.6566816 -0.6723634 0.01084876 -0.7401418 -0.5938984 -0.03739237 -0.8036707 -0.5144512 0.004141271 -0.8575098 -0.2559603 -0.006415665 -0.9666661 -0.9946271 -0.008031666 0.1032114 -0.2089653 0.01780253 -0.977761 0.06389415 -0.01156568 -0.9978896 0.1947408 0.02360641 -0.9805707 0.3585908 -0.0330168 -0.9329108 0.3024305 -0.003371179 -0.9531656 0.4802536 0.01282882 -0.8770359 0.6110131 -0.0402714 -0.7905956 0.6705299 0.002835094 -0.7418772 0.4741986 -0.03033089 -0.8798953 0.8623262 0.01866847 -0.5060091 0.8967732 -0.01822465 -0.4421151 0.9921687 0.01799464 -0.1236017 0.997205 -0.00670278 -0.07441377 0.134279 -0.005539298 0.9909282 0.9821826 0.00674808 0.1878082 0.9635639 -0.02933228 0.2658652 0.8353907 -0.009804844 0.5495691 0.9089171 0.01215404 0.4168 0.835738 0 0.5491286 0.8313981 -0.006699919 0.555637 0.6909514 0 0.7229012 0.6746587 -0.007257521 0.7380942 0.4072513 0.001377463 0.9133152 0.4228234 0.01057487 0.9061504 0.3106451 -0.004303216 0.9505164 0.07866173 -0.02567821 0.9965707 0.002967894 0.02839463 0.9995924 -0.1838574 -0.001816689 0.9829514 -0.1971918 -0.004963636 0.9803524 -0.2354493 -0.01568192 0.9717601 -0.2191666 -0.0206601 0.9754688 -0.1896111 -0.02778768 0.9814661 -0.452426 0.01806551 0.891619 -0.441792 0.01187211 0.8970391 -0.6870988 -0.007949888 0.7265205 -0.7482352 0.01988887 0.6631354 -0.8437688 -0.01335251 0.5365408 -0.8652359 -0.02688473 0.5006438 -0.8452587 -0.0143243 0.5341654 -0.8776476 -4.06154e-4 0.4793063 -0.8774731 -4.68293e-4 0.4796255 -0.9466456 0.02275729 0.3214721 -0.9676929 -0.02351218 0.2510333 -0.9962691 0.001510083 -0.08628886 -0.9988389 -0.006143629 0.04778277 -0.994461 0.01137715 -0.1044891 -0.8941105 -0.01136535 -0.4477024 -0.8795726 0.006497085 -0.4757204 -0.3104735 0.1354102 -0.9408881 -0.1920608 -0.2214025 -0.9560825 -0.02118986 0.1583502 -0.9871556 0.1964083 -0.2049682 -0.9588597 0.2889116 0.08473759 -0.9535983 0.798613 0 -0.6018449 0.807699 -0.04764658 -0.5876668 0.9510844 -0.05586183 -0.303839 0.9413615 0.0558657 -0.3327425 0.999995 0 -0.003166854 0.9986648 0.04764914 -0.01995533 0.8325108 -0.04569268 0.5521215 0.8106846 0.04569369 0.5836975 0.8922846 -6.54981e-4 0.4514728 0.8983429 0.001151204 0.4392938 -0.3342577 0 0.9424817 -0.3488019 -0.04217815 0.9362469 -0.6104663 -0.04944694 0.7904973 -0.5875204 0.04944896 0.8076972 -0.8108803 0 0.5852122 -0.800815 0.04218077 0.5974246 0.7253054 -0.4487953 -0.5220296 0.8581686 -0.1985476 -0.4734193 -0.6809468 -0.2194826 -0.6986694 -0.6892317 -0.195326 -0.6977159 -1.43948e-5 1 3.85555e-5 1.26073e-6 1 1.49842e-7 7.64384e-6 1 -1.44095e-5 0 1 0 0 1 0 3.6361e-7 1 -2.8654e-6 6.88713e-7 1 0 0 1 1.51675e-7 0 1 -1.32679e-7 1.30064e-6 1 2.63118e-6 6.40221e-7 1 -2.37653e-7 0 1 0 0 1 0 0 1 0 0 1 -2.43291e-7 0 1 2.55258e-7 0 1 0 0 1 0 0 1 0 0 1 0 0 1 0 0 1 0 0 1 0 0 1 0 0 1 0 0 1 0 0 1 5.20864e-7 0 1 -7.21928e-7 0 1 0 0 1 4.10759e-7 0 1 0 0 1 1.87938e-7 0 1 -2.60538e-7 0 1 0 0 1 0 0 1 0 0 1 0 0 1 0 0 1 0 0 1 0 0 1 0 0 1 0 0 1 0 0 1 0 0 1 0 0 1 0 0 1 0 0 1 0 0 1 0 7.55527e-6 1 -1.36081e-5 -3.35914e-6 1 2.64339e-5 0 1 0 0 1 0 -0.01270645 0.1461055 0.9891874 -0.2075782 0.7101717 0.6727313 -0.08799207 0.7933105 0.6024249 -0.03357857 0.09813988 0.9946061 -0.04614043 -1.14075e-4 0.998935 0.03514629 0.9253936 -0.3773745 0.04630547 0.845409 0.5321086 -0.05480009 0.7367049 0.6739903 0.05054146 0.3554575 0.933325 0.01766026 0.9942572 0.1055511 0.1874401 0.5861332 0.7882348 0.1191148 0.2615141 0.9578216 -1.93824e-6 -1 0 -2.12005e-6 -1 0 0 -1 -1.44334e-7 0 -1 3.37513e-7 0 -1 1.12997e-6 0 -1 -2.26552e-6 0 -1 -5.81509e-7 0 -1 1.14705e-6 0 -1 4.59817e-7 0 -1 4.42613e-7 0 -1 -2.86353e-7 0 -1 2.88248e-7 0 -1 -1.98553e-7 2.33383e-6 -1 4.30152e-6 0 -1 -2.73642e-7 0 -1 -4.21613e-7 0 -1 -1.44807e-6 0 -1 -1.698e-6 0 -1 9.42454e-7 0 -1 1.25235e-6 0 -1 -7.43058e-7 0 -1 -6.91638e-7 0 -1 -5.55706e-7 0 -1 1.26868e-6 0 -1 -1.39436e-6 0 -1 -2.69153e-7 0 -1 2.78423e-7 0 -1 -6.7131e-7 0 -1 -5.75594e-7 0 -1 7.71159e-7 0 -1 -7.12263e-7 0 -1 -2.69404e-7 0 -1 2.96035e-7 0 -1 2.52831e-6 0 -1 -1.63589e-6 0 -1 -4.81518e-7 0 -1 7.12264e-7 0 -1 3.0043e-7 0 -1 1.48112e-6 0 -1 1.15631e-6 0 -1 -4.50766e-7 0 -1 -4.2577e-7 0 -1 6.3434e-7 0 -1 1.3016e-7 0 -1 1.94321e-7 0 -1 5.7927e-7 0 -1 -7.57617e-7 0 -1 0 0 -1 1.07897e-6 0 -1 2.5699e-7 0 -1 -5.21288e-7 0 -1 1.0779e-6 0 -1 -8.47007e-7 0 -1 -7.0273e-7 0 -1 2.60898e-7 0 -1 1.11492e-6 0 -1 -1.4363e-6 0 -1 6.1459e-7 -2.24629e-6 -1 -1.39248e-6 -1.64356e-6 -1 -2.22978e-6 0 -1 -1.39504e-6 0 -1 1.72584e-6 4.02875e-4 -0.9999999 -2.48718e-4 -2.84378e-4 -1 1.34489e-4 0 -1 7.43384e-7 5.14306e-6 -1 -2.66118e-6 0 -1 -1.68907e-6 -2.46918e-4 -1 1.37663e-4 1.59269e-5 -1 6.93435e-5 -3.21544e-6 -1 -2.79067e-5 -1.99188e-6 -1 -7.93014e-6 0 -1 2.43507e-6 6.87968e-6 -1 4.0306e-5 1.27061e-4 -1 1.04033e-5 -5.35892e-6 -1 4.78122e-6 -6.24445e-5 -1 -1.26024e-5 0 -1 -1.68386e-7 0 -1 0 0 -1 0 0 -1 -1.76876e-6 0 -1 1.34708e-6 0 -1 -1.32169e-6 0 -1 4.87012e-6 0 -1 5.3739e-6 0 -1 8.84385e-7 0 -1 3.36771e-7 -2.42328e-6 -1 4.15443e-6 1.99177e-5 -1 7.15332e-6 0 -1 -1.01423e-6 -0.3335391 -0.02943694 -0.9422767 -0.1616579 0.06046247 -0.984993 0.2139825 -0.04470622 -0.9758141 0.3812586 0.02624201 -0.924096 0.7166484 -0.02534031 -0.6969742 0.7531341 0.007116675 -0.6578286 0.9939995 -0.005173027 -0.1092623 0.9919462 0.007054507 -0.1264639 -0.5004522 0 -0.8657642 -0.5004516 0 -0.8657645 -0.5004518 0 -0.8657644 -0.5004496 0 -0.8657657 -0.5004514 0 -0.8657647 -0.5004518 -3.46736e-7 -0.8657645 0.9848982 0 0.1731348 0.9848983 1.84257e-7 0.1731346 0.9848979 0 0.1731361 0.9848984 0 0.1731336 0.9848985 0 0.1731332 0.9848982 -6.14188e-7 0.1731345 -0.9758512 -4.24538e-5 0.2184364 -0.9997999 -0.01283067 0.01534765 -0.9988768 5.69561e-4 0.04738181 -0.8240123 -0.01675486 -0.5663241 -0.8517969 0.01688355 -0.5236002 -0.2679631 -0.01660084 -0.9632862 -0.316221 0.0167306 -0.9485381 0.3205669 0 -0.947226 0.2920309 0.01258796 -0.9563261 -0.9779624 -4.69022e-5 0.208781 -0.9780387 -1.11093e-6 0.2084238 -0.978039 -1.3229e-6 0.2084224 -0.978039 0 0.2084221 -0.9780394 0 0.2084201 -0.9780391 5.30219e-7 0.2084218 -0.978039 6.93472e-7 0.208422 0.4690107 -3.72875e-5 -0.8831925 0.4690119 7.47628e-7 -0.883192 0.4690115 1.08141e-6 -0.8831921 0.4690105 0 -0.8831927 0.4690104 0 -0.8831927 0.4690099 0 -0.8831929 0.469011 -3.38141e-7 -0.8831924 -0.09127724 -5.14265e-5 0.9958255 -0.2943586 -0.01283109 0.9556089 -0.263606 5.69567e-4 0.9646303 -0.7932408 -0.01675534 0.6086775 -0.7611929 0.01688414 0.6483057 -0.9989448 -0.01660043 -0.04282373 -0.999831 0.01673066 0.007629334 -0.8018046 0 -0.5975864 -0.8192782 0.01258856 -0.5732581 -0.1040078 0 0.9945765 -0.1040095 -6.24124e-7 0.9945763 -0.1040078 0 0.9945766 -0.1040103 0 0.9945762 -0.1040104 0 0.9945763 -0.1040096 1.73368e-6 0.9945763 -0.6950342 -3.14613e-5 -0.7189768 -0.6950331 9.96838e-7 -0.7189778 -0.6950329 7.49142e-7 -0.7189779 -0.6950352 0 -0.7189758 -0.6950339 0 -0.718977 -0.6950345 0 -0.7189764 -0.6950339 -1.35257e-6 -0.718977 0.8592379 -0.006606698 0.5115339 0.8330763 0.007844746 0.5531026 0.8711733 -0.006705999 0.4909301 0.913758 0 0.4062589 0.9137576 -2.4965e-7 0.4062599 0.913758 0 0.406259 0.9137569 0 0.4062613 0.9137575 0 0.4062601 0.9137576 3.46736e-7 0.4062598 -0.8985652 -6.24856e-5 0.43884 -0.8985662 7.47628e-7 0.4388381 -0.8985657 1.77276e-6 0.4388392 -0.8985647 0 0.4388411 -0.8985651 0 0.4388404 -0.8985651 0 0.4388405 -0.8985653 -6.76282e-7 0.43884 0.6595049 -5.04527e-5 -0.7517003 0.7978208 -0.01237148 -0.6027678 0.7785228 5.59306e-4 -0.6276161 0.9990648 -0.01608073 -0.04014039 0.9958204 0.01626455 -0.0898748 0.8539825 0 0.5203019 0.8688936 0.01218134 0.4948491 0.668742 0 -0.7434946 0.668743 -2.4965e-7 -0.7434937 0.6687423 0 -0.7434943 0.6687431 0 -0.7434936 0.6687426 0 -0.7434941 0.6687428 3.46735e-7 -0.7434938 0.1396896 -5.03459e-5 0.9901954 0.139688 7.47629e-7 0.9901956 0.1396886 1.17118e-6 0.9901955 0.1396901 0 0.9901953 0.1396898 0 0.9901954 0.1396901 0 0.9901953 0.1396894 -3.38141e-7 0.9901954 -0.9969343 0 -0.07824355 -0.996934 1.21728e-5 -0.07824802 -0.9969344 1.84157e-5 -0.07824343 0.9969343 0 0.07824343 0.9969343 0 0.07824367 0.9969342 0 0.07824367 0.9969344 -5.38515e-7 0.07824361 -0.2336553 0 -0.9723195 -0.2336552 0 -0.9723195 -0.2336573 2.59813e-6 -0.9723191 -0.2336548 -1.79665e-6 -0.9723197 0.2336538 0 0.9723199 0.2336555 0 0.9723195 0.2336555 0 0.9723194 0.2336557 3.86627e-7 0.9723195 0 -1 0 -0.3824838 0 0.9239622 -0.3824837 0 0.9239622 -0.3824855 -1.03926e-5 0.9239616 -0.3824849 -7.18664e-6 0.9239618 0.3824809 0 -0.9239635 0.382484 0 -0.9239622 0.382484 0 -0.9239621 0.3824836 1.5465e-6 -0.9239623 0 -1 -1.33976e-7 0.7605463 0 0.6492837 0.7605462 0 0.6492838 0.7605485 5.19625e-6 0.6492813 0.7605469 -3.59331e-6 0.6492831 -0.7605449 0 -0.6492854 -0.7605463 0 -0.6492839 -0.7605461 -8.56101e-7 -0.649284 -0.7605464 1.08116e-6 -0.6492837 0 -1 1.50052e-7 0.8525272 2.74003e-7 -0.522683 0.8525272 0 -0.5226831 0.8525292 -6.92837e-6 -0.5226798 0.852527 -3.59331e-6 -0.5226832 -0.8525244 0 0.5226874 -0.8525273 0 0.5226828 -0.8525274 8.10869e-7 0.5226827 -0.852527 3.81103e-6 0.5226833 0 -1 -1.20041e-7 -0.9906327 0.1354506 0.01732933 -0.9684817 -0.2241889 -0.108547 -0.8584632 -0.217266 -0.4645822 -0.9469503 0.1557891 -0.2810958 -0.8130433 0.1353899 -0.5662422 0.2895675 -0.7928 -0.5363013 0.18868 -0.7043454 -0.6843227 0.6677144 -0.7144652 -0.2090385 0.5372486 -0.8138747 -0.221296 0.5850043 -0.7840428 -0.2074777 0.6222555 -0.739475 -0.2568559 0.6108666 -0.7848668 0.104049 0.5535874 -0.7361333 0.3894212 0.5522732 -0.7289692 0.4044728 0.6354596 -0.7585763 0.1440598 0.3172155 -0.7749187 -0.5466951 0.4523932 -0.7557063 -0.473549 0.462772 -0.7327014 -0.4989898 0.5714808 -0.709203 -0.4128448 0.4522541 -0.7558066 -0.4735217 0.589357 -0.7561708 -0.2843664 0.6817841 -0.7089686 -0.1803718 0.6510221 -0.7504057 -0.1142872 0.7023885 -0.6794784 -0.2120367 0.6471716 -0.7563102 -0.09572774 0.7022496 -0.7116615 0.01958137 0.7064881 -0.7076528 0.01010507 0.6092687 -0.7448804 0.2719279 0.5652153 -0.7936673 0.2249975 0.6140452 -0.7354201 0.2865413 0.6268078 -0.7242166 0.2874412 0.07824426 0 -0.9969342 0.07824438 1.88556e-6 -0.9969342 -0.07824617 0 0.9969341 0.9723197 0 -0.2336543 0.9723191 -5.24679e-6 -0.2336571 -0.9723198 0 0.2336544 -0.9723198 0 0.2336544 -0.9239615 0 -0.3824856 -0.923962 -1.74893e-6 -0.3824843 0.9239629 0 0.3824822 0.9239628 0 0.3824825 -0.6492842 0 0.760546 -0.6492847 1.74896e-6 0.7605456 0.6492832 0 -0.7605469 0.6492831 0 -0.7605469 0.5226829 0 0.8525272 0.522684 -6.12126e-6 0.8525266 -0.5226806 0 -0.8525286 -0.5226821 3.98451e-7 -0.8525277 0.6387239 -0.004893958 0.7694206 0.6624787 0.004893839 0.7490648 -0.5343846 -0.004894316 0.8452273 -0.5076838 0.004893958 0.8615297 0 -1 6.9927e-7 -0.9689922 -0.004893362 -0.2470428 -0.9762455 0.004894614 -0.2166125 0.9291388 -0.004894435 -0.3696989 0.9171191 0.004894196 -0.3985835 0 -1 8.99252e-7 0 -1 4.80752e-7 -0.06448429 -0.004894435 -0.9979068 -0.09567034 0.004894375 -0.995401 0 -1 2.13571e-6 0 -1 1.22275e-6 0 -1 2.78624e-7 0 -1 -4.74889e-7 0 -1 -1.67837e-7 0 -1 -2.77447e-7 0 -1 2.18493e-7 0 -1 -5.28205e-7 0 -1 4.91354e-7 0 -1 7.07465e-7 0 -1 1.75701e-7 0 -1 -1.19153e-6 0 -1 -5.17428e-7 0 -1 0 0 -1 2.0971e-6 0 -1 -1.41322e-6 0 -1 8.98782e-7 0 -1 -3.51403e-7 0 -1 1.88159e-7 0 -1 -3.53044e-7 0 -1 -2.99584e-7 0 -1 2.4159e-7 -0.4803622 0.2455255 -0.8420032 -0.4663722 0.4270476 -0.7746789 -0.1636535 0.9459438 -0.2800141 -0.2023833 0.9054611 -0.37307 0.9405515 0.3292087 0.08357322 0.8089202 0.5847468 -0.060988 0.8895766 0.3908325 -0.2364389 0.7480559 0.5642616 -0.3493157 0.7508546 0.3957273 -0.5287885 0.6694099 0.4915727 -0.5569979 0.4608948 0.6076605 -0.6467803 0.4900101 0.3535084 -0.7968199 0.2833513 0.7231222 -0.6299257 0.2008506 0.612474 -0.7645487 0.2850015 0.3986097 -0.8717136 -0.07142114 0.4876493 -0.8701134 -0.06849777 0.4938714 -0.8668329 -0.351677 0.4772298 -0.8053416 -0.3351208 0.4259819 -0.840377 -0.1792628 -0.9277391 -0.3273609 -0.3721079 -0.7324412 -0.5701453 -0.4491797 -0.2852327 -0.8466876 -0.189943 -0.6974536 -0.6909994 -0.3438799 -0.4171148 -0.8412859 0.0462374 -0.9839749 0.1722084 0.05728828 -0.9697283 0.2373714 -0.1902278 -0.698301 -0.6900646 0.02004241 -0.8912547 -0.4530601 -0.1420636 0.01094996 -0.989797 0.03150612 -0.8873128 -0.4600906 0.05730926 -0.4510744 -0.8906445 0.08237868 -0.926979 -0.365956 0.1060225 -0.9139966 -0.3916243 0.2656081 -0.1715614 -0.9486933 0.3742971 -0.4758277 -0.7959208 0.2371175 -0.8841658 -0.402525 0.05213212 -0.7459354 -0.663975 0.09430575 -0.9775735 -0.1882992 0.6162785 -0.5966982 -0.5139573 0.6763985 -0.2130696 -0.7050436 -0.136209 -0.9844386 0.1110303 0.3519666 -0.8871632 -0.298431 -0.1127985 -0.9931561 0.03028798 0.7846942 -0.5168568 -0.3422194 -0.1262286 -0.9913759 0.03521561 0.4500827 -0.8822432 -0.1381034 0.5245841 -0.8398369 -0.1395904 0.949456 -0.1441454 -0.2788465 0.3847567 -0.9192363 0.0834701 0.7253445 -0.6836442 -0.08066028 0.9061313 -0.4197996 0.05190938 0.9037417 0.3861593 0.1847486 0.6729339 0.7361689 0.07221806 -0.3880606 0.8832945 -0.2630591 0.3352633 0.9398713 0.06511896 -0.2840871 -0.6930665 0.6625355 -0.1548309 -0.8497243 0.5039803 -0.2937557 -0.4393073 0.8489504 -0.1781854 -0.9172191 0.3563135 -0.2607289 -0.8590421 0.4405305 -0.4467058 -0.0633077 0.8924383 -0.2510941 -0.9148107 0.3163436 -0.219237 -0.9307401 0.292674 -0.570693 -0.2946764 0.7664694 -0.528339 -0.4014371 0.7481351 -0.6982903 -0.3173847 0.6416056 -0.2808328 -0.93027 0.2360735 -0.2061939 -0.9600862 0.1889941 -0.5938051 -0.5273142 0.6077296 -0.1983462 -0.9720649 0.1254939 -0.1970629 -0.9723993 0.1249237 -0.6282234 -0.652266 0.4241279 -0.7168978 -0.5278512 0.4554456 -0.7950612 -0.2156584 0.5668942 0.2441709 -0.9681137 0.056005 0.679677 -0.7307552 0.06353032 0.9014039 -0.3927657 0.1822257 -0.1356274 0.3703671 0.9189307 0.2559766 0.9276729 0.2718437 0.1473315 0.9022913 0.4051713 0.2862364 0.8793528 0.3805359 0.02154469 -0.03382164 0.9991957 0.1515223 0.1020486 0.983172 0.7207239 0.3132412 0.6184149 0.01077854 0.2404106 0.9706115 -0.03183603 0.2217687 0.9745795 0.01224297 0.2009508 0.9795249 0.9432056 0.311715 0.1148783 0.466941 0.4867805 0.7382486 0.1896922 -0.9522579 0.2392106 0.272192 -0.9360746 0.2228808 -0.03657436 -0.9877395 -0.1517668 -0.06962013 -0.9650916 -0.2524905 0.4302909 -0.4521538 0.7812854 0.08540832 -0.8310078 0.5496649 0.5079611 -0.3939278 0.7660264 0.3129352 -0.6295095 0.7111887 -0.1616497 -0.3502056 0.9226188 0.8922859 -0.001451671 0.4514688 0.8983377 0.00255829 0.4392983 -0.5684078 -0.8156377 0.1079255 -0.7414541 -0.6435641 0.1899241 -0.9361271 -0.2937511 0.1933296 0.5434515 -0.8392739 0.01673054 -0.3853265 -0.9207953 0.06049436 -0.8519341 -0.5173473 -0.08099472 -0.7462528 -0.6639857 0.0472213 -0.407897 -0.9081147 -0.09459215 -0.7986149 -0.579955 -0.1608304 -0.3028876 -0.9441983 -0.1294168 -0.8880438 -0.2945173 -0.3530406 0.1162078 -0.9910792 0.06525278 -0.3600721 -0.913769 -0.1880809 -0.5859522 -0.633038 -0.5058882 -0.7699972 -0.331232 -0.5453345 -0.2229414 -0.951107 -0.2137587 -0.3616337 -0.8935067 -0.2662083 0.2086212 -0.9320451 0.2962585 -0.229173 -0.885434 -0.4043347 -0.2604779 -0.8653383 -0.4281834 -0.4623686 -0.3047564 -0.8326697 -0.4544255 -0.2083983 -0.8660644 0.05394321 -0.9373812 0.3441027 -0.06023752 -0.9825533 -0.1759561 -0.0437169 -0.7432412 -0.6675938 -0.1221201 -0.4134081 -0.9023196 -0.1021943 -0.2799016 -0.954574 0.002912998 -0.955446 -0.2951518 0.3738014 -0.3672922 -0.851686 0.1014079 -0.9939051 -0.04323601 0.06364274 -0.9589554 -0.2763227 0.1508806 -0.6357181 -0.7570322 0.1694033 -0.6868261 -0.7068043 0.3502517 -0.3313689 -0.8760814 0.2076324 -0.9627976 0.1729445 0.454716 -0.6934003 0.558954 0.641005 -0.4443748 0.6258145 0.1012731 -0.9742786 0.2013087 0.5213479 -0.4284629 0.737981 0.4949061 -0.6392354 0.5885967 0.3063269 -0.6755992 0.6706188 0.3077585 -0.6828255 0.6625965 0.1497004 -0.847683 0.5089434 0.1276474 -0.7363794 0.6644182 0.2972685 -0.2648181 0.9173347 0.2603023 -0.8154356 -0.5170179 0.4429975 -0.2937769 -0.8470233 0.3854323 -0.6437233 -0.6611068 -0.07300311 -0.8156384 0.5739378 -0.04849296 -0.6435664 0.7638525 -0.1054128 -0.293743 0.9500544 -0.01448225 -0.919143 0.3936579 -0.2851391 -0.682368 0.6731045 -0.2242522 -0.426185 0.8764002 -0.1025961 -0.9799236 0.1709501 -0.02494835 -0.9944931 0.1017898 -0.3094755 -0.8293603 0.4651737 -0.4225538 -0.195227 0.885062 -0.1601109 -0.9697259 0.1843811 -0.5449837 -0.6818447 0.4879352 -0.6127752 -0.4589164 0.6433525 -0.15465 -0.9834665 0.09421914 -0.3234397 -0.8755771 0.3588196 -0.4165145 -0.8823006 0.219229 -0.3868638 -0.9082144 0.1596343 -0.9005147 -0.2796014 0.3330115 -0.8868946 -0.3398017 0.3129743 0.297087 -0.9522976 -0.06977641 -0.5131669 -0.8476631 0.1346369 -0.4341582 -0.9003877 -0.02843636 -0.3704095 -0.9288591 0.004204511 -0.9618058 -0.2736678 0.005978941 -0.9316935 -0.3625276 -0.02282828 0.2291936 -0.9717008 0.05716621 -0.4471099 -0.883881 -0.1372846 -0.407701 -0.9021198 -0.1412799 -0.8706352 -0.3576929 -0.3377133 -0.8701035 -0.3598887 -0.3367493 0.2135059 -0.963415 0.1620087 -0.3489956 -0.9041604 -0.2463655 -0.4255383 -0.8282907 -0.3644884 -0.7159469 -0.3584257 -0.5991253 -0.7456696 -0.3017159 -0.5940913 0.4369235 -0.7864758 -0.4365246 0.3241889 -0.9274126 -0.1865677 0.7265027 -0.2318791 -0.6468585 0.7134935 -0.4096109 -0.5684593 0.3103094 -0.9303386 -0.1953929 0.2873238 -0.9425123 -0.1706334 0.8324565 -0.2583177 -0.4901919 0.8036916 -0.4165109 -0.4249689 0.3509345 -0.9243118 -0.1499757 0.2722462 -0.9586521 -0.08287537 0.8712554 -0.3278266 -0.3652997 0.3685997 -0.9261522 -0.07985174 0.7644231 -0.6025099 -0.2294322 0.3970921 -0.9165655 -0.04717743 0.3345555 -0.9403921 -0.06111788 0.8458243 -0.5254532 -0.0920878 0.948008 -0.2740668 -0.1617664 0.9292533 -0.3687593 0.02247083 0.3185061 -0.9472118 0.03666025 0.5732432 -0.8193724 -0.004626691 0.9576843 -0.2844858 0.04368752 -0.2653932 -0.9277379 -0.262429 -0.4466268 -0.7325937 -0.5136449 -0.6912022 -0.2820548 -0.6653455 0.5232899 -0.8156371 0.2467871 0.7114847 -0.6435632 0.2821629 0.8709858 -0.293727 0.393838 0.2791079 -0.9412013 0.1903656 0.4020196 -0.6844674 0.6081814 0.5684349 -0.4597356 0.6822938 -0.129401 -0.9697264 -0.2070899 0.2657546 -0.8469622 0.4604668 -0.02456647 -0.9839169 -0.1769296 0.111354 -0.9155757 0.3864216 0.2845091 0.03387433 0.9580748 0.1027727 -0.892885 0.4383996 0.009548544 -0.9879705 -0.154347 0.07841849 -0.6198942 0.7807572 -0.06623625 -0.8920872 0.4469825 -0.0831471 -0.9219894 0.3781827 -0.1656244 0.03936773 0.9854028 -0.134334 -0.9094775 0.3934528 -0.1986503 -0.9352024 0.293146 -0.4356078 -0.4443801 0.7827978 0.135145 -0.9663351 -0.2189349 -0.4437768 -0.4294982 0.7865071 -0.2637186 -0.9028487 0.3395833 0.2854606 -0.9378989 -0.1971242 -0.3980338 -0.8691899 0.2933907 -0.2775087 -0.9242094 0.2623469 -0.7241626 -0.426882 0.5416275 -0.7432256 -0.3117107 0.5919902 -0.1604474 -0.9137024 -0.3733692 -0.1130939 -0.9408837 -0.3192927 -0.3525656 -0.3281663 -0.8763586 -0.32288 -0.4020915 -0.8567795 -0.08609002 -0.9305192 -0.3559812 -0.08110749 -0.9342318 -0.3473218 -0.1692068 -0.3518733 -0.9206271 -0.1883986 -0.2774976 -0.9420728 -0.04081499 -0.8902451 -0.4536493 -0.009604215 -0.3682087 -0.9296936 0.02902817 -0.9052656 -0.4238534 0.00690329 -0.928999 -0.3700179 0.01283091 -0.2604691 -0.965397 0.1481414 -0.3835533 -0.9115597 0.09771907 -0.9037022 -0.4168614 0.07068657 -0.9256874 -0.3716266 0.1800317 -0.2819563 -0.9423848 0.3041663 -0.3712347 -0.8773071 0.1469664 -0.9292411 -0.3389866 0.1756846 -0.8234233 -0.5395453 0.342012 -0.2587311 -0.9033749 -0.5144755 -0.8154422 0.2652719 -0.8562637 -0.2937654 0.4248698 -0.700414 -0.6437183 0.308297 0.3328881 -0.88366 -0.3291362 0.4867086 -0.6427963 -0.5915468 0.6393277 -0.3159798 -0.7010114 0.2501083 -0.9036196 0.347732 0.5960085 -0.4017227 0.6952645 0.259114 -0.9008492 0.3483257 0.5940916 -0.1861845 0.7825539 0.2224476 -0.9592558 0.1741992 -8.01118e-5 -0.9999213 -0.0125451 0.1786637 -0.8660407 0.4669615 0.01202797 -0.9671157 0.2540526 0.2669924 -0.4262795 0.8642921 0.2473514 -0.3526521 0.902471 -0.4049782 -0.9135676 0.03724563 -0.2931696 -0.956006 -0.01019871 -0.935999 -0.3366067 0.1029664 -0.8451913 -0.5336586 0.0293318 -0.3072648 -0.9513145 -0.02427428 -0.2701913 -0.9623641 -0.02919268 -0.8727869 -0.4775667 -0.1008625 -0.8583125 -0.5021243 -0.1056931 -0.3524662 -0.9326914 -0.0765137 -0.2318468 -0.9690241 -0.08508539 -0.275732 -0.9548109 -0.1109416 -0.8003014 -0.5179717 -0.3020318 -0.9263685 -0.2275813 -0.3000803 -0.3344106 -0.9208016 -0.2007336 -0.7043036 -0.6041362 -0.3727946 -0.1507424 -0.9788794 -0.1381012 -0.416341 -0.858951 -0.2981 -0.7135463 -0.41903 -0.561485 -0.7693691 -0.2842604 -0.5720729 0.09330666 -0.8154351 0.5712789 0.1394757 -0.2937706 0.9456455 0.07676827 -0.6437215 0.7613996 -0.03242397 -0.8722128 0.4880508 -0.04296672 -0.8878433 0.4581356 -0.06381881 -0.3312135 0.9413952 -0.06954389 -0.3203857 0.944731 -0.3623856 -0.9316454 -0.02671575 -0.4875776 -0.8720142 -0.04312098 -0.8579339 -0.5099815 -0.0621975 -0.9438713 -0.3208156 -0.07864093 0.458993 -0.8881458 0.02286183 0.6350513 -0.7706788 0.05257612 0.9456783 -0.3171341 0.07154321 0.9920018 -0.09443008 0.08375859 0.04316484 -0.992999 -0.1099548 -0.1030538 -0.9298633 0.3531773 -0.0998798 -0.6938342 0.7131748 -0.1331601 -0.9341675 0.3310581 -0.1656966 -0.9516815 0.2585481 -0.1477425 -0.9799977 0.133329 -0.3358191 -0.6693785 0.6626901 -0.2778029 -0.9229974 0.2662731 -0.3492128 -0.9050896 0.2426177 -0.351086 -0.8988763 0.2622216 0.2008466 -0.9493815 0.2415272 -0.06369644 -0.9959644 -0.06322753 0.2745987 -0.919498 0.2812808 0.1706271 -0.936356 0.3067964 0.1086741 -0.9442004 0.310927 0.1237854 -0.9709442 0.2048038 0.1549828 -0.8184915 0.5532197 0.1102229 -0.8758046 0.4699121 0.1174365 -0.8625833 0.4920963 0.2222228 -0.3391453 0.9141103 0.2258725 -0.1473346 0.9629507 -0.1724978 -0.8925278 0.4166998 -0.1740594 -0.8899475 0.4215411 -0.359633 -0.3141506 0.8786203 -0.3524365 -0.3912392 0.8501297 -0.4782039 -0.8698495 0.1211742 -0.464659 -0.8785122 0.1109433 -0.9176262 -0.3263359 0.2268637 -0.9156715 -0.3351456 0.2218631 0.421361 -0.8899609 0.174426 0.4384301 -0.877979 0.1921765 0.8781079 -0.3161363 0.3591441 0.8707991 -0.3305227 0.3639557 -0.08657491 -0.931645 -0.3529056 -0.1096615 -0.8720058 -0.4770539 -0.2059618 -0.5099819 -0.8351637 -0.216879 -0.320842 -0.9219674 0.1635852 -0.8881374 -0.4294788 0.2462474 -0.7706711 -0.5877314 0.36027 -0.3171585 -0.8772777 0.3862056 -0.09443706 -0.9175658 -0.3617305 -0.9322826 4.54355e-4 -0.4812542 -0.8736665 0.07142335 -0.4651089 -0.8848198 -0.02770906 -0.4387983 -0.8976374 -0.04127126 -0.4560679 -0.8820204 -0.1184999 -0.4092145 -0.9011313 -0.1431996 -0.4327515 -0.8797488 -0.1968966 -0.3815553 -0.8932316 -0.2378087 -0.3300372 -0.9148938 -0.2324755 -0.171155 -0.9783294 0.1165233 0.3098151 -0.9199514 -0.2402167 0.4326599 -0.8031471 -0.4095852 0.325858 -0.9271429 -0.1849936 0.3932995 -0.9081797 -0.1432656 0.3786798 -0.9194579 -0.1058253 -0.2633811 -0.9641149 0.03336143 0.492541 -0.8684663 -0.05629968 0.4119408 -0.9112052 -0.003149807 -0.4128522 -0.8758049 0.2500379 -0.4317334 -0.8625752 0.2637618 -0.8007004 -0.3391461 0.4938208 -0.8460196 -0.1473552 0.5123839 0.3430036 -0.8925256 0.2928252 0.3471249 -0.8899458 0.2958058 0.7244892 -0.3141347 0.6135428 0.6996096 -0.3912481 0.597889 -0.266071 -0.8682075 -0.4188341 -0.2484102 -0.8792288 -0.4065085 -0.4945071 -0.3395444 -0.8001077 -0.4897836 -0.3206904 -0.8107217 0.3029539 -0.8789491 -0.3683305 0.2966197 -0.8895479 -0.34745 0.61167 -0.3218774 -0.722672 0.6122962 -0.3259783 -0.7202997 0.2424798 -0.9615463 -0.1289669 0.413934 -0.874391 -0.2531778 0.690978 -0.5799467 -0.4315221 0.8090744 -0.3290612 -0.4869471 -0.3535503 -0.8863652 -0.2989296 -0.2284224 -0.9577801 -0.1745863 -0.5029342 -0.7505021 -0.4287237 -0.721132 -0.3259938 -0.6113074 -0.7331285 -0.2682106 -0.6249685 -0.08369874 -0.9751501 -0.2051267 -0.08624619 -0.9813403 -0.1718515 -0.07851809 -0.9628666 -0.2583082 -0.03341048 -0.9834776 -0.1779204 0.006175041 -0.962839 -0.2700058 -0.01766377 -0.9896474 -0.1424294 0.02511996 -0.9733021 -0.2281492 0.05544716 -0.9768639 -0.2065495 0.0556578 -0.9828442 -0.1758391 0 1 0 0 1 -2.57891e-6 -1.83188e-7 1 -2.48347e-6 8.41752e-7 1 4.88121e-6 3.91936e-6 1 1.24174e-6 3.16733e-6 1 -3.10473e-6 0 1 1.55725e-6 0 1 -9.40534e-7 0 1 9.77448e-7 0 1 9.40539e-7 0 1 -4.88731e-7 -4.54794e-6 1 3.10479e-7 -4.56868e-6 1 6.20957e-7 0 1 -3.01644e-6 2.38803e-6 1 -2.44055e-6 0 1 -3.01636e-6 3.01397e-6 1 4.8812e-6 -1.72908e-6 1 -1.98222e-6 -3.15662e-6 1 4.92429e-6 0 1 1.58634e-6 0 1 -1.16795e-6 5.65491e-7 1 -4.96758e-6 -2.18052e-6 1 4.96704e-6 -2.1137e-6 1 -4.96678e-6 0 1 3.22355e-7 0.555624 -0.01455605 0.8313063 0.3009459 0.02917432 0.9531949 -0.1301228 -0.02339148 0.9912219 -0.6155351 0.03408908 0.7873719 -0.8835681 -0.0345245 0.4670285 -0.982051 0.02820515 -0.1864948 -0.933743 -0.005442023 -0.3579027 0.3838974 -0.009256005 0.9233295 0.4772026 4.8732e-4 0.8787932 -0.5837299 0.01754176 0.8117585 -0.8014556 -0.02031767 0.5977091 -0.9638313 0.01253485 -0.2662184 -0.8990203 -0.001323103 -0.4379051 0 1 -1.40797e-7 0 1 1.5588e-7 0 1 0 0 1 -8.99446e-7 0 1 -1.21566e-6 0 1 -4.49695e-7 0 1 0 0 1 0 0.7098992 0.6677086 0.2240721 0.7674792 0.4610851 0.4453945 0.3038508 0.9275842 0.217399 -0.4635689 0.861432 -0.2074581 0.953253 0.2902607 0.08401 0.8982751 0.4392529 0.01260232 0.6364678 0.7684619 0.06614565 0.3286353 0.9442906 -0.01772171 -0.04234844 0.9991005 -0.002249538 0.7862469 0.454617 -0.4184964 0.9335073 0.1996755 -0.2978152 0.3649041 0.9126304 -0.1842572 0.3625263 0.9153254 -0.1753685 0.6592025 0.05371296 -0.7500448 0.243191 0.9280164 -0.282212 0.3262541 0.8999921 -0.2890893 0.357295 0.520407 -0.7755752 0.2537149 0.790998 -0.5567325 -0.06163036 0.9814799 0.1813811 0.1802226 0.08755016 -0.9797219 -0.1668568 0.375654 -0.9116157 0.04797559 0.9112447 -0.4090617 -0.2349314 0.2672381 -0.934554 -0.1736584 0.826643 -0.5352609 -0.01432663 0.9582381 -0.2856127 -0.6061418 0.4070671 -0.6832925 -0.3026129 0.6856353 -0.6620647 -0.2698723 0.9390931 -0.2127748 -0.1683943 0.9160609 -0.3639723 0.3552119 -2.18473e-7 -0.9347859 0.3552118 0 -0.9347859 -0.9347851 0 -0.3552138 -0.9347851 0 -0.3552139 -0.3552116 0 0.934786 -0.3552116 0 0.9347859 0.9347862 0 0.355211 0.9347856 -4.37584e-7 0.3552125 2.09127e-7 1 1.83949e-7 2.09126e-7 1 0 0.9988007 0 0.04896187 0.9988007 0 0.04896181 0.9988029 -3.63064e-6 0.04891628 0.9988017 2.36543e-5 0.04894202 0.04896295 0 -0.9988007 0.0489642 2.53258e-7 -0.9988006 0.04895853 0 -0.9988008 -0.9988028 -8.04703e-6 -0.04891836 -0.9988007 -1.14023e-5 -0.04896157 -0.9988004 0 -0.04896724 -0.04896169 0 0.9988008 -0.04896128 0 0.9988007 0 1 0 0.262081 0 0.9650459 0.9650456 0 -0.2620822 -0.2620809 0 -0.9650459 -0.2620811 0 -0.9650459 -0.9650456 4.37584e-7 0.2620822 -0.9650461 0 0.2620805 0 1 0 -0.8368257 0 0.5474695 -0.8368257 4.36946e-7 0.5474697 0.5474686 -2.18792e-7 0.8368263 0.5474706 0 0.836825 0.8368257 0 -0.5474695 0.8368257 0 -0.5474694 -0.5474697 0 -0.8368255 -0.5474696 0 -0.8368257 0 1 -3.15341e-7 -0.7792678 0 -0.6266912 -0.6266902 0 0.7792686 -0.6266915 2.18792e-7 0.7792676 0.7792678 -4.36946e-7 0.6266912 0.7792679 0 0.6266911 0.6266912 0 -0.7792678 0.6266914 0 -0.7792676 0 1 1.5767e-7 -0.876282 -0.4408481 -0.1943781 0.8232002 -0.4408012 -0.3578207 -0.4556602 -0.4408314 0.7733314 -0.9412129 -0.2157234 -0.2599649 -0.9529321 0.03155893 -0.301537 -0.595233 -0.2151463 0.7742156 -0.6328688 0.2441993 0.7347407 0.4018453 -0.05484586 0.9140636 0.3627612 0.1857718 0.9131776 0 -1 -1.91383e-6 0 -1 -7.53779e-7 0 -1 1.91388e-6 0 -1 -7.69933e-7 0 -1 7.65603e-6 0 -1 -2.65256e-7 0 -1 6.53238e-7 0 -1 -1.51357e-6 0 -1 3.3203e-7 0.4302799 0 -0.9026955 0.4302808 8.87676e-7 -0.9026951 0.4302816 5.45531e-7 -0.9026947 0.4302805 -1.22951e-5 -0.9026953 0.4302831 -8.72665e-6 -0.902694 -0.181075 -0.4141125 -0.892033 -0.00343877 0.7953131 -0.6061893 0.2481218 -0.08587288 -0.9649153 -0.557144 -1.207e-5 -0.8304159 -0.5571647 -2.51322e-7 -0.830402 -0.5571671 1.42779e-5 -0.8304005 -0.5571647 0 -0.830402 -0.5571639 0 -0.8304026 0.7325971 0.00462836 0.6806469 0.3787001 -0.6383377 0.6701577 0.1364659 -0.7927376 0.5940912 -0.03314989 0.9274803 0.3723993 -0.5632712 0.007849812 0.8262348 -0.153902 -0.7777398 0.6094547 0.3357177 0.386299 0.8591082 0 -1 1.57548e-5 0 -1 -8.31476e-6 0 -1 -2.30562e-6 0 -1 3.02546e-6 0 -1 -1.57399e-5 0 -1 1.11725e-5 0 -1 -1.11617e-5 0 -1 3.00913e-6 -0.177837 -0.9280813 -0.3271682 0.0189386 -0.954193 -0.2985919 -0.02734333 -0.9410057 -0.3372845 -0.01026034 -0.953696 -0.3005976 -0.01764553 -0.9526091 -0.3036848 0.0203405 -0.9500622 -0.3113974 0.08104497 -0.9459232 -0.3141036 -0.09749144 -0.9052967 -0.4134408 -0.03041219 -0.9125512 -0.4078301 0.01059448 -0.9109634 -0.4123512 0.02893728 -0.8857174 -0.4633222 0.04322779 -0.9018371 -0.4299085 -0.114676 -0.9229326 -0.3674845 -0.06020045 -0.9337761 -0.3527579 -0.09682881 -0.9266687 -0.3631936 0.0798965 -0.9459782 -0.314232 0.07231408 -0.9385413 -0.3375068 0.05691701 -0.9007852 -0.4305189 0 -1 1.22161e-6 0 -1 -2.321e-6 0 -1 4.25667e-6 0.3933452 0.1372589 0.9090871 0.1159302 -0.5542165 0.8242599 -0.2856265 0.5240436 0.8023689 -0.9090376 -0.4046432 0.09957224 -0.9917272 0.06173247 -0.1125448 -0.7505648 0.006357371 -0.6607664 -0.7538771 -0.006366372 -0.6569846 0 -1 -2.65673e-7 0 -1 5.09726e-7 0 -1 -2.67652e-7 0 -1 5.95769e-7 0 -1 -1.31599e-7 0 1 -2.72884e-7 0 1 0 0 -1 -2.86489e-7 0 -1 2.82953e-7 0 -1 2.84827e-7 0 -1 -5.66166e-7 0 -1 2.8644e-7 0 1 -2.86489e-7 0 1 5.69254e-7 0 1 5.20406e-7 0 1 2.70313e-7 0 1 -2.34334e-6 -0.8072646 0 0.5901898 -0.7429751 0.3626422 0.5625644 -0.5163004 0.4152001 0.7490279 -0.5388865 -0.4152214 0.7329342 -0.2936022 0 0.9559277 -0.2885249 -0.3626668 0.8861299 0.2163789 0.7444496 0.6316448 0.3561837 0.7944993 0.4918375 0.2067799 -0.8799355 0.4277332 0.6643977 0.5700537 0.4833369 0.3794799 -0.8630241 0.3334434 0 -1 0 0 -1 1.42259e-7 0 1 0 0 1 -5.74942e-7 0 1 5.78476e-7 0.6675905 0.7444533 -0.01059925 0.5778275 0.7945034 -0.1867616 0.4706974 -0.8799353 -0.0644831 0.6649895 0.5700606 -0.4825142 0.434394 -0.8630208 -0.2578702 0 -1 1.45563e-7 0 -1 0 0 1 -5.8192e-7 0 1 0 0 1 0 0.2043998 -0.7445468 -0.6355084 0.08525639 0.8825267 -0.4624696 -0.08985722 0.8934846 -0.4400124 0.00109297 -0.8046446 -0.5937559 -0.2145532 -0.7445273 -0.6321756 0 -1 5.29298e-7 0 -1 0 0 -1 -5.82252e-7 0 -1 -5.09033e-7 0 1 5.82085e-7 0 1 5.29434e-7 0 1 -3.27329e-7 0 1 1.45438e-7 1.96147e-6 -1 5.45079e-6 0 -1 0 0 -1 0 0 -1 0 0 -1 0 0 -1 0 0 -1 0 0 -1 0 0 -1 0 0 -1 0 0 -1 0 0 -1 0 0.7219572 -0.542574 -0.4294081 0.632925 -0.1046498 -0.7671077 0.5814653 0.4649736 -0.6676059 0.3485102 -0.2641955 -0.8993006 0.2707045 -0.7092266 -0.6509353 0.0978353 0.8028992 -0.5880317 0 -1 0 0 -1 1.22779e-7 0 -1 0 -3.22009e-6 -1 -5.51929e-6 0 -1 0 0 -1 0 0 -1 0 0 -1 0 0 -1 0 -2.9605e-6 -1 2.35861e-6 0 -1 0 -3.05407e-6 -1 2.58695e-6 0.8237248 0 0.56699 0.8003968 -0.2761727 0.5320655 0.9110257 -0.3193337 0.2608798 0.9029617 0.3193613 0.2875214 0.9998772 0 -0.01567763 0.9611093 0.2761677 4.73516e-4 -2.50071e-6 -1 7.32023e-6 2.20421e-6 -1 1.76879e-6 6.14238e-6 -1 5.18251e-7 0 -1 0 0 -1 0 0 -1 0 0 -1 0 0 -1 0 -4.55286e-6 -1 -4.21171e-6 -0.163704 -0.3959063 0.9035813 -0.1919992 0.3123886 0.9303492 0.2057477 -0.3123965 0.9274031 0.17706 0.395912 0.9010568 0 -1 0 0 -1 0 2.30602e-6 -1 -5.4862e-6 0 -1 0 0 -1 1.29937e-7 0 -1 0 0 -1 -1.51023e-7 -0.9999971 0 0.002435863 -0.9560335 -0.2926868 0.01829123 -0.8883154 -0.3379339 0.3109609 -0.8973446 0.3379113 0.2838813 -0.8016859 0 0.5977455 -0.7760087 0.2927087 0.558688 -0.3986709 -0.3959069 -0.8272359 -0.3915138 0.3123881 -0.8655233 -0.7115689 -0.3123896 -0.6293509 -0.6728737 0.395909 -0.6248976 5.87781e-6 -1 4.68332e-7 0 -1 0 0 -1 0 0 -1 0 0 -1 0 0 -1 0 0 -1 0 0 -1 0 0 -1 0 0 -1 -1.51376e-7 -0.5490788 -0.6109064 -0.5703561 -0.5052503 -0.7078185 -0.4936752 -0.1455911 -0.9727081 -0.1806715 -0.5316446 -0.3181418 -0.7849458 -0.1215227 -0.9790308 -0.163496 -0.364819 0.02495467 -0.930744 -0.3916454 -0.5163794 -0.7615553 -0.1579289 -0.9213122 -0.3553062 -0.1570931 -0.9218652 -0.3542408 -0.2184685 -0.4476875 -0.8670913 -0.1042168 -0.8989985 -0.4253712 -0.1031248 -0.9203788 -0.3771845 -0.07341331 -0.1048662 -0.9917729 -0.06406754 -0.185235 -0.9806036 -0.04773074 -0.9002628 -0.4327227 -0.02142584 -0.939538 -0.341774 0.07808929 -0.5322943 -0.8429502 0.05505228 -0.900264 -0.4318496 0.02682143 -0.9398697 -0.3404786 0.2272818 -0.1789192 -0.9572517 0.2508313 -0.6765601 -0.6923513 0.09208494 -0.8997513 -0.4265773 0.4142569 -0.3308684 -0.84789 0.2631465 -0.6761053 -0.6882119 0.2037718 -0.907855 -0.3664372 0.5333635 -0.3278999 -0.7797468 0.4598922 -0.7020137 -0.5437611 0.228683 -0.9080052 -0.3510423 0.6593684 -0.4085831 -0.6311048 0.4665935 -0.7020043 -0.538034 0.2915281 -0.919897 -0.2622991 0.7454788 -0.4062009 -0.5284528 0.6131107 -0.7069229 -0.3526406 0.3131398 -0.9201759 -0.2349891 0.8334134 -0.4181168 -0.361387 0.6159319 -0.707162 -0.3472028 0.2958263 -0.9486466 -0.1120563 0.9508835 -0.2229692 -0.2147213 0.8719412 -0.4285604 -0.2367587 0.3391749 -0.9371032 -0.08245027 0.3088598 -0.9477279 -0.08010965 0.844429 -0.5317233 -0.06488579 0.4931839 -0.8697345 -0.0182082 0.3427 -0.9386304 -0.03911203 0.9904431 -0.1218267 0.06465911 0.8917341 -0.4402408 0.104874 0.4922639 -0.8702397 0.0189529 0.2444289 -0.9689255 0.03791975 0.9481754 -0.08518844 0.3061151 0.865858 -0.4522402 0.2139361 0.2423886 -0.9680345 0.06447595 0.3531147 -0.928506 0.1148324 0.7287309 -0.4280505 0.5345317 0.7763679 -0.5050799 0.3770245 0.8007073 -0.253302 0.5428683 0.3146675 -0.938308 0.1433963 0.2103081 -0.9656181 0.1528149 0.3353319 -0.9284737 0.1596537 0.2897491 -0.9377756 0.19137 0.8270952 -1.76001e-7 0.5620619 0.8365729 0.00721997 0.5478081 0.95952 -0.008468449 0.2815133 0.9678092 0.00846821 0.2515428 0.9979372 -0.008468449 -0.06363868 0.9954758 0.008467912 -0.09463763 0.9159883 -0.00846821 -0.4011157 0.9030733 0.008467972 -0.4294031 0.7235578 -0.008468329 -0.6902119 0.7017468 0.00846821 -0.7123761 0.4403463 -0.008674979 -0.8977861 0.4196205 0.004451096 -0.9076888 0.08774036 -0.01464718 -0.9960358 0.1301039 0.004467546 -0.9914904 -0.2168265 -0.01559138 -0.9760857 -0.1141468 0.01559132 -0.9933416 -0.4049496 0.0140661 -0.9142309 -0.4505899 -0.007220208 -0.8927019 -0.6729605 0.007220029 -0.7396433 -0.6855395 0 -0.7280355 0.2162269 0.9641203 0.1540073 -0.1819884 0.9657531 -0.1849358 -0.1576915 0.9730082 -0.1684887 -0.5222213 0.6742516 -0.5221779 -0.4711605 0.7173963 -0.5131768 -0.6744102 0.04918521 -0.7367168 -0.6931614 0.1741283 -0.6994331 -0.1657234 0.9563291 -0.2407706 -0.09560543 0.982737 -0.1583912 -0.4401617 0.6368325 -0.6330104 -0.5453291 0.2959141 -0.784252 -0.06884652 0.9861649 -0.1507952 -0.3094064 0.7117308 -0.6306401 -0.3131868 0.7070123 -0.6340723 -0.4205175 0.07237941 -0.9043928 -0.3847009 0.2116179 -0.898456 -0.0541988 0.9836184 -0.1719226 -0.05588537 0.9673137 -0.2473483 -0.1679224 0.7502787 -0.6394404 -0.1590698 0.7042415 -0.6919109 -0.2496498 0.3395357 -0.9068575 -0.007310867 0.9778094 -0.2093688 -0.08953869 0.6631247 -0.7431343 -0.0442416 0.258526 -0.9649907 -0.09967744 0.01622259 -0.9948875 0.02036213 0.9768358 -0.2130194 0.01263493 0.9688787 -0.2472135 0.03306579 0.7975226 -0.6023823 0.09926331 0.6951198 -0.7120079 0.0639193 0.3550274 -0.9326682 0.0485922 0.977632 -0.2046328 0.1299211 0.9389889 -0.3184655 0.146551 0.691147 -0.7076996 0.294646 0.4247793 -0.856006 0.2176825 0.08798372 -0.972046 0.1177964 0.9661499 -0.2295178 0.1461945 0.9385446 -0.3126677 0.241721 0.8637803 -0.4421024 0.3640201 0.4254938 -0.8285195 0.4041351 0.3696887 -0.8366631 0.09893959 0.98535 -0.1389117 0.4524201 0.6916708 -0.5629454 0.4971232 0.3705787 -0.7845637 0.6274693 0.03005897 -0.7780609 0.1272975 0.9824811 -0.1361109 0.2904459 0.9283784 -0.2318506 0.4656063 0.697167 -0.5451321 0.6885002 0.3715335 -0.6228407 0.1919327 0.9737029 -0.122738 0.297843 0.9281632 -0.2231656 0.5496297 0.7721527 -0.3188846 0.7616223 0.3236391 -0.5614172 0.7642245 0.4109237 -0.4970943 0.1568647 0.9850199 -0.07161921 0.889358 0.2284975 -0.3960195 0.1901786 0.9805098 -0.04932463 0.203484 0.9774417 -0.05658739 0.6267182 0.7595247 -0.1742027 0.6884473 0.7046022 -0.1719772 0.8992926 0.3380501 -0.2774798 0.9698644 0.1048172 -0.2199465 0.1730839 0.9848112 -0.01374286 0.7016124 0.7123142 -0.01866912 0.7406499 0.6689444 -0.06285864 0.9439826 0.3202742 -0.07950681 0.1939188 0.9808425 0.01853644 0.2188046 0.9757648 0.002809643 0.7560802 0.6518446 0.0586642 0.9925836 0.1032584 0.06415319 0.9574812 0.266387 0.1107596 0.2280189 0.9721883 0.0534535 0.3433302 0.9323839 0.1130696 0.6661617 0.7322128 0.14175 0.8647384 0.411625 0.2877369 0.9327679 0.2663003 0.242957 0.1829288 0.9782913 0.09738177 0.1570286 0.9771139 0.1434945 0.3422037 0.9324815 0.1156504 0.5995218 0.7263782 0.3360782 0.5861473 0.726704 0.3582356 0.6925157 0.4458593 0.5671257 0.8440886 0.4055596 0.3507647 0.8663646 0.2661983 0.4225528 0.79306 0.2662916 0.5478546 0.6746017 0.1577934 0.7211198 0.1669836 0.9732688 0.1576842 0.1363787 0.9809151 0.1385871 0.5260298 0.6713368 0.5221107 0.474123 0.7162253 0.5120827 0.6930972 0.07372099 0.7170644 0.09679442 0.9853197 0.1406272 0.4088125 0.6791711 0.6095892 0.4133415 0.647484 0.6402449 0.5371243 0.3269004 0.7775821 0.09186297 0.9752323 0.2012047 0.1094766 0.9722048 0.2069604 0.3580545 0.5863865 0.7266002 0.3814972 0.2624248 0.886337 0.4423657 0.05734658 0.8949995 0.07210522 0.9578678 0.2780115 0.07218724 0.9577986 0.2782283 0.1048671 0.8878882 0.447948 0.2080386 0.7185807 0.6635977 0.1962468 0.3886634 0.9002377 0.2560584 0.2651708 0.9295799 0.01342731 0.9855052 0.1691131 0.01094084 0.7013565 0.7127267 0.1193321 0.3835687 0.9157701 0.02957534 0.07866996 0.9964619 -0.01010632 0.9823219 0.1869268 -0.03880268 0.9617328 0.2712277 -0.02803725 0.7137451 0.6998442 -0.15381 0.4520887 0.8786116 -0.0757811 0.9665204 0.2451441 -0.1846365 0.4312101 0.8831576 -0.2417313 0.3106032 0.9192886 -0.1374952 0.9435994 0.3011899 -0.1293628 0.9536474 0.2717017 -0.2211556 0.8559805 0.4673197 -0.2581702 0.8199504 0.5109106 -0.4208498 0.3163478 0.8501821 -0.416328 0.295913 0.859713 -0.1239733 0.9744408 0.1873385 -0.4873403 0.6053364 0.6293388 -0.5118971 0.3853905 0.7677472 -0.6687182 -0.01472783 0.7433701 -0.1636084 0.9687613 0.1863708 -0.3347968 0.9000225 0.2790534 -0.520111 0.6331326 0.5732606 -0.6868332 0.3848822 0.6165434 -0.1813265 0.9789782 0.09339386 -0.3275074 0.899743 0.2884466 -0.7442339 0.5111752 0.4299022 -0.7535504 0.3757622 0.5394115 -0.1824005 0.9796912 0.08327764 -0.7574396 0.5070616 0.4113074 -0.8432126 0.3896874 0.3703193 -0.2082548 0.9765821 0.05401247 -0.2483275 0.9652631 0.08124369 -0.4860713 0.8599857 0.1554336 -0.7191043 0.6805657 0.1404259 -0.8798488 0.3838737 0.2801914 -0.9766564 0.06298065 0.2053673 -0.2135538 0.9765782 0.02626472 -0.2863698 0.9580943 0.006911337 -0.7315437 0.6786705 0.06519341 -0.7032009 0.7098229 0.04074329 -0.9523572 0.2945513 0.07909119 -0.2539011 0.9668852 -0.02583664 -0.750581 0.6592403 -0.04506236 -0.9924253 0.1045415 -0.06452363 -0.9484651 0.2938866 -0.1185107 -0.1984001 0.9781012 -0.06289309 -0.311874 0.9472765 -0.07349836 -0.5492806 0.8227899 -0.1459718 -0.5844755 0.7928445 -0.1725859 -0.8666586 0.4092937 -0.2852746 -0.9259409 0.2906585 -0.2411458 -0.1626744 0.9841191 -0.07104057 -0.187988 0.976134 -0.1087338 -0.3716667 0.882753 -0.2874215 -0.4792369 0.8172512 -0.3200509 -0.8642849 0.2967547 -0.4061384 -0.7674158 0.4082202 -0.4943979 -0.7693796 0.2896222 -0.5693628 -0.8841847 -0.007749438 -0.4670734 -0.8955169 0.01016849 -0.4449113 -0.9938269 -0.00846821 -0.1106185 -0.9930543 -0.01199215 -0.1170443 -0.9714493 -0.02529323 0.2358952 -0.9928587 0.01698482 0.118081 -0.8451765 -0.01618081 0.5342425 -0.9046417 0.02426046 0.425482 -0.6876488 -0.004467666 0.7260298 -0.7178838 0.01464778 0.6960089 -0.4400848 -0.004451036 0.8979453 -0.4193331 0.0086748 0.9077911 -0.1106176 -0.00846827 0.993827 -0.07966262 0.00846827 0.9967859 0.2129782 -0.007220208 0.9770303 0.2619791 0.01406639 0.9649711 0.4470057 -0.01559132 0.8943952 0.5839384 0.03237873 0.8111521 0.6757578 -0.02066928 0.736834 0.4963752 -0.7073273 0.503289 0.4976124 -0.7034935 0.5074237 0.4465155 -0.5970852 0.6664183 0.4116047 -0.7081005 0.5737381 0.1900377 -0.9309815 0.3117038 0.3938213 -0.2658819 0.8798931 0.1155777 -0.9632142 0.2426115 0.2224004 -0.5426263 0.8099969 0.1585805 -0.7014203 0.6948826 0.1120904 -0.9253867 0.3620706 0.05979198 -0.4030673 0.9132151 0.1123037 -0.7020059 0.7032607 0.01544678 -0.914686 0.4038698 -0.08267539 -0.4028291 0.9115337 -0.1093074 -0.5674914 0.8160915 -0.04541504 -0.9140323 0.4030912 -0.04562276 -0.9068522 0.4189723 -0.2621706 -0.2771824 0.9243574 -0.0648092 -0.9644845 0.2560656 -0.4403322 -0.2231908 0.8696514 -0.3382683 -0.5192786 0.7848085 -0.184279 -0.9010672 0.3925802 -0.1811653 -0.9077401 0.3784007 -0.4927574 -0.508042 0.7064584 -0.2491574 -0.9067808 0.3401016 -0.2557411 -0.8982886 0.3573153 -0.6828299 -0.02066451 0.7302851 -0.6642475 -0.4031602 0.6294737 -0.3142369 -0.8966583 0.3118641 -0.281512 -0.9138557 0.292607 -0.851018 0.1083359 0.5138402 -0.742579 -0.4032123 0.5347863 -0.3402876 -0.9138801 0.2214216 -0.3629999 -0.8982982 0.2475715 -0.7946342 -0.5003591 0.3437983 -0.3934716 -0.8974403 0.1994522 -0.2978593 -0.9453852 0.1323888 -0.9694505 -0.06655621 0.2360846 -0.8955976 -0.3656553 0.2533798 -0.4763261 -0.8733013 0.1022663 -0.312476 -0.9455233 0.09134829 -0.8425043 -0.5347979 0.06463497 -0.4825516 -0.873945 0.0580011 -0.3416851 -0.9396667 0.01667481 -0.9721357 -0.2256711 -0.06344187 -0.919012 -0.3837721 -0.09019935 -0.4050498 -0.913102 -0.04668354 -0.340481 -0.9398688 -0.02682131 -0.8889468 -0.3965843 -0.2291169 -0.6595606 -0.7122313 -0.2402218 -0.3977932 -0.9124092 -0.09628129 -0.7711672 -0.3536381 -0.5293781 -0.835259 -0.3537486 -0.4209563 -0.5447278 -0.6984034 -0.4642246 -0.6578823 -0.7122421 -0.244749 -0.311442 -0.9351283 -0.168935 -0.3011257 -0.9351677 -0.1865071</float_array>
          <technique_common>
            <accessor source="#³µÖ48x3x18_007-mesh-normals-array" count="1913" stride="3">
              <param name="X" type="float"/>
              <param name="Y" type="float"/>
              <param name="Z" type="float"/>
            </accessor>
          </technique_common>
        </source>
        <vertices id="³µÖ48x3x18_007-mesh-vertices">
          <input semantic="POSITION" source="#³µÖ48x3x18_007-mesh-positions"/>
        </vertices>
        <lines count="10">
          <input semantic="VERTEX" source="#³µÖ48x3x18_007-mesh-vertices" offset="0"/>
          <p>1300 1299 1951 1950 1946 1945 690 689 655 654 666 665 1953 1952 701 700 282 281 1955 1954</p>
        </lines>
        <triangles material="mat_5-material" count="1946">
          <input semantic="VERTEX" source="#³µÖ48x3x18_007-mesh-vertices" offset="0"/>
          <input semantic="NORMAL" source="#³µÖ48x3x18_007-mesh-normals" offset="1"/>
          <p>0 0 1 0 2 0 0 1 2 1 3 1 7 2 10 2 9 2 7 3 9 3 6 3 8 4 10 4 7 4 8 5 4 5 10 5 5 6 4 6 8 6 12 7 13 7 14 7 12 8 14 8 15 8 11 9 12 9 15 9 18 10 19 10 20 10 18 11 20 11 16 11 17 12 18 12 16 12 23 13 25 13 21 13 23 14 24 14 25 14 22 15 23 15 21 15 26 16 29 16 30 16 27 17 26 17 30 17 28 18 30 18 31 18 28 19 27 19 30 19 42 20 33 20 32 20 41 20 33 20 42 20 40 20 34 20 33 20 40 21 35 21 34 21 40 20 33 20 41 20 39 22 35 22 40 22 38 23 35 23 39 23 37 24 35 24 38 24 36 20 35 20 37 20 46 25 43 25 44 25 57 26 43 26 46 26 56 27 57 27 46 27 45 26 56 26 46 26 55 26 56 26 45 26 50 28 55 28 45 28 54 29 55 29 50 29 49 30 54 30 50 30 53 26 54 26 49 26 48 26 53 26 49 26 52 26 53 26 48 26 47 31 52 31 48 31 51 26 52 26 47 26 65 32 61 32 64 32 74 33 62 33 61 33 74 34 63 34 62 34 73 35 63 35 74 35 73 36 58 36 63 36 66 37 69 37 68 37 59 38 58 38 73 38 67 39 70 39 69 39 67 40 69 40 66 40 60 41 71 41 70 41 60 42 72 42 71 42 60 43 70 43 67 43 60 44 59 44 72 44 61 45 65 45 66 45 61 46 75 46 74 46 61 47 68 47 75 47 61 48 66 48 68 48 77 49 80 49 76 49 77 50 81 50 80 50 78 51 81 51 77 51 78 52 82 52 81 52 79 53 82 53 78 53 84 54 85 54 86 54 84 55 86 55 87 55 84 26 87 26 88 26 84 26 88 26 89 26 83 26 89 26 90 26 83 56 90 56 91 56 83 57 84 57 89 57 94 58 97 58 93 58 94 59 98 59 97 59 95 60 98 60 94 60 95 61 92 61 98 61 96 62 92 62 95 62 102 63 99 63 100 63 101 64 102 64 100 64 104 65 105 65 106 65 104 66 106 66 107 66 103 67 104 67 107 67 110 68 111 68 112 68 110 69 112 69 108 69 109 70 110 70 108 70 115 71 117 71 113 71 115 72 116 72 117 72 114 73 115 73 113 73 123 74 119 74 118 74 123 75 118 75 120 75 122 76 120 76 121 76 122 77 123 77 120 77 132 20 131 20 130 20 124 78 132 78 130 78 124 20 129 20 128 20 124 79 130 79 129 79 125 20 124 20 128 20 126 20 125 20 128 20 127 80 126 80 128 80 140 26 138 26 139 26 137 26 138 26 140 26 141 81 137 81 140 81 136 26 137 26 141 26 142 82 136 82 141 82 135 83 136 83 142 83 143 84 135 84 142 84 134 85 135 85 143 85 133 26 134 26 143 26 156 86 149 86 157 86 156 87 150 87 149 87 155 88 150 88 156 88 154 89 150 89 155 89 146 90 160 90 147 90 146 91 151 91 160 91 146 92 152 92 151 92 145 93 152 93 146 93 148 94 147 94 160 94 148 95 158 95 157 95 148 96 159 96 158 96 148 97 160 97 159 97 148 98 157 98 149 98 144 99 153 99 152 99 144 100 154 100 153 100 144 101 150 101 154 101 144 102 152 102 145 102 162 103 166 103 165 103 162 104 165 104 161 104 163 105 166 105 162 105 163 106 167 106 166 106 164 107 167 107 163 107 170 108 172 108 173 108 170 109 171 109 172 109 169 110 173 110 174 110 169 111 170 111 173 111 169 112 174 112 175 112 169 113 175 113 176 113 169 26 176 26 168 26 180 114 183 114 182 114 180 115 182 115 179 115 181 116 183 116 180 116 178 117 183 117 181 117 178 118 177 118 183 118 185 119 186 119 187 119 185 120 187 120 188 120 184 121 185 121 188 121 191 122 192 122 193 122 191 123 193 123 189 123 190 124 191 124 189 124 196 125 198 125 194 125 196 126 197 126 198 126 195 127 196 127 194 127 200 128 202 128 203 128 200 129 199 129 202 129 201 130 203 130 204 130 201 131 200 131 203 131 208 132 210 132 209 132 208 133 211 133 210 133 208 134 212 134 211 134 208 135 213 135 212 135 207 136 213 136 208 136 206 137 213 137 207 137 206 138 214 138 213 138 215 20 214 20 206 20 205 20 215 20 206 20 223 139 218 139 222 139 219 26 218 26 223 26 224 140 219 140 223 140 225 26 219 26 224 26 220 26 219 26 225 26 226 141 220 141 225 141 221 26 220 26 226 26 227 26 221 26 226 26 228 26 221 26 227 26 217 26 221 26 228 26 216 142 217 142 228 142 240 143 235 143 241 143 240 144 236 144 235 144 239 145 236 145 240 145 239 146 234 146 236 146 238 147 234 147 239 147 231 148 244 148 243 148 231 149 243 149 230 149 231 150 245 150 244 150 231 151 246 151 245 151 232 152 237 152 246 152 232 153 246 153 231 153 233 154 234 154 232 154 229 155 242 155 241 155 229 156 243 156 242 156 229 157 230 157 243 157 229 158 241 158 235 158 234 159 238 159 237 159 234 160 237 160 232 160 247 161 252 161 251 161 248 162 252 162 247 162 248 163 253 163 252 163 249 164 253 164 248 164 249 165 254 165 253 165 250 166 254 166 249 166 256 167 257 167 258 167 256 168 258 168 259 168 256 169 259 169 260 169 256 170 260 170 261 170 256 26 261 26 262 26 256 171 262 171 263 171 256 172 263 172 255 172 266 173 270 173 269 173 267 174 270 174 266 174 268 175 270 175 267 175 264 176 270 176 268 176 265 177 264 177 268 177 274 178 271 178 272 178 274 179 275 179 271 179 273 180 274 180 272 180 277 181 278 181 279 181 277 182 279 182 280 182 276 183 277 183 280 183 285 184 287 184 283 184 285 185 286 185 287 185 284 186 285 186 283 186 289 187 288 187 291 187 289 188 291 188 292 188 289 189 292 189 293 189 290 190 289 190 293 190 295 191 302 191 301 191 295 192 303 192 302 192 295 193 294 193 303 193 296 194 301 194 300 194 296 20 295 20 301 20 296 195 300 195 299 195 298 196 296 196 299 196 297 197 296 197 298 197 316 26 304 26 305 26 309 198 316 198 305 198 315 26 316 26 309 26 314 26 315 26 309 26 308 26 314 26 309 26 308 26 313 26 314 26 307 26 313 26 308 26 312 199 313 199 307 199 311 26 312 26 307 26 306 200 311 200 307 200 310 26 311 26 306 26 325 201 323 201 322 201 335 202 323 202 325 202 335 203 324 203 323 203 334 204 324 204 335 204 333 205 324 205 334 205 319 206 328 206 327 206 319 207 329 207 328 207 319 208 327 208 318 208 319 209 330 209 329 209 320 210 331 210 330 210 320 211 330 211 319 211 317 212 326 212 325 212 317 213 327 213 326 213 317 214 318 214 327 214 317 215 325 215 322 215 321 216 331 216 320 216 321 217 324 217 333 217 321 218 332 218 331 218 321 219 333 219 332 219 336 220 341 220 340 220 337 221 341 221 336 221 338 222 341 222 337 222 338 223 342 223 341 223 339 224 342 224 338 224 345 26 348 26 349 26 345 26 349 26 350 26 345 225 346 225 347 225 345 226 347 226 348 226 345 227 343 227 344 227 345 228 350 228 351 228 345 229 351 229 343 229 355 230 352 230 353 230 354 231 355 231 353 231 359 232 361 232 358 232 359 233 362 233 361 233 360 234 363 234 362 234 360 235 362 235 359 235 357 236 356 236 363 236 357 237 363 237 360 237 365 238 369 238 368 238 366 239 369 239 365 239 366 240 370 240 369 240 367 241 370 241 366 241 367 242 364 242 370 242 378 243 374 243 373 243 377 244 378 244 373 244 376 245 373 245 372 245 376 246 377 246 373 246 375 247 376 247 372 247 375 248 372 248 371 248 379 249 381 249 380 249 401 250 396 250 395 250 402 251 395 251 394 251 402 252 401 252 395 252 402 253 394 253 393 253 403 254 396 254 401 254 397 255 396 255 403 255 403 256 401 256 402 256 392 257 403 257 402 257 398 258 397 258 403 258 391 259 403 259 392 259 404 260 398 260 403 260 404 261 399 261 398 261 390 262 403 262 391 262 390 263 404 263 403 263 405 264 399 264 404 264 405 265 404 265 390 265 388 266 390 266 389 266 388 267 405 267 390 267 400 268 399 268 405 268 406 269 400 269 405 269 406 270 405 270 388 270 386 271 388 271 387 271 386 272 406 272 388 272 383 273 382 273 400 273 383 274 400 274 406 274 385 275 406 275 386 275 385 276 383 276 406 276 385 277 384 277 383 277 410 278 414 278 412 278 410 279 412 279 409 279 411 280 414 280 410 280 411 281 413 281 414 281 411 282 407 282 413 282 408 283 407 283 411 283 424 284 419 284 418 284 423 285 424 285 418 285 423 286 418 286 417 286 422 287 423 287 417 287 422 288 417 288 416 288 421 289 422 289 416 289 421 290 416 290 415 290 420 291 421 291 415 291 428 292 430 292 425 292 430 293 429 293 427 293 430 294 427 294 426 294 430 295 426 295 425 295 445 296 444 296 438 296 445 297 441 297 444 297 445 298 442 298 441 298 446 299 437 299 436 299 446 300 438 300 437 300 446 301 445 301 438 301 447 302 445 302 446 302 447 303 442 303 445 303 447 304 443 304 442 304 435 305 447 305 446 305 448 306 447 306 435 306 443 307 447 307 448 307 432 308 434 308 433 308 432 309 435 309 434 309 449 310 435 310 432 310 449 311 448 311 435 311 449 312 431 312 439 312 449 313 432 313 431 313 440 314 448 314 449 314 440 315 449 315 439 315 450 316 452 316 451 316 450 317 456 317 452 317 454 318 455 318 456 318 456 319 450 319 453 319 454 320 456 320 453 320 463 321 459 321 458 321 464 322 463 322 458 322 462 323 461 323 464 323 465 324 458 324 457 324 465 325 464 325 458 325 465 326 457 326 460 326 465 327 462 327 464 327 465 328 460 328 462 328 468 329 469 329 467 329 468 330 466 330 469 330 472 331 470 331 471 331 472 332 475 332 470 332 473 333 475 333 472 333 473 334 474 334 475 334 480 335 483 335 482 335 480 336 484 336 483 336 481 337 480 337 482 337 476 338 477 338 479 338 478 339 484 339 480 339 478 340 477 340 484 340 479 341 477 341 478 341 519 342 504 342 501 342 519 343 515 343 504 343 520 344 515 344 519 344 502 345 519 345 501 345 503 346 515 346 520 346 497 347 514 347 499 347 497 348 513 348 514 348 522 349 511 349 524 349 495 350 524 350 494 350 495 351 522 351 523 351 489 352 509 352 491 352 506 353 507 353 518 353 516 354 506 354 518 354 487 355 516 355 517 355 488 356 505 356 506 356 488 357 506 357 487 357 502 358 520 358 521 358 502 359 521 359 519 359 502 360 503 360 520 360 514 361 515 361 503 361 514 362 500 362 499 362 514 363 503 363 500 363 498 364 513 364 497 364 498 365 494 365 513 365 498 366 493 366 494 366 512 367 524 367 511 367 512 368 513 368 494 368 512 369 494 369 524 369 495 370 523 370 524 370 510 371 511 371 522 371 510 372 522 372 495 372 510 373 495 373 496 373 491 374 509 374 510 374 491 375 510 375 496 375 492 376 491 376 496 376 489 377 508 377 509 377 489 378 486 378 508 378 485 379 489 379 490 379 485 380 486 380 489 380 525 381 518 381 507 381 525 382 507 382 508 382 525 383 517 383 518 383 525 384 508 384 486 384 525 385 487 385 517 385 506 386 516 386 487 386 528 387 529 387 527 387 528 388 530 388 529 388 526 389 530 389 528 389 533 390 537 390 536 390 534 391 537 391 533 391 534 392 538 392 537 392 535 393 538 393 534 393 535 394 539 394 538 394 532 395 539 395 535 395 532 396 531 396 539 396 541 397 540 397 543 397 541 398 543 398 542 398 547 399 548 399 546 399 547 400 549 400 548 400 545 401 544 401 549 401 545 402 549 402 547 402 569 403 567 403 570 403 568 404 567 404 569 404 566 405 570 405 567 405 566 406 578 406 570 406 565 407 578 407 566 407 563 408 577 408 578 408 563 409 578 409 565 409 564 410 577 410 563 410 564 411 576 411 577 411 562 412 576 412 564 412 561 413 576 413 562 413 561 414 575 414 576 414 560 415 575 415 561 415 560 416 574 416 575 416 559 417 574 417 560 417 557 418 574 418 559 418 558 419 574 419 557 419 558 420 573 420 574 420 556 421 573 421 558 421 556 422 572 422 573 422 555 423 572 423 556 423 554 424 572 424 555 424 554 425 571 425 572 425 553 426 550 426 571 426 553 427 571 427 554 427 551 428 553 428 552 428 551 429 550 429 553 429 597 430 598 430 596 430 597 431 608 431 598 431 595 432 607 432 608 432 595 433 608 433 597 433 594 434 607 434 595 434 594 435 606 435 607 435 593 436 606 436 594 436 592 437 606 437 593 437 591 438 606 438 592 438 591 439 605 439 606 439 590 440 605 440 591 440 588 441 605 441 590 441 588 442 604 442 605 442 589 443 604 443 588 443 589 444 603 444 604 444 587 445 603 445 589 445 584 446 602 446 603 446 583 447 603 447 587 447 583 448 584 448 603 448 585 449 602 449 584 449 586 450 602 450 585 450 582 451 602 451 586 451 582 452 601 452 602 452 579 453 600 453 601 453 579 454 601 454 582 454 580 455 600 455 579 455 580 456 599 456 600 456 581 457 599 457 580 457 610 458 613 458 609 458 610 459 614 459 613 459 611 460 614 460 610 460 611 461 615 461 614 461 612 462 615 462 611 462 617 463 620 463 616 463 617 464 621 464 620 464 618 465 622 465 621 465 618 466 621 466 617 466 619 467 623 467 622 467 619 468 622 468 618 468 624 469 627 469 626 469 625 470 627 470 624 470 628 471 631 471 630 471 628 472 630 472 629 472 633 473 636 473 632 473 633 474 637 474 636 474 634 475 638 475 637 475 634 476 637 476 633 476 635 477 639 477 638 477 635 478 638 478 634 478 641 479 640 479 643 479 642 480 641 480 643 480 647 481 646 481 645 481 647 482 645 482 644 482 693 483 690 483 691 483 693 484 691 484 692 484 687 485 688 485 689 485 698 486 699 486 700 486 704 20 701 20 702 20 704 487 702 487 703 487 708 488 693 488 694 488 708 489 694 489 695 489 721 490 722 490 708 490 723 491 708 491 722 491 721 492 695 492 696 492 721 493 708 493 695 493 720 20 721 20 696 20 720 494 696 494 697 494 707 20 708 20 723 20 707 495 686 495 687 495 709 20 720 20 697 20 709 496 697 496 698 496 724 497 707 497 723 497 719 498 720 498 709 498 724 20 686 20 707 20 724 499 685 499 686 499 725 500 685 500 724 500 725 501 684 501 685 501 710 20 704 20 648 20 710 20 648 20 649 20 710 20 718 20 719 20 710 502 719 502 709 502 717 20 718 20 710 20 680 503 681 503 682 503 678 20 725 20 726 20 678 504 682 504 683 504 678 505 683 505 684 505 678 506 684 506 725 506 716 507 710 507 649 507 716 20 717 20 710 20 650 508 716 508 649 508 727 509 678 509 726 509 715 20 716 20 650 20 679 20 680 20 682 20 677 20 727 20 728 20 677 510 678 510 727 510 714 20 715 20 711 20 651 20 715 20 650 20 651 511 711 511 715 511 712 512 714 512 711 512 712 20 713 20 714 20 675 513 676 513 674 513 733 20 713 20 712 20 706 20 729 20 730 20 706 20 730 20 731 20 705 514 731 514 732 514 705 20 732 20 733 20 705 515 706 515 731 515 652 20 711 20 651 20 673 20 674 20 677 20 672 516 728 516 729 516 672 517 673 517 677 517 672 518 677 518 728 518 654 20 652 20 653 20 671 519 729 519 706 519 671 520 672 520 729 520 670 521 671 521 706 521 659 20 712 20 658 20 669 20 670 20 706 20 656 522 658 522 655 522 660 523 733 523 712 523 660 20 712 20 659 20 668 524 669 524 706 524 657 20 658 20 656 20 661 20 733 20 660 20 662 525 705 525 733 525 662 526 733 526 661 526 663 527 705 527 662 527 666 20 667 20 668 20 664 528 665 528 663 528 676 20 677 20 674 20 678 529 679 529 682 529 665 530 705 530 663 530 706 531 666 531 668 531 689 532 707 532 687 532 708 533 690 533 693 533 700 20 709 20 698 20 710 20 701 20 704 20 654 534 711 534 652 534 712 535 655 535 658 535 736 536 735 536 742 536 734 537 744 537 743 537 734 538 745 538 744 538 734 539 743 539 742 539 735 540 734 540 742 540 740 541 738 541 737 541 746 542 740 542 737 542 746 543 737 543 736 543 746 544 736 544 742 544 740 545 739 545 738 545 746 546 741 546 740 546 746 547 742 547 741 547 843 548 769 548 770 548 844 549 769 549 843 549 842 550 843 550 770 550 842 26 770 26 771 26 845 551 769 551 844 551 845 26 768 26 769 26 841 552 842 552 771 552 841 553 771 553 772 553 846 554 768 554 845 554 846 26 767 26 768 26 790 26 767 26 846 26 840 26 841 26 772 26 773 555 840 555 772 555 791 26 766 26 767 26 791 26 767 26 790 26 783 26 840 26 773 26 822 26 766 26 791 26 774 556 783 556 773 556 765 26 766 26 822 26 821 26 783 26 774 26 866 557 821 557 774 557 823 26 765 26 822 26 775 558 866 558 774 558 764 559 765 559 823 559 859 560 840 560 783 560 839 561 822 561 791 561 865 26 866 26 775 26 824 26 764 26 823 26 776 562 865 562 775 562 763 563 764 563 824 563 864 26 865 26 776 26 825 26 763 26 824 26 787 564 851 564 852 564 786 26 852 26 853 26 786 565 853 565 854 565 786 566 787 566 852 566 788 26 851 26 787 26 788 26 850 26 851 26 785 26 786 26 854 26 785 567 854 567 855 567 789 26 849 26 850 26 789 26 850 26 788 26 784 568 785 568 855 568 784 26 855 26 856 26 777 569 864 569 776 569 762 26 763 26 825 26 835 26 836 26 792 26 863 26 864 26 777 26 820 570 869 570 870 570 826 26 762 26 825 26 793 26 835 26 792 26 819 571 820 571 870 571 834 26 835 26 793 26 871 26 819 26 870 26 794 572 834 572 793 572 818 26 819 26 871 26 833 26 834 26 794 26 872 26 818 26 871 26 778 573 863 573 777 573 761 574 762 574 826 574 795 26 833 26 794 26 862 26 863 26 778 26 832 575 833 575 795 575 817 26 818 26 872 26 827 576 761 576 826 576 873 577 817 577 872 577 796 26 832 26 795 26 796 26 831 26 832 26 816 26 817 26 873 26 874 26 816 26 873 26 797 26 831 26 796 26 815 578 874 578 875 578 815 26 816 26 874 26 861 26 862 26 778 26 876 26 815 26 875 26 779 579 861 579 778 579 760 26 761 26 827 26 828 580 760 580 827 580 798 581 760 581 828 581 860 26 861 26 779 26 908 582 909 582 800 582 907 583 800 583 801 583 907 584 908 584 800 584 780 26 860 26 779 26 759 26 760 26 798 26 799 26 759 26 798 26 906 26 801 26 802 26 906 26 907 26 801 26 889 26 812 26 888 26 889 585 811 585 812 585 890 26 811 26 889 26 905 26 906 26 802 26 905 586 802 586 803 586 891 587 809 587 810 587 891 26 810 26 811 26 891 588 811 588 890 588 814 26 860 26 780 26 814 26 878 26 860 26 892 26 809 26 891 26 904 26 803 26 804 26 904 26 905 26 803 26 912 589 759 589 799 589 912 26 799 26 911 26 893 26 808 26 809 26 893 26 809 26 892 26 903 26 904 26 804 26 903 590 804 590 805 590 781 26 814 26 780 26 758 26 759 26 912 26 894 26 808 26 893 26 813 26 814 26 781 26 902 26 903 26 805 26 895 26 808 26 894 26 885 26 813 26 781 26 913 591 758 591 912 591 782 26 885 26 781 26 782 26 884 26 885 26 757 26 758 26 913 26 914 592 757 592 913 592 756 26 757 26 914 26 747 593 884 593 782 593 747 594 883 594 884 594 915 595 756 595 914 595 755 26 756 26 915 26 748 26 883 26 747 26 748 596 882 596 883 596 916 597 755 597 915 597 754 26 755 26 916 26 749 598 882 598 748 598 749 599 881 599 882 599 806 600 899 600 898 600 917 601 754 601 916 601 879 26 807 26 897 26 750 26 880 26 881 26 750 602 881 602 749 602 753 603 754 603 917 603 753 26 899 26 806 26 753 26 918 26 899 26 753 26 917 26 918 26 751 26 879 26 880 26 751 604 880 604 750 604 751 26 807 26 879 26 752 605 807 605 751 605 752 606 806 606 807 606 752 607 753 607 806 607 783 608 784 608 858 608 858 26 784 26 857 26 857 26 784 26 856 26 783 609 858 609 859 609 789 610 790 610 847 610 789 611 847 611 848 611 789 612 848 612 849 612 791 613 792 613 838 613 838 26 792 26 837 26 837 614 792 614 836 614 791 615 838 615 839 615 797 616 798 616 829 616 797 617 829 617 830 617 797 26 830 26 831 26 799 618 800 618 910 618 910 619 800 619 909 619 799 620 910 620 911 620 805 621 806 621 900 621 900 622 806 622 898 622 805 623 900 623 901 623 805 624 901 624 902 624 807 625 808 625 896 625 896 26 808 26 895 26 807 626 896 626 897 626 812 26 813 26 886 26 812 627 886 627 887 627 812 628 887 628 888 628 814 629 815 629 877 629 877 630 815 630 876 630 814 631 877 631 878 631 820 26 821 26 867 26 820 632 867 632 868 632 820 633 868 633 869 633 828 634 829 634 798 634 846 635 847 635 790 635 866 636 867 636 821 636 885 26 886 26 813 26 919 637 928 637 924 637 920 638 928 638 919 638 920 639 927 639 928 639 921 640 927 640 920 640 921 641 926 641 927 641 922 642 926 642 921 642 923 643 925 643 926 643 923 644 926 644 922 644 930 645 931 645 929 645 930 646 932 646 931 646 936 647 935 647 934 647 933 648 930 648 936 648 933 649 932 649 930 649 933 650 936 650 934 650 942 651 939 651 937 651 942 652 940 652 939 652 943 653 942 653 937 653 941 654 940 654 942 654 938 655 944 655 943 655 938 656 943 656 937 656 947 657 952 657 951 657 948 658 953 658 952 658 948 659 952 659 947 659 949 660 954 660 953 660 949 661 953 661 948 661 950 662 955 662 954 662 950 663 954 663 949 663 946 664 945 664 955 664 946 665 955 665 950 665 956 666 958 666 959 666 957 667 960 667 958 667 957 668 958 668 956 668 964 669 963 669 962 669 961 670 957 670 964 670 961 671 960 671 957 671 961 672 964 672 962 672 965 673 973 673 972 673 967 674 965 674 972 674 967 675 972 675 971 675 968 676 967 676 971 676 966 677 965 677 967 677 970 678 969 678 968 678 970 679 968 679 971 679 976 680 981 680 980 680 977 681 982 681 981 681 977 682 981 682 976 682 978 683 983 683 982 683 978 684 982 684 977 684 979 685 984 685 983 685 979 686 983 686 978 686 975 687 974 687 984 687 975 688 984 688 979 688 986 689 987 689 985 689 986 690 988 690 987 690 992 691 991 691 990 691 989 692 986 692 992 692 989 693 988 693 986 693 989 694 992 694 990 694 993 695 1001 695 1000 695 995 696 993 696 1000 696 995 697 1000 697 999 697 996 698 995 698 999 698 994 699 993 699 995 699 998 700 997 700 996 700 998 701 996 701 999 701 1002 702 1006 702 1005 702 1003 703 1006 703 1002 703 1002 704 1005 704 1004 704 1008 705 1009 705 1007 705 1008 706 1010 706 1009 706 1014 707 1013 707 1012 707 1011 708 1008 708 1014 708 1011 709 1010 709 1008 709 1011 710 1014 710 1012 710 1015 711 1023 711 1022 711 1017 712 1015 712 1022 712 1017 713 1022 713 1021 713 1018 714 1017 714 1021 714 1016 715 1015 715 1017 715 1020 716 1019 716 1018 716 1020 717 1018 717 1021 717 1024 718 1029 718 1028 718 1025 719 1030 719 1029 719 1025 720 1029 720 1024 720 1026 721 1031 721 1030 721 1026 722 1030 722 1025 722 1027 723 1032 723 1031 723 1027 724 1031 724 1026 724 1034 725 1035 725 1033 725 1034 726 1036 726 1035 726 1040 727 1039 727 1038 727 1037 728 1034 728 1040 728 1037 729 1036 729 1034 729 1037 730 1040 730 1038 730 1041 731 1049 731 1048 731 1043 732 1041 732 1048 732 1043 733 1048 733 1047 733 1044 734 1043 734 1047 734 1042 735 1041 735 1043 735 1046 736 1045 736 1044 736 1046 737 1044 737 1047 737 1052 738 1051 738 1050 738 1052 738 1050 738 1055 738 1054 739 1053 739 1052 739 1054 740 1052 740 1055 740 1061 741 1056 741 1057 741 1059 742 1058 742 1056 742 1060 743 1059 743 1056 743 1060 744 1056 744 1061 744 1065 26 1062 26 1063 26 1065 26 1063 26 1064 26 1068 745 1067 745 1066 745 1068 746 1066 746 1071 746 1070 747 1069 747 1068 747 1070 748 1068 748 1071 748 1077 749 1072 749 1073 749 1075 750 1074 750 1072 750 1076 751 1075 751 1072 751 1076 752 1072 752 1077 752 1081 26 1078 26 1079 26 1081 753 1079 753 1080 753 1084 754 1083 754 1082 754 1084 755 1082 755 1087 755 1086 756 1085 756 1084 756 1086 757 1084 757 1087 757 1093 758 1088 758 1089 758 1091 759 1090 759 1088 759 1092 760 1091 760 1088 760 1092 761 1088 761 1093 761 1097 762 1095 762 1096 762 1094 26 1095 26 1097 26 1100 763 1099 763 1098 763 1100 764 1098 764 1103 764 1102 765 1101 765 1100 765 1102 766 1100 766 1103 766 1105 767 1107 767 1106 767 1104 768 1108 768 1107 768 1104 769 1107 769 1105 769 1109 770 1108 770 1104 770 1111 771 1113 771 1110 771 1111 26 1112 26 1113 26 1115 772 1116 772 1114 772 1117 773 1116 773 1115 773 1119 774 1118 774 1117 774 1119 775 1117 775 1115 775 1125 776 1120 776 1121 776 1123 777 1122 777 1120 777 1124 778 1123 778 1120 778 1124 779 1120 779 1125 779 1127 780 1129 780 1126 780 1128 26 1129 26 1127 26 1131 781 1134 781 1130 781 1131 782 1135 782 1134 782 1132 783 1136 783 1135 783 1132 784 1135 784 1131 784 1133 785 1136 785 1132 785 1150 786 1159 786 1152 786 1151 787 1150 787 1152 787 1149 788 1159 788 1148 788 1162 789 1157 789 1158 789 1160 790 1157 790 1162 790 1146 791 1161 791 1162 791 1142 792 1155 792 1156 792 1138 793 1153 793 1154 793 1139 794 1153 794 1138 794 1140 795 1155 795 1142 795 1148 796 1159 796 1150 796 1158 797 1159 797 1149 797 1145 798 1149 798 1144 798 1145 799 1146 799 1158 799 1145 800 1158 800 1149 800 1158 801 1146 801 1162 801 1147 802 1160 802 1161 802 1147 803 1157 803 1160 803 1147 804 1161 804 1146 804 1156 805 1157 805 1147 805 1156 806 1143 806 1142 806 1147 807 1143 807 1156 807 1154 808 1140 808 1141 808 1154 809 1155 809 1140 809 1138 810 1154 810 1141 810 1138 811 1141 811 1137 811 1166 812 1165 812 1164 812 1163 813 1166 813 1164 813 1169 814 1168 814 1167 814 1169 814 1167 814 1170 814 1174 815 1173 815 1172 815 1171 816 1174 816 1172 816 1177 817 1176 817 1175 817 1177 818 1175 818 1178 818 1182 819 1181 819 1180 819 1179 820 1182 820 1180 820 1185 821 1184 821 1183 821 1185 822 1183 822 1186 822 1190 823 1189 823 1188 823 1187 824 1190 824 1188 824 1193 825 1192 825 1191 825 1193 826 1191 826 1194 826 1198 827 1197 827 1196 827 1195 828 1198 828 1196 828 1201 829 1200 829 1199 829 1201 830 1199 830 1202 830 1203 831 1205 831 1206 831 1204 832 1203 832 1206 832 1207 26 1210 26 1208 26 1209 26 1210 26 1207 26 1211 833 1213 833 1214 833 1212 834 1211 834 1214 834 1215 26 1218 26 1216 26 1215 835 1217 835 1218 835 1219 836 1221 836 1222 836 1220 837 1219 837 1222 837 1223 26 1225 26 1226 26 1224 26 1223 26 1226 26 1227 838 1229 838 1230 838 1228 839 1227 839 1230 839 1234 840 1232 840 1231 840 1233 841 1234 841 1231 841 1235 842 1237 842 1238 842 1236 843 1235 843 1238 843 1242 26 1239 26 1241 26 1242 844 1240 844 1239 844 1246 845 1276 845 1243 845 1244 26 1247 26 1258 26 1257 26 1244 26 1258 26 1278 26 1246 26 1245 26 1279 26 1278 26 1245 26 1279 26 1245 26 1244 26 1280 846 1279 846 1244 846 1277 847 1246 847 1278 847 1277 26 1276 26 1246 26 1281 848 1280 848 1244 848 1281 849 1244 849 1257 849 1277 850 1259 850 1276 850 1281 26 1257 26 1256 26 1292 26 1259 26 1277 26 1282 851 1256 851 1255 851 1282 26 1281 26 1256 26 1292 852 1260 852 1259 852 1282 853 1255 853 1254 853 1291 26 1260 26 1292 26 1291 854 1261 854 1260 854 1283 26 1254 26 1253 26 1283 26 1282 26 1254 26 1291 855 1262 855 1261 855 1263 26 1262 26 1291 26 1263 856 1291 856 1290 856 1252 857 1284 857 1283 857 1252 26 1283 26 1253 26 1264 26 1263 26 1290 26 1251 26 1284 26 1252 26 1265 26 1264 26 1290 26 1265 858 1290 858 1289 858 1250 26 1285 26 1284 26 1250 26 1284 26 1251 26 1266 859 1265 859 1289 859 1249 26 1285 26 1250 26 1267 26 1266 26 1289 26 1267 860 1289 860 1288 860 1248 26 1285 26 1249 26 1268 26 1267 26 1288 26 1275 26 1286 26 1285 26 1275 26 1285 26 1248 26 1269 26 1268 26 1288 26 1274 26 1286 26 1275 26 1270 861 1269 861 1288 861 1270 862 1288 862 1287 862 1273 26 1286 26 1274 26 1271 863 1270 863 1287 863 1272 26 1286 26 1273 26 1272 864 1287 864 1286 864 1272 865 1271 865 1287 865 1294 866 1293 866 1296 866 1294 867 1296 867 1298 867 1295 868 1298 868 1297 868 1295 869 1294 869 1298 869 1302 870 1308 870 1309 870 1303 871 1302 871 1309 871 1310 872 1303 872 1309 872 1304 873 1303 873 1310 873 1311 874 1304 874 1310 874 1305 875 1304 875 1311 875 1315 876 1311 876 1312 876 1315 877 1305 877 1311 877 1315 878 1306 878 1305 878 1313 879 1315 879 1312 879 1306 880 1315 880 1313 880 1307 881 1313 881 1314 881 1307 882 1306 882 1313 882 1307 883 1314 883 1299 883 1307 884 1299 884 1301 884 1317 885 1316 885 1320 885 1317 886 1320 886 1319 886 1318 887 1317 887 1319 887 1342 888 1321 888 1322 888 1342 889 1337 889 1321 889 1333 890 1335 890 1334 890 1333 891 1322 891 1335 891 1342 892 1322 892 1333 892 1343 893 1342 893 1333 893 1337 894 1342 894 1343 894 1332 895 1343 895 1333 895 1338 896 1337 896 1343 896 1344 897 1332 897 1331 897 1344 898 1343 898 1332 898 1344 899 1338 899 1343 899 1344 900 1339 900 1338 900 1330 901 1344 901 1331 901 1339 902 1344 902 1330 902 1345 903 1330 903 1329 903 1345 904 1339 904 1330 904 1340 905 1339 905 1345 905 1327 906 1329 906 1328 906 1345 907 1329 907 1327 907 1327 908 1326 908 1325 908 1341 909 1340 909 1345 909 1324 910 1327 910 1325 910 1346 911 1345 911 1327 911 1346 912 1327 912 1324 912 1346 913 1341 913 1345 913 1346 914 1324 914 1323 914 1346 915 1323 915 1336 915 1341 916 1346 916 1336 916 1349 917 1350 917 1352 917 1347 918 1352 918 1351 918 1347 919 1349 919 1352 919 1348 920 1347 920 1351 920 1364 921 1356 921 1359 921 1364 922 1359 922 1363 922 1357 923 1356 923 1364 923 1365 924 1363 924 1362 924 1365 925 1364 925 1363 925 1357 926 1364 926 1365 926 1366 927 1362 927 1361 927 1366 928 1365 928 1362 928 1358 929 1365 929 1366 929 1358 930 1357 930 1365 930 1366 931 1368 931 1358 931 1367 932 1366 932 1361 932 1367 933 1361 933 1360 933 1368 934 1366 934 1367 934 1369 935 1360 935 1353 935 1369 936 1367 936 1360 936 1354 937 1367 937 1369 937 1354 938 1368 938 1367 938 1355 939 1368 939 1354 939 1371 940 1372 940 1373 940 1371 941 1373 941 1374 941 1370 942 1371 942 1374 942 1384 943 1378 943 1379 943 1385 944 1384 944 1382 944 1386 945 1384 945 1385 945 1385 946 1382 946 1383 946 1386 947 1375 947 1376 947 1386 948 1380 948 1375 948 1381 949 1380 949 1386 949 1386 950 1378 950 1384 950 1386 951 1377 951 1378 951 1386 952 1376 952 1377 952 1385 953 1383 953 1381 953 1385 954 1381 954 1386 954 1390 955 1388 955 1387 955 1396 956 1388 956 1390 956 1392 957 1390 957 1391 957 1393 958 1390 958 1392 958 1396 959 1389 959 1388 959 1393 960 1396 960 1390 960 1395 961 1389 961 1396 961 1396 962 1393 962 1394 962 1395 963 1396 963 1394 963 1398 964 1400 964 1399 964 1398 965 1399 965 1397 965 1402 966 1401 966 1405 966 1402 967 1405 967 1404 967 1403 968 1402 968 1404 968 1419 969 1407 969 1420 969 1427 970 1407 970 1419 970 1422 971 1407 971 1427 971 1422 972 1406 972 1407 972 1418 973 1427 973 1419 973 1423 974 1422 974 1427 974 1428 975 1427 975 1418 975 1423 976 1427 976 1428 976 1416 977 1418 977 1417 977 1428 978 1418 978 1416 978 1429 979 1423 979 1428 979 1429 980 1424 980 1423 980 1415 981 1428 981 1416 981 1429 982 1428 982 1415 982 1413 983 1415 983 1414 983 1413 984 1429 984 1415 984 1430 985 1429 985 1413 985 1425 986 1424 986 1429 986 1425 987 1429 987 1430 987 1411 988 1413 988 1412 988 1431 989 1413 989 1411 989 1431 990 1430 990 1413 990 1426 991 1430 991 1431 991 1426 992 1425 992 1430 992 1431 993 1411 993 1410 993 1432 994 1426 994 1431 994 1431 995 1409 995 1408 995 1431 996 1410 996 1409 996 1432 997 1431 997 1408 997 1432 998 1408 998 1421 998 1426 999 1432 999 1421 999 1444 1000 1433 1000 1438 1000 1444 1001 1434 1001 1433 1001 1441 1002 1434 1002 1444 1002 1437 1003 1444 1003 1438 1003 1442 1004 1441 1004 1444 1004 1442 1005 1444 1005 1437 1005 1443 1006 1437 1006 1436 1006 1443 1007 1442 1007 1437 1007 1439 1008 1436 1008 1435 1008 1439 1009 1443 1009 1436 1009 1440 1010 1443 1010 1439 1010 1446 1011 1447 1011 1448 1011 1445 1012 1448 1012 1449 1012 1445 1013 1446 1013 1448 1013 1451 1014 1450 1014 1454 1014 1451 1015 1454 1015 1453 1015 1452 1016 1451 1016 1453 1016 1477 1017 1456 1017 1469 1017 1477 1018 1455 1018 1456 1018 1477 1019 1472 1019 1455 1019 1478 1020 1468 1020 1467 1020 1478 1021 1469 1021 1468 1021 1478 1022 1477 1022 1469 1022 1472 1023 1477 1023 1478 1023 1478 1024 1467 1024 1466 1024 1479 1025 1472 1025 1478 1025 1479 1026 1473 1026 1472 1026 1465 1027 1478 1027 1466 1027 1479 1028 1478 1028 1465 1028 1479 1029 1465 1029 1464 1029 1480 1030 1479 1030 1464 1030 1480 1031 1473 1031 1479 1031 1480 1032 1474 1032 1473 1032 1462 1033 1464 1033 1463 1033 1480 1034 1464 1034 1462 1034 1481 1035 1480 1035 1462 1035 1481 1036 1462 1036 1461 1036 1481 1037 1474 1037 1480 1037 1475 1038 1474 1038 1481 1038 1459 1039 1461 1039 1460 1039 1459 1040 1481 1040 1461 1040 1482 1041 1481 1041 1459 1041 1476 1042 1481 1042 1482 1042 1476 1043 1475 1043 1481 1043 1459 1044 1458 1044 1457 1044 1459 1045 1457 1045 1471 1045 1482 1046 1459 1046 1471 1046 1476 1047 1482 1047 1471 1047 1476 1048 1471 1048 1470 1048 1490 1049 1496 1049 1491 1049 1497 1050 1491 1050 1496 1050 1497 1051 1486 1051 1491 1051 1497 1052 1487 1052 1486 1052 1497 1053 1496 1053 1495 1053 1498 1054 1497 1054 1495 1054 1498 1055 1487 1055 1497 1055 1498 1056 1488 1056 1487 1056 1498 1057 1495 1057 1494 1057 1499 1058 1498 1058 1494 1058 1488 1059 1498 1059 1499 1059 1499 1060 1494 1060 1493 1060 1500 1061 1488 1061 1499 1061 1501 1062 1493 1062 1492 1062 1501 1063 1499 1063 1493 1063 1501 1064 1500 1064 1499 1064 1489 1065 1500 1065 1501 1065 1501 1066 1485 1066 1489 1066 1483 1067 1501 1067 1492 1067 1484 1068 1501 1068 1483 1068 1485 1069 1501 1069 1484 1069 1503 1070 1504 1070 1505 1070 1502 1071 1503 1071 1505 1071 1502 1072 1505 1072 1506 1072 1508 1073 1507 1073 1511 1073 1508 1074 1511 1074 1510 1074 1509 1075 1508 1075 1510 1075 1531 1076 1512 1076 1525 1076 1531 1077 1513 1077 1512 1077 1531 1078 1528 1078 1513 1078 1523 1079 1525 1079 1524 1079 1531 1080 1525 1080 1523 1080 1521 1081 1523 1081 1522 1081 1532 1082 1531 1082 1523 1082 1532 1083 1528 1083 1531 1083 1532 1084 1523 1084 1521 1084 1519 1085 1521 1085 1520 1085 1532 1086 1529 1086 1528 1086 1519 1087 1532 1087 1521 1087 1533 1088 1532 1088 1519 1088 1533 1089 1529 1089 1532 1089 1533 1090 1519 1090 1518 1090 1534 1091 1533 1091 1518 1091 1530 1092 1533 1092 1534 1092 1516 1093 1518 1093 1517 1093 1530 1094 1529 1094 1533 1094 1516 1095 1534 1095 1518 1095 1516 1096 1515 1096 1514 1096 1516 1097 1514 1097 1527 1097 1527 1098 1534 1098 1516 1098 1527 1099 1530 1099 1534 1099 1527 1100 1526 1100 1530 1100 1544 1101 1543 1101 1549 1101 1550 1102 1544 1102 1549 1102 1550 1103 1538 1103 1544 1103 1550 1104 1539 1104 1538 1104 1550 1105 1549 1105 1548 1105 1551 1106 1550 1106 1548 1106 1551 1107 1540 1107 1539 1107 1551 1108 1539 1108 1550 1108 1551 1109 1548 1109 1547 1109 1551 1110 1541 1110 1540 1110 1552 1111 1547 1111 1546 1111 1552 1112 1551 1112 1547 1112 1541 1113 1551 1113 1552 1113 1552 1114 1542 1114 1541 1114 1553 1115 1546 1115 1545 1115 1553 1116 1552 1116 1546 1116 1542 1117 1552 1117 1553 1117 1553 1118 1537 1118 1542 1118 1535 1119 1553 1119 1545 1119 1536 1120 1553 1120 1535 1120 1537 1121 1553 1121 1536 1121 1555 1122 1556 1122 1557 1122 1554 1123 1557 1123 1558 1123 1554 1124 1555 1124 1557 1124 1560 1125 1559 1125 1563 1125 1560 1126 1563 1126 1562 1126 1561 1127 1560 1127 1562 1127 1570 1128 1565 1128 1564 1128 1565 1129 1573 1129 1566 1129 1574 1130 1565 1130 1570 1130 1574 1131 1573 1131 1565 1131 1574 1132 1570 1132 1569 1132 1567 1133 1569 1133 1568 1133 1574 1134 1569 1134 1567 1134 1574 1135 1567 1135 1572 1135 1574 1136 1572 1136 1571 1136 1573 1137 1574 1137 1571 1137 1582 1138 1581 1138 1587 1138 1588 1139 1582 1139 1587 1139 1588 1140 1578 1140 1582 1140 1579 1141 1578 1141 1588 1141 1588 1142 1587 1142 1586 1142 1589 1143 1588 1143 1586 1143 1589 1144 1579 1144 1588 1144 1580 1145 1579 1145 1589 1145 1589 1146 1586 1146 1585 1146 1590 1147 1589 1147 1585 1147 1590 1148 1585 1148 1584 1148 1590 1149 1580 1149 1589 1149 1591 1150 1580 1150 1590 1150 1590 1151 1584 1151 1583 1151 1592 1152 1591 1152 1590 1152 1575 1153 1590 1153 1583 1153 1576 1154 1590 1154 1575 1154 1576 1155 1592 1155 1590 1155 1577 1156 1592 1156 1576 1156 1594 1157 1595 1157 1596 1157 1593 1158 1596 1158 1597 1158 1593 1159 1594 1159 1596 1159 1599 1160 1601 1160 1603 1160 1599 1161 1598 1161 1601 1161 1599 1162 1603 1162 1602 1162 1600 1163 1599 1163 1602 1163 1606 1164 1607 1164 1609 1164 1605 1165 1606 1165 1609 1165 1605 1166 1609 1166 1608 1166 1604 1167 1605 1167 1608 1167 1612 1168 1613 1168 1614 1168 1611 1169 1612 1169 1614 1169 1611 1170 1614 1170 1615 1170 1610 1171 1611 1171 1615 1171 1620 1172 1617 1172 1621 1172 1620 1173 1616 1173 1617 1173 1624 1174 1616 1174 1620 1174 1625 1175 1624 1175 1620 1175 1625 1176 1620 1176 1619 1176 1618 1177 1625 1177 1619 1177 1618 1178 1626 1178 1625 1178 1627 1179 1626 1179 1618 1179 1623 1180 1627 1180 1618 1180 1622 1181 1627 1181 1623 1181 1636 1182 1629 1182 1628 1182 1636 1183 1628 1183 1632 1183 1636 1184 1634 1184 1629 1184 1635 1185 1634 1185 1636 1185 1633 1186 1631 1186 1630 1186 1633 1187 1636 1187 1631 1187 1633 1188 1635 1188 1636 1188 1637 1189 1639 1189 1641 1189 1637 1190 1638 1190 1639 1190 1637 1191 1641 1191 1640 1191 1642 1192 1637 1192 1640 1192 1647 1193 1646 1193 1648 1193 1647 1194 1648 1194 1644 1194 1645 1195 1647 1195 1644 1195 1645 1196 1644 1196 1643 1196 1650 1197 1652 1197 1654 1197 1650 1198 1651 1198 1652 1198 1649 1199 1654 1199 1653 1199 1649 1200 1650 1200 1654 1200 1659 1201 1655 1201 1656 1201 1660 1202 1659 1202 1656 1202 1658 1203 1656 1203 1657 1203 1658 1204 1660 1204 1656 1204 1663 1205 1664 1205 1666 1205 1662 1206 1663 1206 1666 1206 1662 1207 1666 1207 1665 1207 1661 1208 1662 1208 1665 1208 1669 1209 1670 1209 1671 1209 1668 1210 1669 1210 1671 1210 1668 1211 1671 1211 1672 1211 1667 1212 1668 1212 1672 1212 1679 1213 1673 1213 1674 1213 1679 1214 1681 1214 1673 1214 1678 1215 1681 1215 1679 1215 1678 1216 1682 1216 1681 1216 1677 1217 1682 1217 1678 1217 1677 1218 1683 1218 1682 1218 1676 1219 1683 1219 1677 1219 1675 1220 1683 1220 1676 1220 1680 1221 1683 1221 1675 1221 1693 1222 1690 1222 1694 1222 1693 1223 1686 1223 1690 1223 1693 1224 1687 1224 1686 1224 1688 1225 1687 1225 1693 1225 1688 1226 1693 1226 1692 1226 1689 1227 1688 1227 1692 1227 1684 1228 1692 1228 1691 1228 1684 1229 1689 1229 1692 1229 1685 1230 1689 1230 1684 1230 1695 1231 1697 1231 1699 1231 1695 1232 1696 1232 1697 1232 1695 1233 1699 1233 1698 1233 1700 1234 1695 1234 1698 1234 1705 1235 1704 1235 1706 1235 1705 1236 1706 1236 1702 1236 1703 1237 1705 1237 1702 1237 1703 1238 1702 1238 1701 1238 1708 1239 1710 1239 1712 1239 1708 1240 1709 1240 1710 1240 1708 1241 1712 1241 1711 1241 1707 1242 1708 1242 1711 1242 1718 1243 1713 1243 1714 1243 1718 1244 1717 1244 1713 1244 1716 1245 1714 1245 1715 1245 1716 1246 1718 1246 1714 1246 1722 1247 1724 1247 1720 1247 1722 1248 1723 1248 1724 1248 1722 1249 1720 1249 1719 1249 1721 1250 1722 1250 1719 1250 1728 1251 1729 1251 1730 1251 1725 1252 1728 1252 1730 1252 1726 1253 1725 1253 1730 1253 1726 1254 1730 1254 1731 1254 1727 1255 1726 1255 1731 1255 1733 1256 1737 1256 1742 1256 1733 1257 1732 1257 1737 1257 1741 1258 1734 1258 1733 1258 1741 1259 1733 1259 1742 1259 1735 1260 1734 1260 1741 1260 1735 1261 1741 1261 1740 1261 1735 1262 1740 1262 1739 1262 1735 1263 1739 1263 1738 1263 1736 1264 1735 1264 1738 1264 1766 1265 1745 1265 1746 1265 1767 1266 1766 1266 1746 1266 1767 1267 1746 1267 1747 1267 1765 1268 1744 1268 1745 1268 1765 20 1745 20 1766 20 1767 1269 1747 1269 1748 1269 1765 1270 1743 1270 1744 1270 1768 1271 1767 1271 1748 1271 1764 20 1743 20 1765 20 1768 1272 1748 1272 1749 1272 1764 20 1763 20 1743 20 1769 20 1749 20 1750 20 1769 1273 1768 1273 1749 1273 1779 20 1763 20 1764 20 1779 1274 1762 1274 1763 1274 1770 20 1769 20 1750 20 1778 1275 1762 1275 1779 1275 1751 20 1770 20 1750 20 1761 20 1762 20 1778 20 1771 20 1770 20 1751 20 1777 20 1761 20 1778 20 1752 1276 1771 1276 1751 1276 1760 1277 1761 1277 1777 1277 1753 1278 1772 1278 1771 1278 1753 1279 1771 1279 1752 1279 1759 1280 1777 1280 1776 1280 1759 1281 1760 1281 1777 1281 1754 1282 1773 1282 1772 1282 1754 1283 1772 1283 1753 1283 1758 1284 1776 1284 1775 1284 1758 20 1759 20 1776 20 1755 1285 1774 1285 1773 1285 1755 1286 1773 1286 1754 1286 1757 20 1758 20 1775 20 1756 1287 1774 1287 1755 1287 1757 1288 1774 1288 1756 1288 1757 1289 1775 1289 1774 1289 1788 1290 1780 1290 1784 1290 1788 1291 1784 1291 1783 1291 1787 1292 1788 1292 1783 1292 1787 1293 1783 1293 1782 1293 1786 1294 1787 1294 1782 1294 1786 1295 1782 1295 1781 1295 1785 1296 1786 1296 1781 1296 1790 1297 1796 1297 1793 1297 1790 1298 1793 1298 1789 1298 1791 1299 1796 1299 1790 1299 1791 1300 1795 1300 1796 1300 1792 1301 1795 1301 1791 1301 1792 1302 1794 1302 1795 1302 1800 20 1798 20 1797 20 1800 1303 1811 1303 1810 1303 1800 1304 1812 1304 1811 1304 1800 1305 1797 1305 1812 1305 1800 1306 1799 1306 1798 1306 1806 1307 1808 1307 1807 1307 1802 20 1800 20 1810 20 1802 1308 1801 1308 1800 1308 1803 20 1805 20 1804 20 1803 1309 1809 1309 1808 1309 1803 1310 1810 1310 1809 1310 1803 20 1802 20 1810 20 1803 20 1808 20 1806 20 1803 20 1806 20 1805 20 1831 1311 1823 1311 1822 1311 1831 1312 1824 1312 1823 1312 1820 1313 1831 1313 1822 1313 1820 1314 1822 1314 1821 1314 1832 1315 1825 1315 1824 1315 1832 1316 1824 1316 1831 1316 1818 1317 1832 1317 1831 1317 1818 1318 1831 1318 1820 1318 1818 1319 1820 1319 1819 1319 1833 1320 1826 1320 1825 1320 1833 1321 1825 1321 1832 1321 1833 1322 1832 1322 1818 1322 1817 1323 1833 1323 1818 1323 1834 1324 1826 1324 1833 1324 1817 1325 1835 1325 1833 1325 1834 1326 1833 1326 1835 1326 1834 1327 1827 1327 1826 1327 1815 1328 1834 1328 1835 1328 1815 1329 1835 1329 1816 1329 1836 1330 1827 1330 1834 1330 1836 1331 1828 1331 1827 1331 1815 1332 1836 1332 1834 1332 1837 1333 1828 1333 1836 1333 1837 1334 1836 1334 1815 1334 1814 1335 1837 1335 1815 1335 1837 1336 1829 1336 1828 1336 1830 1337 1829 1337 1837 1337 1813 1338 1830 1338 1837 1338 1813 1339 1837 1339 1814 1339 1841 1340 1838 1340 1839 1340 1841 1341 1840 1341 1838 1341 1843 1342 1844 1342 1842 1342 1845 1343 1844 1343 1843 1343 1849 1344 1846 1344 1847 1344 1849 1345 1848 1345 1846 1345 1853 1346 1850 1346 1851 1346 1853 1347 1852 1347 1850 1347 1857 1348 1854 1348 1855 1348 1857 1349 1856 1349 1854 1349 1862 1350 1858 1350 1859 1350 1862 1351 1860 1351 1858 1351 1861 1352 1860 1352 1862 1352 1863 1353 1861 1353 1862 1353 1868 1354 1864 1354 1867 1354 1868 1355 1865 1355 1864 1355 1866 1356 1865 1356 1868 1356 1873 1357 1869 1357 1872 1357 1870 1358 1869 1358 1873 1358 1871 1359 1870 1359 1873 1359 1877 1360 1874 1360 1875 1360 1877 1361 1876 1361 1874 1361 1880 1362 1878 1362 1879 1362 1880 20 1879 20 1881 20 1885 1363 1882 1363 1883 1363 1885 1363 1884 1363 1882 1363 1889 1364 1886 1364 1887 1364 1889 1364 1888 1364 1886 1364 1893 1365 1890 1365 1891 1365 1893 1366 1892 1366 1890 1366 1897 1367 1894 1367 1895 1367 1897 1368 1896 1368 1894 1368 1900 1369 1898 1369 1899 1369 1900 20 1899 20 1901 20 1905 1370 1902 1370 1903 1370 1905 1371 1904 1371 1902 1371 1909 1372 1906 1372 1907 1372 1909 1373 1908 1373 1906 1373 1913 1374 1910 1374 1911 1374 1913 1375 1912 1375 1910 1375 1917 1376 1914 1376 1915 1376 1917 1377 1916 1377 1914 1377 1918 1378 1921 1378 1920 1378 1918 20 1919 20 1921 20 1925 1379 1922 1379 1923 1379 1925 1379 1924 1379 1922 1379 1929 1380 1926 1380 1927 1380 1929 1381 1928 1381 1926 1381 1933 1382 1930 1382 1931 1382 1933 1383 1932 1383 1930 1383 1937 1384 1934 1384 1935 1384 1937 1385 1936 1385 1934 1385 1939 20 1940 20 1938 20 1939 1386 1941 1386 1940 1386 1942 1387 1944 1387 1943 1387 1947 1388 1949 1388 1948 1388 1956 1389 1958 1389 1957 1389 1961 26 1959 26 1960 26 1969 1390 1962 1390 1966 1390 1969 1391 1963 1391 1962 1391 1968 1392 1966 1392 1965 1392 1968 1393 1969 1393 1966 1393 1967 1394 1965 1394 1964 1394 1967 1395 1968 1395 1965 1395 1982 1396 1983 1396 1984 1396 1978 1397 1975 1397 1976 1397 1978 1398 1976 1398 1977 1398 1979 26 1974 26 1975 26 1979 1399 1975 1399 1978 1399 1980 1400 1981 1400 1982 1400 1980 1401 1984 1401 1985 1401 1980 1402 1985 1402 1970 1402 1980 1403 1982 1403 1984 1403 1980 26 1971 26 1972 26 1980 26 1972 26 1973 26 1980 1404 1973 1404 1974 1404 1980 26 1970 26 1971 26 1980 26 1974 26 1979 26 1992 1405 1987 1405 1986 1405 1992 1406 1986 1406 1988 1406 1989 1407 1992 1407 1988 1407 1991 1408 1992 1408 1989 1408 1991 1409 1989 1409 1990 1409 1997 1410 1994 1410 1993 1410 1997 1411 1993 1411 1995 1411 1996 1412 1997 1412 1995 1412 2003 1413 2004 1413 1999 1413 2002 1414 1999 1414 1998 1414 2002 1415 2003 1415 1999 1415 2001 1416 1998 1416 2000 1416 2001 1417 2002 1417 1998 1417 2006 1418 2005 1418 2007 1418 2013 1419 2006 1419 2007 1419 2014 1420 2013 1420 2008 1420 2009 1421 2014 1421 2008 1421 2012 1422 2010 1422 2011 1422 2012 1423 2009 1423 2010 1423 2007 1424 2008 1424 2013 1424 2019 26 2025 26 2026 26 2020 26 2019 26 2026 26 2019 1425 2024 1425 2025 1425 2021 1426 2026 1426 2027 1426 2021 1427 2020 1427 2026 1427 2018 26 2023 26 2024 26 2018 1428 2024 1428 2019 1428 2021 1429 2027 1429 2028 1429 2017 1430 2022 1430 2023 1430 2017 26 2023 26 2018 26 2016 1431 2028 1431 2015 1431 2016 1432 2021 1432 2028 1432 2030 1433 2034 1433 2029 1433 2039 1434 2035 1434 2034 1434 2039 1435 2034 1435 2040 1435 2038 1436 2036 1436 2035 1436 2038 1437 2035 1437 2039 1437 2037 1438 2036 1438 2038 1438 2046 1439 2036 1439 2037 1439 2031 1440 2042 1440 2030 1440 2031 1441 2043 1441 2042 1441 2031 1442 2044 1442 2043 1442 2032 1443 2045 1443 2044 1443 2032 1444 2044 1444 2031 1444 2034 1445 2030 1445 2042 1445 2034 1446 2041 1446 2040 1446 2034 1447 2042 1447 2041 1447 2033 1448 2036 1448 2046 1448 2033 1449 2046 1449 2045 1449 2033 1450 2045 1450 2032 1450 2049 26 2047 26 2048 26 2049 26 2052 26 2053 26 2049 26 2053 26 2054 26 2049 26 2054 26 2055 26 2049 26 2055 26 2056 26 2049 1451 2056 1451 2047 1451 2049 1452 2051 1452 2052 1452 2049 1453 2050 1453 2051 1453 2058 1454 2061 1454 2057 1454 2058 1455 2062 1455 2061 1455 2059 1456 2062 1456 2058 1456 2059 1457 2063 1457 2062 1457 2060 1458 2063 1458 2059 1458 2064 1459 2067 1459 2066 1459 2065 1460 2067 1460 2064 1460 2072 1461 2073 1461 2074 1461 2075 1462 2072 1462 2074 1462 2071 26 2072 26 2075 26 2076 26 2071 26 2075 26 2070 1463 2071 1463 2076 1463 2077 1464 2070 1464 2076 1464 2069 26 2070 26 2077 26 2078 26 2069 26 2077 26 2068 1465 2078 1465 2079 1465 2068 26 2069 26 2078 26 2082 20 2080 20 2091 20 2082 20 2081 20 2080 20 2083 1466 2091 1466 2090 1466 2083 20 2082 20 2091 20 2084 20 2090 20 2089 20 2084 20 2083 20 2090 20 2085 1467 2089 1467 2088 1467 2085 20 2084 20 2089 20 2086 20 2085 20 2088 20 2087 20 2086 20 2088 20 2097 26 2098 26 2099 26 2097 26 2099 26 2100 26 2096 1468 2100 1468 2101 1468 2096 1469 2097 1469 2100 1469 2095 26 2101 26 2102 26 2095 1470 2096 1470 2101 1470 2094 1471 2102 1471 2103 1471 2094 1472 2095 1472 2102 1472 2092 26 2103 26 2104 26 2092 26 2104 26 2105 26 2092 26 2094 26 2103 26 2092 26 2105 26 2093 26 2119 20 2107 20 2106 20 2119 20 2108 20 2107 20 2118 1473 2109 1473 2108 1473 2118 20 2108 20 2119 20 2117 1474 2110 1474 2109 1474 2117 20 2109 20 2118 20 2116 20 2111 20 2110 20 2116 20 2110 20 2117 20 2114 20 2112 20 2111 20 2114 1475 2113 1475 2112 1475 2114 1476 2111 1476 2116 1476 2114 1477 2115 1477 2113 1477 2126 1478 2120 1478 2121 1478 2126 1479 2122 1479 2120 1479 2127 1480 2123 1480 2122 1480 2127 1481 2122 1481 2126 1481 2125 1482 2124 1482 2123 1482 2125 1483 2123 1483 2127 1483 2129 1484 2130 1484 2128 1484 2134 1485 2131 1485 2130 1485 2134 1486 2130 1486 2129 1486 2133 1487 2132 1487 2131 1487 2133 1488 2131 1488 2134 1488 2136 26 2147 26 2135 26 2146 1489 2147 1489 2136 1489 2137 26 2146 26 2136 26 2145 1490 2146 1490 2137 1490 2138 26 2144 26 2145 26 2138 26 2145 26 2137 26 2139 26 2143 26 2144 26 2139 26 2144 26 2138 26 2140 26 2142 26 2143 26 2140 26 2143 26 2139 26 2141 26 2142 26 2140 26 2160 20 2159 20 2158 20 2157 1491 2160 1491 2158 1491 2148 20 2160 20 2157 20 2156 20 2148 20 2157 20 2149 20 2156 20 2155 20 2149 20 2148 20 2156 20 2150 1492 2155 1492 2154 1492 2150 20 2149 20 2155 20 2151 1493 2154 1493 2153 1493 2151 20 2150 20 2154 20 2152 20 2151 20 2153 20 2162 1494 2163 1494 2161 1494 2167 1495 2164 1495 2163 1495 2167 1496 2163 1496 2162 1496 2166 1497 2165 1497 2164 1497 2166 1498 2164 1498 2167 1498 2169 26 2179 26 2168 26 2178 26 2179 26 2169 26 2170 26 2178 26 2169 26 2177 26 2178 26 2170 26 2171 26 2177 26 2170 26 2176 26 2177 26 2171 26 2172 1499 2175 1499 2176 1499 2172 26 2176 26 2171 26 2173 1500 2174 1500 2175 1500 2173 26 2175 26 2172 26 2188 20 2187 20 2186 20 2185 20 2188 20 2186 20 2189 20 2188 20 2185 20 2184 1501 2189 1501 2185 1501 2190 20 2189 20 2184 20 2183 20 2190 20 2184 20 2191 1502 2183 1502 2182 1502 2191 20 2190 20 2183 20 2180 1503 2182 1503 2181 1503 2180 20 2191 20 2182 20 2197 1504 2192 1504 2193 1504 2197 1505 2194 1505 2192 1505 2198 1506 2195 1506 2194 1506 2198 1507 2194 1507 2197 1507 2196 1508 2195 1508 2198 1508 2208 1509 2201 1509 2202 1509 2207 26 2202 26 2203 26 2207 26 2208 26 2202 26 2209 26 2200 26 2201 26 2209 1510 2201 1510 2208 1510 2206 26 2203 26 2204 26 2206 1511 2207 1511 2203 1511 2210 26 2199 26 2200 26 2210 1512 2200 1512 2209 1512 2205 26 2206 26 2204 26 2215 20 2221 20 2220 20 2214 20 2222 20 2221 20 2214 1513 2221 1513 2215 1513 2216 1514 2220 1514 2219 1514 2216 1515 2215 1515 2220 1515 2213 20 2211 20 2222 20 2213 20 2222 20 2214 20 2217 20 2219 20 2218 20 2217 1516 2216 1516 2219 1516 2212 20 2211 20 2213 20 2228 1517 2230 1517 2229 1517 2228 1518 2231 1518 2230 1518 2228 1519 2232 1519 2231 1519 2227 26 2233 26 2232 26 2227 1520 2234 1520 2233 1520 2227 1521 2232 1521 2228 1521 2226 1522 2235 1522 2234 1522 2226 1523 2236 1523 2235 1523 2226 1524 2237 1524 2236 1524 2226 26 2234 26 2227 26 2225 26 2238 26 2237 26 2225 1525 2239 1525 2238 1525 2225 26 2237 26 2226 26 2224 1526 2240 1526 2239 1526 2224 26 2241 26 2240 26 2224 1527 2239 1527 2225 1527 2223 1528 2241 1528 2224 1528 2243 1529 2242 1529 2246 1529 2244 1530 2246 1530 2247 1530 2244 1531 2243 1531 2246 1531 2244 1532 2247 1532 2248 1532 2245 1533 2244 1533 2248 1533 2245 1534 2248 1534 2249 1534 2250 1535 2259 1535 2260 1535 2250 1536 2260 1536 2261 1536 2250 1537 2261 1537 2262 1537 2250 1538 2258 1538 2259 1538 2251 1539 2262 1539 2263 1539 2251 1540 2263 1540 2264 1540 2251 1541 2264 1541 2265 1541 2251 26 2250 26 2262 26 2252 26 2255 26 2256 26 2252 1542 2265 1542 2266 1542 2252 1543 2266 1543 2255 1543 2252 26 2251 26 2265 26 2253 1544 2256 1544 2257 1544 2253 1545 2257 1545 2254 1545 2253 1546 2252 1546 2256 1546 2273 1547 2268 1547 2267 1547 2273 1548 2267 1548 2269 1548 2274 1549 2269 1549 2270 1549 2274 1550 2273 1550 2269 1550 2272 1551 2270 1551 2271 1551 2272 1552 2274 1552 2270 1552 2289 1553 2287 1553 2288 1553 2289 1554 2288 1554 2276 1554 2277 1555 2289 1555 2276 1555 2290 1556 2277 1556 2278 1556 2290 1557 2289 1557 2277 1557 2279 26 2290 26 2278 26 2280 1558 2290 1558 2279 1558 2291 26 2290 26 2280 26 2281 26 2291 26 2280 26 2282 1559 2291 1559 2281 1559 2283 1560 2291 1560 2282 1560 2292 26 2291 26 2283 26 2284 26 2292 26 2283 26 2285 26 2292 26 2284 26 2286 26 2292 26 2285 26 2275 1561 2292 1561 2286 1561 2298 1562 2293 1562 2295 1562 2298 1563 2294 1563 2293 1563 2297 1564 2295 1564 2296 1564 2297 1565 2298 1565 2295 1565 2301 1566 2313 1566 2300 1566 2302 1567 2313 1567 2301 1567 2303 26 2313 26 2302 26 2312 1568 2299 1568 2316 1568 2304 1569 2314 1569 2313 1569 2304 26 2313 26 2303 26 2311 26 2312 26 2316 26 2305 26 2314 26 2304 26 2310 26 2316 26 2315 26 2310 1570 2311 1570 2316 1570 2306 26 2314 26 2305 26 2309 26 2310 26 2315 26 2307 1571 2315 1571 2314 1571 2307 26 2314 26 2306 26 2308 26 2315 26 2307 26 2308 1572 2309 1572 2315 1572 2323 1573 2318 1573 2317 1573 2323 1574 2317 1574 2319 1574 2324 1575 2319 1575 2320 1575 2324 1576 2323 1576 2319 1576 2322 1577 2320 1577 2321 1577 2322 1578 2324 1578 2320 1578 2330 1579 2325 1579 2327 1579 2330 1580 2326 1580 2325 1580 2329 1581 2327 1581 2328 1581 2329 1582 2330 1582 2327 1582 2348 1583 2344 1583 2331 1583 2343 1584 2344 1584 2348 1584 2342 1585 2343 1585 2348 1585 2347 1586 2342 1586 2348 1586 2341 1587 2342 1587 2347 1587 2340 26 2341 26 2347 26 2339 1588 2347 1588 2346 1588 2339 1589 2340 1589 2347 1589 2338 1590 2339 1590 2346 1590 2337 1591 2338 1591 2346 1591 2336 26 2346 26 2345 26 2336 1592 2337 1592 2346 1592 2335 26 2336 26 2345 26 2334 26 2335 26 2345 26 2333 26 2345 26 2332 26 2333 26 2334 26 2345 26</p>
        </triangles>
        <triangles material="mat_0-material" count="320">
          <input semantic="VERTEX" source="#³µÖ48x3x18_007-mesh-vertices" offset="0"/>
          <input semantic="NORMAL" source="#³µÖ48x3x18_007-mesh-normals" offset="1"/>
          <p>2384 1593 2363 1593 2362 1593 2384 1594 2366 1594 2363 1594 2384 1595 2367 1595 2366 1595 2384 1596 2362 1596 2361 1596 2368 1597 2367 1597 2384 1597 2385 1598 2361 1598 2360 1598 2385 1599 2384 1599 2361 1599 2385 1600 2368 1600 2384 1600 2369 1601 2368 1601 2385 1601 2386 1602 2385 1602 2360 1602 2370 1603 2385 1603 2386 1603 2370 1604 2369 1604 2385 1604 2359 1605 2386 1605 2360 1605 2387 1606 2386 1606 2359 1606 2387 1607 2370 1607 2386 1607 2371 1608 2370 1608 2387 1608 2388 1609 2387 1609 2359 1609 2372 1610 2387 1610 2388 1610 2372 1611 2371 1611 2387 1611 2358 1612 2388 1612 2359 1612 2373 1613 2388 1613 2358 1613 2373 1614 2372 1614 2388 1614 2389 1615 2358 1615 2357 1615 2389 1616 2373 1616 2358 1616 2374 1617 2373 1617 2389 1617 2356 1618 2389 1618 2357 1618 2375 1619 2389 1619 2356 1619 2375 1620 2374 1620 2389 1620 2390 1621 2356 1621 2355 1621 2390 1622 2375 1622 2356 1622 2376 1623 2375 1623 2390 1623 2354 1624 2390 1624 2355 1624 2377 1625 2390 1625 2354 1625 2377 1626 2376 1626 2390 1626 2391 1627 2354 1627 2353 1627 2391 1628 2377 1628 2354 1628 2378 1629 2377 1629 2391 1629 2392 1630 2353 1630 2352 1630 2392 1631 2391 1631 2353 1631 2379 1632 2391 1632 2392 1632 2379 1633 2378 1633 2391 1633 2393 1634 2392 1634 2352 1634 2380 1635 2392 1635 2393 1635 2380 1636 2379 1636 2392 1636 2351 1637 2393 1637 2352 1637 2394 1638 2393 1638 2351 1638 2394 1639 2380 1639 2393 1639 2394 1640 2381 1640 2380 1640 2395 1641 2351 1641 2350 1641 2395 1642 2394 1642 2351 1642 2382 1643 2381 1643 2394 1643 2382 1644 2394 1644 2395 1644 2396 1645 2349 1645 2364 1645 2396 1646 2395 1646 2350 1646 2396 1647 2350 1647 2349 1647 2383 1648 2395 1648 2396 1648 2383 1649 2364 1649 2365 1649 2383 1650 2382 1650 2395 1650 2383 1651 2396 1651 2364 1651 2418 1652 2397 1652 2398 1652 2417 1653 2418 1653 2398 1653 2417 1654 2398 1654 2399 1654 2416 1655 2417 1655 2399 1655 2416 1656 2399 1656 2400 1656 2415 1657 2416 1657 2400 1657 2415 1658 2400 1658 2401 1658 2414 1659 2415 1659 2401 1659 2414 1660 2401 1660 2402 1660 2413 1661 2414 1661 2402 1661 2413 1662 2402 1662 2403 1662 2412 1663 2413 1663 2403 1663 2411 1664 2403 1664 2404 1664 2411 1665 2412 1665 2403 1665 2410 1666 2404 1666 2405 1666 2410 1667 2411 1667 2404 1667 2409 1668 2410 1668 2405 1668 2409 1669 2405 1669 2406 1669 2408 1670 2409 1670 2406 1670 2408 1671 2406 1671 2407 1671 2438 1672 2420 1672 2419 1672 2455 1673 2437 1673 2436 1673 2455 1674 2453 1674 2437 1674 2456 1675 2454 1675 2453 1675 2456 1676 2453 1676 2455 1676 2456 1677 2441 1677 2440 1677 2456 1678 2440 1678 2454 1678 2457 1679 2436 1679 2435 1679 2457 1680 2455 1680 2436 1680 2458 1681 2456 1681 2455 1681 2458 1682 2441 1682 2456 1682 2457 1683 2435 1683 2434 1683 2459 1684 2458 1684 2455 1684 2459 1685 2455 1685 2457 1685 2442 1686 2441 1686 2458 1686 2442 1687 2458 1687 2459 1687 2433 1688 2457 1688 2434 1688 2460 1689 2457 1689 2433 1689 2460 1690 2459 1690 2457 1690 2461 1691 2459 1691 2460 1691 2461 1692 2442 1692 2459 1692 2460 1693 2433 1693 2432 1693 2462 1694 2461 1694 2460 1694 2443 1695 2461 1695 2462 1695 2443 1696 2442 1696 2461 1696 2463 1697 2432 1697 2431 1697 2463 1698 2460 1698 2432 1698 2463 1699 2462 1699 2460 1699 2464 1700 2462 1700 2463 1700 2464 1701 2443 1701 2462 1701 2430 1702 2463 1702 2431 1702 2465 1703 2463 1703 2430 1703 2465 1704 2464 1704 2463 1704 2444 1705 2464 1705 2465 1705 2444 1706 2443 1706 2464 1706 2466 1707 2430 1707 2429 1707 2466 1708 2465 1708 2430 1708 2467 1709 2465 1709 2466 1709 2467 1710 2444 1710 2465 1710 2445 1711 2444 1711 2467 1711 2466 1712 2429 1712 2428 1712 2468 1713 2467 1713 2466 1713 2468 1714 2445 1714 2467 1714 2468 1715 2446 1715 2445 1715 2427 1716 2466 1716 2428 1716 2469 1717 2466 1717 2427 1717 2469 1718 2468 1718 2466 1718 2446 1719 2468 1719 2469 1719 2470 1720 2427 1720 2426 1720 2470 1721 2469 1721 2427 1721 2471 1722 2469 1722 2470 1722 2447 1723 2446 1723 2469 1723 2447 1724 2469 1724 2471 1724 2470 1725 2426 1725 2425 1725 2448 1726 2447 1726 2471 1726 2472 1727 2425 1727 2424 1727 2472 1728 2470 1728 2425 1728 2472 1729 2471 1729 2470 1729 2473 1730 2471 1730 2472 1730 2473 1731 2448 1731 2471 1731 2473 1732 2449 1732 2448 1732 2472 1733 2424 1733 2423 1733 2475 1734 2472 1734 2474 1734 2475 1735 2473 1735 2472 1735 2475 1736 2449 1736 2473 1736 2474 1737 2423 1737 2422 1737 2474 1738 2472 1738 2423 1738 2476 1739 2475 1739 2474 1739 2450 1740 2449 1740 2475 1740 2450 1741 2475 1741 2476 1741 2421 1742 2474 1742 2422 1742 2477 1743 2474 1743 2421 1743 2477 1744 2476 1744 2474 1744 2451 1745 2476 1745 2477 1745 2451 1746 2450 1746 2476 1746 2478 1747 2421 1747 2420 1747 2478 1748 2420 1748 2438 1748 2478 1749 2477 1749 2421 1749 2479 1750 2477 1750 2478 1750 2479 1751 2478 1751 2438 1751 2479 1752 2438 1752 2439 1752 2479 1753 2451 1753 2477 1753 2452 1754 2451 1754 2479 1754 2452 1755 2479 1755 2439 1755 2504 1756 2483 1756 2482 1756 2517 1757 2481 1757 2480 1757 2517 1758 2480 1758 2501 1758 2518 1759 2482 1759 2481 1759 2518 1760 2481 1760 2517 1760 2518 1761 2504 1761 2482 1761 2517 1762 2501 1762 2500 1762 2519 1763 2518 1763 2517 1763 2520 1764 2518 1764 2519 1764 2520 1765 2504 1765 2518 1765 2519 1766 2500 1766 2499 1766 2519 1767 2517 1767 2500 1767 2521 1768 2520 1768 2519 1768 2505 1769 2520 1769 2521 1769 2505 1770 2504 1770 2520 1770 2522 1771 2499 1771 2498 1771 2522 1772 2519 1772 2499 1772 2523 1773 2519 1773 2522 1773 2523 1774 2521 1774 2519 1774 2506 1775 2521 1775 2523 1775 2506 1776 2505 1776 2521 1776 2522 1777 2498 1777 2497 1777 2524 1778 2523 1778 2522 1778 2524 1779 2506 1779 2523 1779 2524 1780 2507 1780 2506 1780 2496 1781 2522 1781 2497 1781 2525 1782 2522 1782 2496 1782 2525 1783 2524 1783 2522 1783 2507 1784 2524 1784 2525 1784 2525 1785 2496 1785 2495 1785 2526 1786 2507 1786 2525 1786 2508 1787 2507 1787 2526 1787 2527 1788 2525 1788 2495 1788 2527 1789 2495 1789 2494 1789 2527 1790 2526 1790 2525 1790 2528 1791 2526 1791 2527 1791 2509 1792 2526 1792 2528 1792 2509 1793 2508 1793 2526 1793 2493 1794 2527 1794 2494 1794 2529 1795 2528 1795 2527 1795 2529 1796 2509 1796 2528 1796 2529 1797 2510 1797 2509 1797 2492 1798 2527 1798 2493 1798 2530 1799 2527 1799 2492 1799 2530 1800 2529 1800 2527 1800 2510 1801 2529 1801 2530 1801 2531 1802 2492 1802 2491 1802 2531 1803 2530 1803 2492 1803 2511 1804 2530 1804 2531 1804 2511 1805 2510 1805 2530 1805 2531 1806 2491 1806 2490 1806 2532 1807 2511 1807 2531 1807 2512 1808 2511 1808 2532 1808 2533 1809 2490 1809 2489 1809 2533 1810 2531 1810 2490 1810 2533 1811 2532 1811 2531 1811 2534 1812 2532 1812 2533 1812 2534 1813 2512 1813 2532 1813 2534 1814 2513 1814 2512 1814 2488 1815 2533 1815 2489 1815 2535 1816 2533 1816 2488 1816 2536 1817 2534 1817 2533 1817 2536 1818 2533 1818 2535 1818 2536 1819 2513 1819 2534 1819 2535 1820 2488 1820 2487 1820 2537 1821 2536 1821 2535 1821 2514 1822 2513 1822 2536 1822 2514 1823 2536 1823 2537 1823 2538 1824 2487 1824 2486 1824 2538 1825 2535 1825 2487 1825 2538 1826 2537 1826 2535 1826 2539 1827 2537 1827 2538 1827 2515 1828 2537 1828 2539 1828 2515 1829 2514 1829 2537 1829 2485 1830 2538 1830 2486 1830 2538 1831 2485 1831 2484 1831 2538 1832 2484 1832 2502 1832 2539 1833 2538 1833 2502 1833 2516 1834 2515 1834 2539 1834 2516 1835 2539 1835 2502 1835 2516 1836 2502 1836 2503 1836 2541 1837 2540 1837 2542 1837 2560 1838 2541 1838 2542 1838 2560 1839 2542 1839 2543 1839 2559 1840 2560 1840 2543 1840 2558 1841 2543 1841 2544 1841 2558 1842 2559 1842 2543 1842 2557 1843 2544 1843 2545 1843 2557 1844 2558 1844 2544 1844 2556 1845 2545 1845 2546 1845 2556 1846 2557 1846 2545 1846 2556 1847 2546 1847 2547 1847 2555 1848 2556 1848 2547 1848 2555 1849 2547 1849 2548 1849 2554 1850 2555 1850 2548 1850 2554 1851 2548 1851 2549 1851 2553 1852 2554 1852 2549 1852 2553 1853 2549 1853 2550 1853 2552 1854 2553 1854 2550 1854 2552 1855 2550 1855 2551 1855 2579 1856 2562 1856 2561 1856 2579 1857 2561 1857 2577 1857 2595 1858 2577 1858 2576 1858 2595 1859 2579 1859 2577 1859 2580 1860 2579 1860 2595 1860 2595 1861 2576 1861 2575 1861 2581 1862 2580 1862 2595 1862 2574 1863 2595 1863 2575 1863 2582 1864 2595 1864 2574 1864 2582 1865 2581 1865 2595 1865 2596 1866 2574 1866 2573 1866 2596 1867 2582 1867 2574 1867 2583 1868 2582 1868 2596 1868 2572 1869 2596 1869 2573 1869 2597 1870 2596 1870 2572 1870 2597 1871 2583 1871 2596 1871 2584 1872 2583 1872 2597 1872 2597 1873 2572 1873 2571 1873 2585 1874 2584 1874 2597 1874 2598 1875 2571 1875 2570 1875 2598 1876 2597 1876 2571 1876 2598 1877 2585 1877 2597 1877 2586 1878 2585 1878 2598 1878 2599 1879 2598 1879 2570 1879 2599 1880 2586 1880 2598 1880 2587 1881 2586 1881 2599 1881 2569 1882 2599 1882 2570 1882 2600 1883 2599 1883 2569 1883 2588 1884 2587 1884 2599 1884 2588 1885 2599 1885 2600 1885 2601 1886 2569 1886 2568 1886 2601 1887 2600 1887 2569 1887 2601 1888 2588 1888 2600 1888 2589 1889 2588 1889 2601 1889 2602 1890 2601 1890 2568 1890 2602 1891 2589 1891 2601 1891 2590 1892 2589 1892 2602 1892 2603 1893 2568 1893 2567 1893 2603 1894 2602 1894 2568 1894 2604 1895 2602 1895 2603 1895 2604 1896 2590 1896 2602 1896 2605 1897 2603 1897 2567 1897 2605 1898 2604 1898 2603 1898 2591 1899 2604 1899 2605 1899 2566 1900 2605 1900 2567 1900 2606 1901 2605 1901 2566 1901 2592 1902 2605 1902 2606 1902 2592 1903 2591 1903 2605 1903 2565 1904 2606 1904 2566 1904 2593 1905 2606 1905 2565 1905 2593 1906 2592 1906 2606 1906 2607 1907 2564 1907 2563 1907 2607 1908 2565 1908 2564 1908 2607 1909 2563 1909 2578 1909 2607 1910 2593 1910 2565 1910 2594 1911 2593 1911 2607 1911 2594 1912 2607 1912 2578 1912</p>
        </triangles>
      </mesh>
    </geometry>
  </library_geometries>
  <library_visual_scenes>
    <visual_scene id="Scene" name="Scene">
      <node id="yahboom_rear_right" name="yahboom_rear_right" type="NODE">
        <matrix sid="transform">1 0 0 0 0 1 0 0 0 0 1 0 0 0 0 1</matrix>
        <instance_geometry url="#³µÖ48x3x18_007-mesh" name="yahboom_rear_right">
          <bind_material>
            <technique_common>
              <instance_material symbol="mat_5-material" target="#mat_5-material"/>
              <instance_material symbol="mat_0-material" target="#mat_0-material"/>
            </technique_common>
          </bind_material>
        </instance_geometry>
      </node>
    </visual_scene>
  </library_visual_scenes>
  <scene>
    <instance_visual_scene url="#Scene"/>
  </scene>
</COLLADA>