<?xml version="1.0" encoding="utf-8"?>
<COLLADA xmlns="http://www.collada.org/2005/11/COLLADASchema" version="1.4.1" xmlns:xsi="http://www.w3.org/2001/XMLSchema-instance">
  <asset>
    <contributor>
      <author>Blender User</author>
      <authoring_tool>Blender 3.0.1</authoring_tool>
    </contributor>
    <created>2026-09-22T10:44:01</created>
    <modified>2026-09-22T10:44:01</modified>
    <unit name="meter" meter="1"/>
    <up_axis>Z_UP</up_axis>
  </asset>
  <library_effects>
    <effect id="mat_5-effect">
      <profile_COMMON>
        <technique sid="common">
          <lambert>
            <emission>
              <color sid="emission">0 0 0 1</color>
            </emission>
            <diffuse>
              <color sid="diffuse">0.3762621 0.3419144 0.3049873 1</color>
            </diffuse>
            <reflectivity>
              <float sid="specular">1</float>
            </reflectivity>
            <index_of_refraction>
              <float sid="ior">1.45</float>
            </index_of_refraction>
          </lambert>
        </technique>
      </profile_COMMON>
    </effect>
    <effect id="mat_0-effect">
      <profile_COMMON>
        <technique sid="common">
          <lambert>
            <emission>
              <color sid="emission">0 0 0 1</color>
            </emission>
            <diffuse>
              <color sid="diffuse">1 1 1 1</color>
            </diffuse>
            <reflectivity>
              <float sid="specular">1</float>
            </reflectivity>
            <index_of_refraction>
              <float sid="ior">1.45</float>
            </index_of_refraction>
          </lambert>
        </technique>
      </profile_COMMON>
    </effect>
  </library_effects>
  <library_images/>
  <library_materials>
    <material id="mat_5-material" name="mat_5">
      <instance_effect url="#mat_5-effect"/>
    </material>
    <material id="mat_0-material" name="mat_0">
      <instance_effect url="#mat_0-effect"/>
    </material>
  </library_materials>
  <library_geometries>
    <geometry id="³µÖ48x3x18_006-mesh" name="³µÖ48x3x18.006">
      <mesh>
        <source id="³µÖ48x3x18_006-mesh-positions">
          <float_array id="³µÖ48x3x18_006-mesh-positions-array" count="7830">-0.003484547 0.007859706 0.003075599 -0.005594015 0.008999943 0.004934966 -0.004521489 0.009006023 0.005950152 -0.003253221 0.008954882 0.006735384 -0.005360305 0.008000075 0.003084301 -0.005331397 0.008424878 0.003123164 -0.004539668 0.00837773 0.00401771 -0.004415273 0.008161604 0.003329038 -0.004903495 0.00825119 0.002962708 -0.004540801 0.007999956 0.004016816 -0.004381775 0.007999897 0.003204226 -0.007588207 0.00901705 1.93896e-4 -0.005994319 0.008386373 0.001025557 -0.00450313 0.007955372 0.001803696 -0.00450313 0.003999948 0.001803696 -0.007599472 0.003999948 1.88015e-4 -0.004492461 0.004000008 0.00178653 -0.00450313 0.007955372 0.001803696 -0.003845214 0.007839739 0.002324759 -0.003401517 0.007955789 0.003464102 -0.003255605 0.004000067 0.003444075 -0.00343126 0.003999948 0.003468751 -0.00343126 0.007964074 0.003468751 -0.003342628 0.008395075 0.005106687 -0.003247678 0.00901705 0.006860613 -0.003246963 0.003999948 0.006873428 -0.007758021 0.008999943 2.05927e-4 -0.006163239 0.008999943 0.004551649 -0.003284633 0.008999943 0.006938457 -0.007674157 0.003999948 1.96146e-4 -0.006656289 0.003999948 0.003794312 -0.003327548 0.003999948 0.007011175 -0.003246963 0.003999948 0.006873428 -0.003482282 0.003999948 0.003054022 -0.003840446 0.003999948 0.00234878 -0.004283607 0.003999948 0.001932442 -0.007599472 0.003999948 1.88015e-4 -0.007475495 0.003999948 0.001380026 -0.00716567 0.003999948 0.002537786 -0.006677746 0.003999948 0.003632426 -0.006023883 0.003999948 0.004636824 -0.005220293 0.003999948 0.005525946 -0.004286885 0.003999948 0.00627768 -0.003246963 0.008999943 0.006873428 -0.003255724 0.008999943 0.006711721 -0.005594015 0.008999943 0.004934966 -0.004522919 0.008999943 0.005952417 -0.00745505 0.008999943 2.63376e-4 -0.007300138 0.008999943 0.00153464 -0.006930053 0.008999943 0.002760708 -0.006355702 0.008999943 0.003905415 -0.007599472 0.008999943 1.88015e-4 -0.007475495 0.008999943 0.001380026 -0.00716567 0.008999943 0.002537786 -0.006677746 0.008999943 0.003632426 -0.006023883 0.008999943 0.004636824 -0.005220293 0.008999943 0.005525946 -0.004286885 0.008999943 0.00627768 -0.003491103 0.007896661 0.003079831 -0.004454016 0.008335113 0.003910422 -0.005594015 0.008999943 0.004934966 -0.004775166 0.007974028 0.001658797 -0.00404036 0.007868885 0.002118587 -0.00363332 0.00785619 0.002684712 -0.00745505 0.008999943 2.63376e-4 -0.007300138 0.008999943 0.00153464 -0.006930053 0.008999943 0.002760708 -0.006355702 0.008999943 0.003905415 -0.005380988 0.008451223 0.003162086 -0.005538403 0.008601307 0.003565073 -0.005333721 0.008640229 0.004025638 -0.00481522 0.008468806 0.004163384 -0.004348576 0.008196175 0.003418505 -0.004696726 0.00819838 0.003014683 -0.00509268 0.008321225 0.002994537 -0.005328774 0.008424937 0.003126382 -0.00551939 0.008633017 0.003706693 -0.005115509 0.008592963 0.004134774 -0.004538416 0.008380293 0.00402534 -0.005394279 0.008000016 0.003070116 -0.005394756 0.007999956 0.003988504 -0.004510939 0.007999956 0.00406599 -0.005332648 0.007999956 0.003122031 -0.005537569 0.007999956 0.003475189 -0.00542134 0.007999956 0.003918945 -0.005081713 0.007999956 0.00414443 -0.004627704 0.007999956 0.004079282 -0.004381716 0.007999956 0.003753364 -0.004362583 0.007999956 0.003448128 -0.004530906 0.007999956 0.003133356 -0.004956722 0.007999956 0.002962768 -0.005364894 0.008000075 -0.004131495 -0.004530668 0.008177757 -0.003159523 -0.004347324 0.008176803 -0.003430545 -0.004466593 0.00835812 -0.004020035 -0.005282759 0.008643507 -0.004039764 -0.004488229 0.007999956 -0.003120422 -0.004389345 0.008000016 -0.003919422 -0.002527177 0.003999948 -0.007169425 -0.005093038 0.003999948 -0.005784511 -0.005028963 0.008999943 -0.005700528 -0.002569258 0.008999943 -0.007266223 -0.002529263 0.00901705 -0.007156908 -0.002827703 0.008386373 -0.005384027 -0.003106951 0.007955372 -0.003725349 -0.003106951 0.003999948 -0.003725349 -0.002527177 0.003999948 -0.007169425 -0.003085851 0.004000008 -0.003719985 -0.003106951 0.007955372 -0.003725349 -0.003367304 0.00784558 -0.002988398 -0.004338383 0.007950186 -0.002153635 -0.00428009 0.004000008 -0.002033591 -0.004359304 0.003999948 -0.002191424 -0.004359304 0.007964074 -0.002191424 -0.005889713 0.008395075 -0.00160098 -0.007528424 0.00901705 -9.68704e-4 -0.007540404 0.003999948 -9.64077e-4 -0.005073964 0.003999948 -0.005744338 -0.005028963 0.008999943 -0.005700528 -0.0078125 0.003999948 -0.001023054 -0.007540404 0.008999943 -9.64077e-4 -0.006725072 0.008999943 -0.0037449 -0.005456209 0.003999948 -0.005319595 -0.006442248 0.003999948 -0.004035413 -0.007176458 0.003999948 -0.00256592 -0.007540404 0.003999948 -9.64077e-4 -0.003980696 0.003999948 -0.002368092 -0.00342065 0.003999948 -0.002926647 -0.003161549 0.003999948 -0.003476798 -0.002527177 0.003999948 -0.007169425 -0.003856599 0.003999948 -0.006568789 -0.007540404 0.008999943 -9.64077e-4 -0.007389307 0.008999943 -0.001022338 -0.006976246 0.008999943 -0.002703726 -0.006148338 0.008999943 -0.0042243 -0.005025863 0.008999943 -0.005542457 -0.003604531 0.008999943 -0.006531059 -0.002554178 0.008999943 -0.00700879 -0.002527177 0.008999943 -0.007169425 -0.003856599 0.008999943 -0.006568789 -0.005456209 0.008999943 -0.005319595 -0.006442248 0.008999943 -0.004035413 -0.007176458 0.008999943 -0.00256592 -0.007459759 0.008843362 -0.001022934 -0.006971716 0.009011626 -0.002700388 -0.005820393 0.008996844 -0.004703879 -0.004109501 0.009009242 -0.006247222 -0.002576231 0.00880289 -0.007093787 -0.003229498 0.007878065 -0.003222227 -0.003940761 0.007882297 -0.00238645 -0.005432248 0.008637309 -0.003886699 -0.005508363 0.008562207 -0.003469526 -0.005270957 0.008407175 -0.003124773 -0.004995107 0.00829178 -0.00301218 -0.004653394 0.008196949 -0.003064155 -0.004379332 0.008174061 -0.003342628 -0.004333794 0.008237302 -0.00368905 -0.004456043 0.008342742 -0.003967046 -0.004694044 0.008461236 -0.004144251 -0.005110919 0.008610129 -0.004166603 -0.005311489 0.008633673 -0.004042148 -0.005513608 0.00860399 -0.003628611 -0.005198836 0.008364439 -0.003046452 -0.004541575 0.008166074 -0.003159403 -0.005316793 0.007999956 -0.004048526 -0.005518078 0.008000016 -0.003371 -0.004470586 0.007999956 -0.003065347 -0.005271553 0.007999956 -0.004077792 -0.005477786 0.007999956 -0.003786504 -0.005496919 0.007999956 -0.003481268 -0.005328595 0.007999956 -0.003166496 -0.004954934 0.007999956 -0.003003418 -0.004563868 0.007999956 -0.003118634 -0.004357635 0.007999956 -0.003409922 -0.004346013 0.007999956 -0.003766655 -0.004549264 0.007999956 -0.004060149 -0.004880487 0.007999956 -0.004193067 0.001512467 0.007999956 -0.006231427 0.001509487 0.008521139 -0.00623548 0.002346932 0.008281886 -0.00530219 0.00239408 0.008593082 -0.006129562 0.001951038 0.00863707 -0.006374895 0.002353072 0.008000075 -0.005295634 0.002205133 0.008000016 -0.006385564 0.006025016 0.00901705 -0.004617094 0.004246711 0.008386373 -0.004353106 0.002582907 0.007955372 -0.004106104 0.002582907 0.003999948 -0.004106104 0.006037592 0.003999948 -0.004618942 0.002584338 0.004000008 -0.004084348 0.002582907 0.007955372 -0.004106104 0.001801609 0.00784558 -0.004125952 7.07626e-4 0.007950186 -0.004791557 6.11488e-4 0.004000008 -0.004699051 7.37116e-4 0.003999948 -0.004823148 7.37116e-4 0.007964074 -0.004823148 -2.97394e-4 0.008395075 -0.006096184 -0.00140506 0.00901705 -0.007459282 -0.001413226 0.003999948 -0.007469296 0.006072223 0.008999943 -0.004650413 0.00291866 0.008999943 -0.007142961 -0.001420974 0.008999943 -0.007543981 0.006093204 0.003999948 -0.004669427 0.002593874 0.003999948 -0.007267177 -0.001417994 0.003999948 -0.007515788 -0.001413226 0.003999948 -0.007469296 0.0010221 0.003999948 -0.004517614 0.001726388 0.003999948 -0.004157602 0.002329647 0.003999948 -0.004081249 0.006037592 0.003999948 -0.004618942 0.005236625 0.003999948 -0.005510449 0.004305481 0.003999948 -0.006264984 0.003267347 0.003999948 -0.006863772 0.002147972 0.003999948 -0.007292032 9.7524e-4 0.003999948 -0.007538974 -2.21748e-4 0.003999948 -0.007598578 -0.001413226 0.008999943 -0.007469296 -0.001311063 0.008999943 -0.00734359 0.005876421 0.008999943 -0.004595041 0.005097508 0.008999943 -0.005446314 0.003718078 0.008999943 -0.006492555 0.002117574 0.008999943 -0.007152795 4.15616e-4 0.008999943 -0.007470309 0.006037592 0.008999943 -0.004618942 0.005236625 0.008999943 -0.005510449 0.004305481 0.008999943 -0.006264984 0.003267347 0.008999943 -0.006863772 0.002147972 0.008999943 -0.007292032 9.75244e-4 0.008999943 -0.007538974 -2.21748e-4 0.008999943 -0.007598578 0.005947053 0.008813679 -0.004638969 0.004671514 0.00900948 -0.005838751 0.002675056 0.008996546 -0.00698924 4.1407e-4 0.009010195 -0.0074656 -0.001311063 0.008999943 -0.00734359 7.59531e-4 0.007918536 -0.004792928 0.00206685 0.007876217 -0.004067659 0.001245796 0.007864356 -0.004371762 0.001347064 0.008439362 -0.006033062 0.00135523 0.00824505 -0.00555849 0.001581788 0.008177816 -0.005291044 0.001876533 0.008179426 -0.005198478 0.002156555 0.008234262 -0.005257368 0.002453327 0.008393824 -0.005533516 0.002449154 0.008559346 -0.006020009 0.002223551 0.008628904 -0.006286919 0.00192815 0.008629977 -0.006378531 0.001648902 0.008571624 -0.00632131 0.001455307 0.008522987 -0.006278276 0.001385509 0.008227586 -0.0054937 0.001817286 0.008164882 -0.005206942 0.002294361 0.008284151 -0.005343794 0.001510441 0.007999956 -0.00623238 0.001278221 0.008000016 -0.005711615 0.001802504 0.007999956 -0.005178391 0.002293884 0.007999956 -0.005344629 0.001548647 0.007999956 -0.00626856 0.001342356 0.007999956 -0.005977213 0.001330792 0.007999956 -0.005620479 0.001533985 0.007999956 -0.005327045 0.001865208 0.007999956 -0.005194127 0.002210497 0.007999956 -0.005284726 0.002448678 0.007999956 -0.005550503 0.002481639 0.007999956 -0.005905926 0.002313315 0.007999956 -0.006220698 0.001939713 0.007999956 -0.006383776 0.001443028 0.007999956 0.00531578 0.001469612 0.008187353 0.005352377 0.002261042 0.008625864 0.006237328 0.002381682 0.008340358 0.005465805 0.001891911 0.008179962 0.005210876 0.002277255 0.007999956 0.00626558 0.002387702 0.008000075 0.005412817 0.002242267 0.003999948 0.004318773 3.03451e-4 0.004000067 0.004629194 3.91699e-4 0.00792849 0.004754006 0.001289546 0.00784409 0.00429809 0.002241134 0.007959604 0.004321277 -0.002160429 0.00901705 0.007276713 -8.76948e-4 0.008386373 0.006017863 3.23914e-4 0.007955372 0.004840135 3.23914e-4 0.003999948 0.004840135 -0.002169549 0.003999948 0.007285594 3.79965e-4 0.003999948 0.00482285 3.87345e-4 0.007945358 0.004830777 0.002238631 0.003999948 0.004335224 0.002238631 0.007964074 0.004335224 0.003823816 0.008395075 0.004757106 0.005521237 0.00901705 0.00520879 0.005533635 0.003999948 0.005212068 -0.002169549 0.008999943 0.007285594 8.07695e-4 0.008999943 0.007654786 0.005672872 0.008999943 0.005368828 -0.002211213 0.003999948 0.007491111 0.003309667 0.003999948 0.006970405 0.005533635 0.003999948 0.005212068 0.005533635 0.003999948 0.005212068 0.001695573 0.003999948 0.004239618 6.1829e-4 0.003999948 0.004573643 -0.002169549 0.003999948 0.007285594 -9.9754e-4 0.003999948 0.007536053 1.99266e-4 0.003999948 0.007599174 0.001391112 0.003999948 0.007473409 0.002548396 0.003999948 0.007161915 0.00364232 0.003999948 0.006672382 0.004645705 0.003999948 0.006017029 0.005533635 0.008999943 0.005212068 0.005377113 0.008999943 0.005170464 -0.002053201 0.008999943 0.007171571 -9.22717e-4 0.008999943 0.00740242 8.08254e-4 0.008999943 0.007438063 0.003036499 0.008999943 0.006837964 0.004515469 0.008999943 0.005937814 -0.002169549 0.008999943 0.007285594 -9.9754e-4 0.008999943 0.007536053 1.99266e-4 0.008999943 0.007599174 0.001391112 0.008999943 0.007473409 0.002548396 0.008999943 0.007161915 0.00364232 0.008999943 0.006672382 0.004645705 0.008999943 0.006017029 -0.002085089 0.008806407 0.007251739 -3.47365e-4 0.00900942 0.007469534 0.001943886 0.008996844 0.007226645 0.004053175 0.009009957 0.006283342 0.005434215 0.008842051 0.005212783 5.12123e-4 0.007909953 0.004666745 0.001040279 0.007852852 0.004383623 0.001813292 0.0078848 0.004248619 0.001445293 0.008195936 0.005383014 0.00129193 0.008277297 0.005652129 0.001291751 0.008390069 0.005948722 0.001436233 0.008501827 0.006210744 0.001698434 0.008598566 0.006368339 0.002048313 0.008642196 0.006366252 0.002332508 0.008594691 0.006161689 0.002450048 0.008499264 0.005878925 0.002411603 0.008387923 0.005581796 0.002142131 0.008230149 0.00526607 0.001718878 0.008171141 0.0052284 0.001467347 0.008180737 0.005367696 0.001343309 0.008463203 0.006135106 0.00183624 0.008627176 0.006392061 0.002256572 0.008619487 0.006249725 0.001449763 0.007999956 0.005337595 0.001399457 0.008000135 0.006300985 0.002260446 0.007999956 0.00625348 0.001392483 0.007999956 0.00542587 0.001272797 0.007999956 0.005816221 0.001359283 0.007999956 0.006109595 0.001625061 0.007999956 0.006347835 0.002031981 0.007999956 0.006373286 0.002325415 0.007999956 0.006170094 0.002458333 0.007999956 0.005838811 0.002367734 0.007999956 0.005493581 0.002101957 0.007999956 0.005255401 0.001746535 0.007999956 0.005222439 0.01040172 0.00119996 0.01118248 0.01010417 0.00119996 0.01145344 0.01010346 0.000999987 0.01145267 0.01040238 0.000999987 0.01118326 -0.002044916 0.006199955 0.01910811 -0.002044916 0.005999982 0.01910811 0.01271325 0.005999982 0.01441091 0.009051859 0.005999982 0.01701945 0.003014087 0.005999982 0.0190398 0.01271325 0.006199955 0.01441091 0.008545339 0.006199955 0.01727932 0.002450585 0.006199955 0.01912051 0.005703389 0.007999956 -4.22249e-4 0.006495833 0.008561491 4.72296e-4 0.006653606 0.008643925 -1.27386e-4 0.005664467 0.008243441 -4.96678e-4 0.006485462 0.007999956 4.63825e-4 0.006718099 0.007999956 -6.75023e-5 0.006172657 0.007999956 -5.93793e-4 -9.97823e-4 0.007899999 -0.001123785 -0.001493811 0.007899999 4.4018e-4 -2.62525e-4 0.007899999 0.001473963 9.90614e-4 0.007899999 0.001130163 -9.62041e-4 0.007699966 -0.001090466 -0.001483738 0.007699966 -3.15797e-4 -7.23213e-4 0.007699966 0.001422405 9.83834e-4 0.007699966 0.001120626 -0.005471289 0.008045673 -0.003752112 -0.005304813 0.008065044 -0.004036188 -0.005338191 0.007999718 -0.00406754 0.002128243 3.36021e-6 0.002412855 0.002378702 7.95491e-4 0.002696275 0.002811193 0.001007616 0.003186404 0.003318727 0.001020908 0.002651512 0.003908812 0.001010417 0.001706302 0.004201889 0.001006066 6.33454e-4 0.004239082 0.001001417 -4.76884e-4 0.003432035 0.00101006 -0.002532124 0.002358913 0.001003324 -0.003553986 0.001001715 0.001001417 -0.004146516 -5.05958e-4 0.00101602 -0.004233896 -0.001897513 0.001010417 -0.003819584 -0.002802491 0.001092016 -0.003179907 -0.002087295 1.28672e-5 -0.002365767 -0.001105248 2.563e-6 -0.003062605 7.81119e-4 6.67572e-6 -0.003144443 0.002170622 6.51181e-6 -0.002406656 0.003227531 6.70552e-7 -5.65078e-4 0.00296843 1.70618e-6 0.001431107 -0.001500546 5.11683e-4 -0.003025889 -9.90964e-5 6.90266e-4 -0.003494679 0.002011895 8.06704e-4 -0.003091633 0.00326842 5.10387e-4 -9.93544e-4 0.003955423 0.001056432 -0.001531243 0.00313127 4.2861e-4 0.001309216 0.003438353 8.15436e-4 0.001377582 -9.92328e-4 -0.01249998 -0.001124799 -0.001021742 0.000999987 -0.001165688 0.001020371 0.000999987 0.001150965 0.001544356 0.000999987 2.65613e-6 6.87957e-4 0.000999987 -0.001462042 9.92335e-4 -0.01249998 0.001124799 -1.74124e-4 -0.01249998 -0.001547813 0.00102508 -0.01249998 -0.001132488 0.00157684 -0.01249998 1.93179e-4 0.002198696 -0.01249998 0.002504467 -7.0576e-4 -0.01249998 0.003316044 -0.002973794 -0.01249998 0.00147736 -0.003207445 -0.01249998 -7.74885e-4 -0.002178549 -0.01249998 -0.002463996 0.002173125 0 0.002468824 8.25226e-5 0 0.003332257 -0.002672135 0 0.002086579 -0.003252387 0 -4.90814e-4 -0.002210795 0 -0.002493858 -0.00531286 0.009094893 -0.006024599 -0.004515647 0.009023487 -0.006662011 -0.003599345 0.009087264 -0.007178246 -0.004841506 0.008688986 -0.005487978 -0.002669274 0.008689045 -0.006815671 -0.003772437 0.00870949 -0.006265938 9.16533e-5 0.009033858 0.009975373 0.001189649 0.009017705 0.00916177 0.002398073 0.008999943 0.008553266 0.003699958 0.008999943 0.008159279 0.00505948 0.009059786 0.008001327 0.007735788 0.008999943 0.008358538 0.008992552 0.008999943 0.008878886 0.01013535 0.00901848 0.009603619 6.24545e-4 0.008635461 0.01057988 7.20989e-4 0.008001565 0.01068055 0.01038122 0.008005678 0.01123374 0.008840858 0.00800395 0.009952902 0.006021976 0.008004188 0.008995294 0.01113182 0.009150505 0.01053202 0.00913763 0.008630216 0.009876966 0.006389081 0.009058058 0.008066236 0.00688219 0.008531033 0.00900489 0.00336796 0.008009493 0.0093261 0.00209707 0.008718132 0.009450852 0.01154571 0.009011864 -0.00610733 0.01244741 0.009000241 -0.006807565 0.01345038 0.009011983 -0.007353067 0.0119971 0.008801817 -0.005595922 0.01218247 0.00800234 -0.005389988 0.01389306 0.008005619 -0.006400048 0.01370739 0.008758306 -0.006797194 -0.01463484 0.009033501 -0.0165894 -0.01247823 0.009012043 -0.01829254 -0.01010489 0.009000003 -0.01968312 -0.01384598 0.008029282 -0.01569718 -0.01050931 0.00800544 -0.01832443 -0.01221483 0.007999777 -0.01725143 -0.0103138 0.008869826 -0.01899021 -0.01041597 0.008606135 -0.01851534 -0.012784 0.008734166 -0.01712393 -0.02046138 0.006199955 0.005364477 -0.02014845 0.007999956 0.00433731 -0.02050697 0.007999956 0.005370974 -0.02018272 0.006199955 0.004306495 -0.01985609 0.009031534 0.003112494 -0.0207951 0.009026646 0.003599107 -0.02023726 0.008562922 0.004230022 -0.02012836 0.00800085 0.004353761 -0.01965802 0.008001685 0.004126071 -0.01971113 0.008699119 0.003846108 0.006080687 0.008622765 0.003956973 0.005534231 0.007699966 0.002858281 0.005375981 0.007986605 0.003794252 0.005775868 0.008367896 0.003959894 0.004797637 0.008157432 0.004779279 0.005101442 0.008675277 0.005242109 0.004847288 0.008681356 0.005495309 0.004120647 0.007699966 0.004670917 0.004917204 0.007706284 0.003834187 -0.001842737 0.008687436 0.00708431 -6.43618e-5 0.008679151 0.007353067 0.003392338 0.008677721 0.006525874 0.00485301 0.008671522 0.005501151 -0.001949489 0.007977068 0.006293058 -0.001975715 0.008411765 0.006758809 -0.003064215 0.008154094 0.006042301 -0.00340873 0.008679389 0.006469786 -0.007305324 0.008688986 4.36459e-4 -0.007008671 0.008664667 0.002296268 -0.005842864 0.008677959 0.004474759 -0.004482805 0.008688986 0.00578469 -0.006578981 0.007987201 9.02154e-5 -0.007054209 0.008395314 2.10617e-4 -0.006691515 0.008156418 -0.001046657 -0.007207393 0.008678197 -0.001242816 -0.004851698 0.008673489 -0.00549972 -0.005723953 0.008673667 -0.004585862 -0.006702482 0.008677601 -0.003036439 -0.004120647 0.007699966 -0.004670917 0.004120647 0.007699966 0.004670917 0.00277841 0.00769788 0.005602598 0.0012331 0.007699966 0.006105482 -3.92795e-4 0.007695317 0.006243526 -0.002486884 0.007709205 0.005728304 -0.003908514 0.007681608 0.004869043 -0.005010306 0.007721066 0.003711283 -0.005813598 0.007682025 0.002277016 -0.006198883 0.007717013 7.00984e-4 -0.006094157 0.007674872 -0.001489222 -0.005202531 0.007715463 -0.003445088 0.002315759 0.008004307 0.00617516 0.002062439 0.008078396 0.006363511 0.001715302 0.008007705 0.006370604 -0.005218088 0.008055567 -0.004089295 -0.005499243 0.008003711 -0.003645598 -0.005460679 0.008069038 -0.003821134 -0.005167245 0.008002817 0.004103779 -0.005387902 0.008087635 0.00395596 -0.005529999 0.008006453 0.003604054 0.001700639 0.00867778 0.007129967 -0.001543998 0.00119996 0.01507043 -0.001543998 0.007999956 0.01507043 7.50735e-4 0.007999956 0.01072287 -8.03675e-4 0.007999956 0.01251775 7.50735e-4 0.00119996 0.01072287 -9.39161e-4 0.00119996 0.0127744 0.0137754 0.00119996 0.006262779 0.01374989 0.007999956 0.006305754 0.01220625 0.007999956 -0.005358695 0.01078909 0.007999956 -0.003745436 0.009805381 0.007999956 -4.59855e-4 0.01050144 0.007999956 0.002898454 0.01205396 0.00119996 -0.005501866 0.00976783 0.00119996 -7.30416e-4 0.01063418 0.00119996 0.003157973 -0.02050697 0.001999974 0.005370974 -0.02044391 0.005999982 0.005361616 -0.02021038 0.005999982 0.004283189 -0.02014845 0.001999974 0.00433731 -0.02073228 0.006199955 -0.004056811 -0.02094793 0.007999956 -0.0041188 -0.01397562 0.007999956 -0.0158419 -0.01728272 0.007999956 -0.01225942 -0.0141381 0.006199955 -0.01599669 -0.01916223 0.006199955 -0.008991599 -0.01397562 -0.008997321 -0.0158419 -0.01403951 0.005999922 -0.01591986 -0.01050025 0.005999982 -0.01833111 -0.01050025 0.000999987 -0.01833111 -0.006870806 0.000999987 -0.02006947 -0.002548336 0.000999987 -0.02097117 -0.002553999 0.005999267 -0.02115857 0.0142889 0.005999267 -0.01578325 0.006491541 0.005999982 -0.02018505 0.01418918 0.000999987 -0.01565092 0.01707029 0.001000046 -0.01256847 0.01915729 0.000999987 -0.008904039 0.01931285 0.005999267 -0.008959889 0.01944822 0.005999267 0.008719742 0.02120202 0.005999982 -2.15372e-4 0.01929056 0.000999987 0.00866574 0.01451951 9.9995e-4 0.0156058 0.01438933 0.005999982 0.01546937 0.01397562 0.005999982 0.0158419 0.01410692 -0.008997142 0.01598465 -0.009252607 -0.008997917 -0.01906341 -0.002482771 -0.00899744 -0.02105379 0.004918396 -0.008997321 -0.02062582 0.01326185 -0.00899595 -0.01668453 0.01885855 -0.008998513 -0.009687781 0.0207073 -0.008997321 -0.004182279 0.02115815 -0.008997321 0.00139451 0.01938039 -0.00899744 0.008592963 -0.002284049 0.005999684 0.02120995 0.006677567 0.005999922 0.0201165 0.01406323 0.005999863 0.01596081 -0.002286911 0.001000463 0.02117913 -0.01026141 0.001873552 0.01846992 -0.01015448 0.001488685 0.01852858 -0.009872496 0.001161396 0.01867634 -0.009542405 0.001010358 0.01884961 -0.01032924 0.005999922 0.01855915 -0.0205776 0.005999624 0.005411207 -0.01657402 0.005999982 0.01320844 -0.02046698 0.001555323 0.005336999 -0.02054721 7.58484e-4 0.00493586 -0.02065449 3.2156e-4 0.004435122 -0.02079379 2.88263e-5 0.00375092 -0.02090263 5.06639e-7 -0.00410223 -0.02092641 0.005999684 -0.004112601 -0.01397562 0.005999982 -0.0158419 -0.01729226 0.005999982 -0.01225364 -0.01397562 -0.008997321 -0.0158419 0.01412141 -0.008997261 0.0160399 0.005766689 -0.008997321 0.02039957 -0.001429855 -0.008997321 0.02114433 -0.008343815 -0.00899744 0.01947367 -0.01317435 -0.008997321 0.01651424 -0.01717984 -0.008997321 0.01241844 -0.01966649 -0.008997321 0.007714569 -0.02106994 -0.008997321 0.002318203 -0.02062284 -0.008997321 -0.004877924 -0.01779145 -0.008997321 -0.01152443 0.01926964 0.007999956 0.008658289 0.02088314 0.007999956 0.003479003 0.02091586 0.007999956 -0.0034312 0.01915729 0.007999956 -0.008904039 0.01950234 0.006199955 0.008738338 0.02119046 0.006199955 -4.59217e-4 0.01930147 0.006199955 -0.008955717 0.01418918 0.007999956 -0.01565092 0.01005935 0.007999956 -0.01865625 0.003200054 0.007999956 -0.02095246 -0.002548336 0.007999956 -0.02097117 0.01418918 0.006199955 -0.01565092 0.009484946 0.006199955 -0.01895475 0.002558708 0.006199955 -0.02104043 -0.002548336 0.006199955 -0.02097117 -0.01054382 0.007999956 -0.01840102 -0.01397562 0.007999956 -0.0158419 -0.01050025 0.006199955 -0.01833111 -0.01402777 0.006199955 -0.01590573 -0.02013272 0.005999982 0.004350662 -0.01966041 0.005999982 0.004109859 -0.01966166 0.001999974 0.004105329 -0.02013111 0.001999974 0.004352807 -0.02056217 0.007999956 0.005405485 -0.01692324 0.007999956 0.01274818 -0.01038682 0.007999956 0.01864486 -0.02063977 0.006199955 0.005433082 -0.01655024 0.006199955 0.01322877 -0.0103408 0.006199955 0.01857662 0.006086111 0.008611738 0.003954172 0.006212532 0.00836265 0.004194319 0.00627309 0.008004546 0.004308521 0.005375623 0.008002221 0.003833353 0.006672084 0.008001685 -0.003652334 0.006635427 0.008243143 -0.00354439 0.006396353 0.008498489 -0.003206968 0.006075501 0.008042693 -0.003015995 0.0147401 0.000999987 -0.00399667 0.01520425 9.99995e-4 -0.001440703 0.01522845 9.99995e-4 0.001156926 0.01481211 9.99995e-4 0.003721117 0.01396715 0.000999987 0.006177604 0.01926964 9.99995e-4 0.008658289 0.01820594 0.000999987 0.01068419 0.01708436 9.99965e-4 0.01244008 0.01557624 0.000999987 0.01427114 0.0143882 0.000999987 0.01546818 0.01040607 0.000999987 0.01118779 0.008084714 0.000999987 0.01295691 0.005846261 0.000999987 0.01410907 0.003448903 0.000999987 0.01487779 9.57888e-4 0.000999987 0.01524227 -0.001559138 0.000999987 0.0151925 -0.002279877 0.000999987 0.02100205 -0.004539012 0.000999987 0.02061033 -0.006554484 0.000999987 0.0200783 -0.009379327 0.000999987 0.01892912 -0.006531 0.000999987 0.01380544 -0.008694291 0.000999987 0.01255601 -0.01062488 0.000999987 0.01097065 -0.01227122 0.000999987 0.009091794 -0.01358926 0.000999987 0.00696969 -0.01454365 0.000999987 0.004661083 -0.015109 0.000999987 0.002227783 -0.01987761 0.000999987 0.003148555 -0.02003449 0.000999987 0.001989006 -0.004344522 0.000999987 9.56045e-4 -0.004481017 0.000999987 -0.001117885 -0.02012526 0.000999987 -8.84924e-5 -0.02003717 0.000999987 -0.001986384 -0.01975089 0.000999987 -0.003864765 -0.01498806 0.000999987 -0.002932846 -0.01427417 0.000999987 -0.005430579 -0.01314729 0.000999987 -0.007771253 -0.01164007 0.000999987 -0.009887039 -0.009795963 0.000999987 -0.01171678 -0.007668495 0.000999987 -0.01320749 -0.01050025 0.000999987 -0.01833111 -0.008448898 0.000999987 -0.01934492 -0.006509423 0.000999987 -0.02010613 -0.004213035 0.000999987 -0.02070111 -0.002548336 0.000999987 -0.02097117 -0.00184226 0.000999987 -0.01516079 7.53861e-4 0.000999987 -0.01525372 0.003328144 0.000999987 -0.01490527 0.005806148 0.000999987 -0.01412558 0.008116185 0.000999987 -0.01293724 0.01019138 0.000999987 -0.01137453 0.01418918 0.000999987 -0.01565092 0.01578724 0.000999987 -0.01401329 0.01711058 0.000999987 -0.01240396 0.018386 0.000999987 -0.01040381 0.01915729 0.000999987 -0.008904039 0.01384949 0.000999987 -0.006437063 -4.33289e-4 0.000999987 0.004427313 -0.002447903 0.000999987 0.003916263 -0.002251744 0.000999987 -0.003836452 -3.21515e-4 0.000999987 -0.004607141 0.002952873 0.000999987 -0.003327131 0.004282295 0.000999987 -0.001729428 0.004076778 0.000999987 0.001780211 0.002968132 0.000999987 0.00353825 0.002532601 0.000999987 0.00343281 0.003553986 0.000999987 0.002359569 0.004146695 0.000999987 0.001001715 0.004239201 0.000999987 -4.76908e-4 0.003820478 0.000999987 -0.00189799 0.002940893 0.000999987 -0.003090262 0.002033233 0.000999987 -0.003732085 0.001001775 0.000999987 -0.004146635 -1.0521e-4 0.000999987 -0.004248678 -0.001205742 0.000999987 -0.004091978 -0.002215445 0.000999987 -0.003626823 -0.003090262 0.000999987 -0.002940833 -0.003909707 0.000999987 -0.00170654 -0.004257619 0.000999987 -2.66468e-4 -0.004165828 0.000999987 8.41394e-4 -0.003820419 0.000999987 0.00189799 -0.002940893 0.000999987 0.003090262 -0.002033174 0.000999987 0.003732085 -0.001001715 0.000999987 0.004146635 1.05217e-4 0.000999987 0.004248678 0.001205742 0.000999987 0.004091978 -0.02098828 3.66107e-4 0.002051234 -0.02106589 3.7837e-4 8.18349e-4 -0.02111119 2.40266e-4 -2.2715e-5 -0.02014476 0.001128554 -8.41301e-5 -0.02003717 9.99555e-4 -0.001986384 -0.01975089 0.000999987 -0.003864765 -0.02014684 9.56632e-4 -0.003942072 -0.02082592 3.7998e-7 -0.00407499 -0.02117151 -4.99189e-7 -8.5951e-4 -0.02096015 1.77324e-6 0.00331968 -0.01989102 0.00106126 0.003150463 -0.0200411 0.001091301 0.001988232 -0.02092379 5.64732e-4 -0.001732051 -0.01521575 0.009000003 -0.01724761 -0.01797962 0.009000003 -0.01434338 -0.02019715 0.009000003 -0.01100331 -0.02180099 0.009000003 -0.007328987 -0.0227425 0.009000003 -0.003431916 -0.0229929 0.009000003 5.69394e-4 -0.02254474 0.009000003 0.004553377 -0.02141153 0.009000003 0.008399069 -0.01962774 0.009000003 0.01198953 -0.01724761 0.009000003 0.01521575 -0.01434338 0.009000003 0.01797962 -0.01100331 0.009000003 0.02019715 -0.007328987 0.009000003 0.02180105 -0.003431916 0.009000003 0.0227425 5.69399e-4 0.008999943 0.0229929 0.004553377 0.008999943 0.02254474 0.008399069 0.008999943 0.02141153 0.01198959 0.008999943 0.01962774 0.01521575 0.008999943 0.01724761 0.01797962 0.008999943 0.01434338 0.02019715 0.008999943 0.01100331 0.02180105 0.008999943 0.007328987 0.0227425 0.008999943 0.003431916 0.0229929 0.008999943 -5.69394e-4 0.02254474 0.008999943 -0.004553377 0.02141153 0.008999943 -0.008399069 0.01962774 0.008999943 -0.01198953 0.01724761 0.008999943 -0.01521575 0.01434338 0.008999943 -0.01797962 0.01100337 0.008999943 -0.02019715 0.007328987 0.008999943 -0.02180105 0.003431916 0.008999943 -0.0227425 -5.69388e-4 0.008999943 -0.0229929 -0.004553377 0.009000003 -0.02254474 -0.008399069 0.009000003 -0.02141153 -0.01198953 0.009000003 -0.01962774 0.01772177 0.008999943 -0.01207995 0.007456541 0.008999943 -0.003015279 0.007862448 0.008999943 -0.001695215 0.008036553 0.008999943 -3.25218e-4 0.00797373 0.008999943 0.001054406 0.007675766 0.008999943 0.002402901 0.007151544 0.008999943 0.003680586 0.01856195 0.008999943 0.01041638 0.01696509 0.008999943 0.01312148 0.005171895 0.008999943 0.006159782 0.00404191 0.008999943 0.006953775 0.002792716 0.008999943 0.007542729 0.001461207 0.008999943 0.007909297 8.66167e-5 0.008999943 0.008042633 -0.0012905 0.008999943 0.007938921 -0.004170596 0.009000003 0.02087229 -0.007236778 0.009000003 0.02018952 -0.004260063 0.008999943 0.006822288 -0.005364358 0.008999943 0.005992889 -0.006310522 0.008999943 0.004986882 -0.0070706 0.008999943 0.00383377 -0.007622241 0.008999943 0.002567648 -0.007949113 0.008999943 0.001225829 -0.0211395 0.009000003 0.002483367 -0.02143764 0.009000003 -6.43691e-4 -0.007804811 0.008999943 -0.001943349 -0.007423758 0.008999943 -0.00309509 -0.006557762 0.008999943 -0.004696071 -0.004879593 0.008999943 -0.006422996 -0.003622293 0.008999943 -0.007181286 -0.008894324 0.009000003 -0.01933747 -0.00601238 0.009000003 -0.02058732 -5.63528e-4 0.008999943 -0.008023321 8.17355e-4 0.008999943 -0.008001506 0.002174139 0.008999943 -0.007743716 0.003466784 0.008999943 -0.00725764 0.004657268 0.008999943 -0.006557524 0.005710422 0.008999943 -0.005664169 0.01564252 0.008999943 -0.01443463 0.01578611 0.008999943 0.01550269 0.01314878 0.008999943 0.01779448 0.01018357 0.008999943 0.01964253 0.006964445 0.008999943 0.02100074 0.003571569 0.008999943 0.02183526 8.97236e-5 0.008999943 0.02212524 -0.003394365 0.009000003 0.02186352 -0.002397298 0.008999943 0.01411134 -0.001697361 0.008999943 0.01221013 -3.17201e-4 0.008999943 0.01032572 0.001182556 0.008999943 0.009163856 0.002398073 0.008999943 0.008553266 0.003699958 0.008999943 0.008159279 0.005050063 0.008999943 0.00799334 0.006408631 0.008999943 0.008060455 0.007735788 0.008999943 0.008358538 0.008992552 0.008999943 0.008878886 0.01043146 0.008999943 0.009818613 0.01962214 0.008999943 -0.01022285 0.02098679 0.008999943 -0.007006406 0.02182811 0.008999943 -0.00361526 0.02212506 0.008999943 -1.33986e-4 0.02187025 0.008999943 0.003350615 0.02107012 0.008999943 0.006751716 0.01974451 0.008999943 0.009984433 0.01257759 0.008999943 0.006581187 0.01128298 0.008999943 0.005552589 0.01041954 0.008999943 0.004569113 0.009729444 0.008999943 0.003457069 0.009231567 0.008999943 0.002246737 0.008939266 0.008999943 9.7109e-4 0.008860707 0.008999943 -3.35285e-4 0.008997797 0.008999943 -0.001636803 0.009347021 0.008999943 -0.002898097 0.009898722 0.008999943 -0.004084825 0.01063799 0.008999943 -0.005164802 0.01176142 0.008999943 -0.006308615 0.01294785 0.008999943 -0.007103741 -0.00365895 0.009000003 -0.02182078 -1.78244e-4 0.008999943 -0.0221247 0.003306865 0.008999943 -0.02187693 0.006709575 0.008999943 -0.02108359 0.009944915 0.008999943 -0.01976442 0.0129323 0.008999943 -0.01795244 0.01559716 0.008999943 -0.01569277 0.01010423 0.008999943 -0.009891748 0.008634567 0.008999943 -0.008945763 0.007351219 0.008999943 -0.00842911 0.005997717 0.008999943 -0.008143186 0.004615128 0.008999943 -0.008096635 0.003245472 0.008999943 -0.008290886 0.001930296 0.008999943 -0.00872004 7.09698e-4 0.008999943 -0.009370982 -3.79357e-4 0.008999943 -0.01022404 -0.001303732 0.008999943 -0.01125329 -0.002035319 0.008999943 -0.01242738 -0.002664208 0.008999943 -0.01405811 -0.02188348 0.009000003 -0.003263115 -0.02098131 0.009000003 -0.007022738 -0.01943844 0.009000003 -0.01056796 -0.01730197 0.009000003 -0.01379042 -0.01463717 0.009000003 -0.01659178 -0.01247787 0.009000003 -0.01829415 -0.01010489 0.009000003 -0.01968312 -0.00628525 0.008999943 -0.0126664 -0.005839705 0.008999943 -0.01097631 -0.005744934 0.008999943 -0.009596228 -0.005891263 0.008999943 -0.008220553 -0.006274223 0.008999943 -0.00689125 -0.00688219 0.008999943 -0.005648612 -0.007696747 0.008999943 -0.004530489 -0.008693039 0.008999943 -0.003570735 -0.009840905 0.008999943 -0.002798616 -0.01110535 0.008999943 -0.002237498 -0.01244807 0.008999943 -0.001904487 -0.01419335 0.008999943 -0.001810312 -0.02027821 0.009000003 0.003257453 -0.02091491 0.009000003 0.003718316 -0.01398873 0.008999943 0.002063453 -0.01224368 0.008999943 0.002161979 -0.0109018 0.008999943 0.002498328 -0.009638726 0.008999943 0.003062605 -0.008492827 0.008999943 0.003837585 -0.007498919 0.008999943 0.004799842 -0.006687164 0.008999943 0.005919992 -0.006082296 0.008999943 0.00716418 -0.005702614 0.008999943 0.008494436 -0.005559742 0.008999943 0.009870409 -0.00565797 0.008999943 0.01125031 -0.006107747 0.008999943 0.01293927 -0.00986576 0.009000003 0.01980406 -0.01308155 0.009000003 0.01784402 -0.01591825 0.009000003 0.01536697 -0.01829385 0.009000003 0.01244467 -0.02013939 0.009000003 0.009161889 -0.02147334 0.009000003 0.005309939 -0.02134352 0.009000003 0.004368424 -0.007432579 0.007999956 0.01336938 -0.006562769 0.007999956 0.01110583 -0.007010638 0.007999956 0.007353901 -0.009549617 0.007999956 0.00416547 -0.01483142 0.007999956 0.00295639 -0.007355988 0.001999974 0.01340305 -0.01481509 0.001999974 0.003136694 -0.01190793 0.001999974 0.003222286 -0.008710086 0.001999974 0.004802882 -0.006489515 0.001999974 0.009094178 -0.01026487 0.005999982 0.0184639 -0.009337663 0.005999982 0.01679611 -0.01026487 0.001999974 0.0184639 -0.007432579 0.001999974 0.01336938 -0.007432579 0.007999956 0.01336938 -0.01026487 0.007999956 0.0184639 -0.01026487 0.006199955 0.0184639 -0.009337663 0.006199955 0.01679611 -0.01480996 0.007999956 0.00318855 -0.01965647 0.007999956 0.004124283 -0.01480996 0.001999974 0.00318855 -0.01965647 0.001999974 0.004124283 -0.01965647 0.005999982 0.004124283 -0.01880484 0.005999982 0.003959894 -0.01880484 0.006199955 0.003959894 -0.01965647 0.006199955 0.004124283 -0.007609009 0.00119996 -0.01309978 -0.007609009 0.007999956 -0.01309978 -0.01501178 0.007999956 -0.002937436 -0.01214557 0.007999956 -0.002849519 -0.008073687 0.007999956 -0.005447328 -0.00662297 0.007999956 -0.01005423 -0.01499992 0.000999987 -0.00293529 -0.01498806 0.00119996 -0.002932846 -0.01179456 0.00119996 -0.002937257 -0.007863104 0.00119996 -0.005737185 -0.006647586 0.00119996 -0.01040804 -0.02073228 0.005999982 -0.004056811 -0.01885956 0.005999982 -0.003690361 -0.01995766 9.85421e-4 -0.003905236 -0.02045786 7.20374e-4 -0.004003107 -0.02071797 2.1071e-4 -0.00405395 -0.01501178 0.000999987 -0.002937436 -0.01501178 0.007999956 -0.002937436 -0.02073228 0.007999956 -0.004056811 -0.02073228 0.006199955 -0.004056811 -0.01885956 0.006199955 -0.003690361 -0.01050025 0.000999987 -0.01833111 -0.01050025 0.005999982 -0.01833111 -0.009577095 0.005999982 -0.0166608 -0.009577095 0.006199955 -0.0166608 -0.01050025 0.006199955 -0.01833111 -0.01050025 0.007999956 -0.01833111 -0.007609009 0.007999956 -0.01309978 -0.007638752 0.00119996 -0.01315361 -0.007668495 0.000999987 -0.01320749 0.01010733 0.00119996 -0.01128464 0.01010733 0.007999956 -0.01128464 -0.00184518 0.007999956 -0.01518481 -0.001043081 0.007999956 -0.01243168 0.002685785 0.007999956 -0.009361863 0.00751549 0.007999956 -0.009405791 -0.001843512 0.000999987 -0.01517283 -0.0018422 0.00119996 -0.01516079 -8.51206e-4 0.00119996 -0.01212489 0.003026545 0.00119996 -0.009251177 0.007844448 0.00119996 -0.009538471 -0.002548336 0.005999982 -0.02097117 -0.002318143 0.005999982 -0.01907694 -0.002548336 0.000999987 -0.02097117 -0.00184518 0.000999987 -0.01518481 -0.00184518 0.007999956 -0.01518481 -0.002548336 0.007999956 -0.02097117 -0.002548336 0.006199955 -0.02097117 -0.002318143 0.006199955 -0.01907694 0.01418918 0.000999987 -0.01565092 0.01418918 0.005999982 -0.01565092 0.01288586 0.005999982 -0.01425683 0.01288586 0.006199955 -0.01425683 0.01418918 0.006199955 -0.01565092 0.01418918 0.007999956 -0.01565092 0.01010733 0.007999956 -0.01128464 0.01014935 0.00119996 -0.01132959 0.01019138 0.000999987 -0.01137453 0.0138508 0.007999956 -0.006490647 0.01220625 0.007999956 -0.005358695 0.01386052 0.000999987 -0.00644195 0.01384949 0.00119996 -0.006437003 0.01217299 0.00119996 -0.005400598 0.01915729 0.005999982 -0.008904039 0.01742684 0.005999982 -0.008099794 0.01915729 0.000999987 -0.008904039 0.01387143 0.000999987 -0.006447255 0.01387143 0.007999956 -0.006447255 0.01915729 0.007999956 -0.008904039 0.01915729 0.006199955 -0.008904039 0.01742684 0.006199955 -0.008099794 0.01926964 9.99995e-4 0.008658289 0.01926964 0.005999982 0.008658289 0.01754099 0.005999982 0.007849574 0.01754099 0.006199955 0.007849574 0.01926964 0.006199955 0.008658289 0.01926964 0.007999956 0.008658289 0.01385569 0.007999956 0.006125509 0.01391142 0.00119996 0.006151556 0.01396715 0.000999987 0.006177604 0.01041823 0.007999956 0.01120018 0.008194208 0.007999956 0.00946784 0.003458559 0.007999956 0.009120166 7.50735e-4 0.007999956 0.01072287 0.01040983 0.000999987 0.01119148 0.01040172 0.00119996 0.01118248 0.007866501 0.00119996 0.009332835 0.003124296 0.00119996 0.009221732 7.50735e-4 0.00119996 0.01072287 0.0143882 0.005999982 0.01546818 0.01308858 0.005999982 0.01407092 0.0143882 0.000999987 0.01546818 0.01041823 0.000999987 0.01120018 0.01041823 0.007999956 0.01120018 0.0143882 0.007999956 0.01546818 0.0143882 0.006199955 0.01546818 0.01308858 0.006199955 0.01407092 -0.002279877 0.000999987 0.02100205 -0.002279877 0.005999982 0.02100205 -0.002044916 0.005999982 0.01910811 -0.002044916 0.006199955 0.01910811 -0.002279877 0.006199955 0.02100205 -0.002279877 0.007999956 0.02100205 -0.001543998 0.007999956 0.01507043 -0.001551568 0.00119996 0.01513147 -0.001559138 0.000999987 0.0151925 -0.02023893 0.003999948 0.00139302 -0.007021725 0.003999948 1.32937e-4 -0.007021725 0.007699966 1.32937e-4 -0.006578862 0.007699966 9.07127e-5 -0.006583034 0.007995009 9.11131e-5 -0.02023893 0.007999956 0.00139302 -0.006948471 0.007699966 -0.001020491 -0.006687164 0.007699966 -0.001045405 -0.006948471 0.003999948 -0.001020491 -0.02034723 0.003999948 2.56887e-4 -0.02034723 0.007999956 2.56887e-4 -0.006687164 0.007999956 -0.001045405 -0.02023893 0.003999948 0.00139302 -0.007021725 0.003999948 1.32937e-4 -0.006970345 0.003999948 -0.001013755 -0.02034723 0.003999948 2.56887e-4 -0.004929304 0.003999948 0.01967883 -0.002043366 0.003999948 0.006719172 -0.002043366 0.007699966 0.006719172 -0.001946687 0.007699966 0.006284892 -0.001947581 0.007995009 0.006289005 -0.004929304 0.007999956 0.01967883 -0.00311774 0.007699966 0.006292998 -0.003060698 0.007699966 0.006036818 -0.00311774 0.003999948 0.006292998 -0.006043314 0.003999948 0.01943075 -0.006043314 0.007999956 0.01943075 -0.003060698 0.007999956 0.006036818 -0.004929304 0.003999948 0.01967883 -0.002043366 0.003999948 0.006719172 -0.003118097 0.003999948 0.006315946 -0.006043314 0.003999948 0.01943075 -0.007579028 0.003999948 -0.0188179 -0.002296268 0.003999948 -0.006636977 -0.002296268 0.007699966 -0.006636977 -0.002119243 0.007699966 -0.006228804 -0.002120912 0.007995009 -0.006232738 -0.007578969 0.007999956 -0.0188179 -0.001176595 0.007699966 -0.006923735 -0.001072168 0.007699966 -0.006682932 -0.001176595 0.003999948 -0.006923735 -0.006531953 0.003999948 -0.01927202 -0.006531953 0.007999956 -0.01927202 -0.001072168 0.007999956 -0.006682932 -0.007579028 0.003999948 -0.0188179 -0.002296268 0.003999948 -0.006636977 -0.001189768 0.003999948 -0.006942451 -0.006531953 0.003999948 -0.01927202 0.01555484 0.003999948 -0.01302313 0.005602598 0.003999948 -0.00423479 0.005602598 0.007699966 -0.00423479 0.00526911 0.007699966 -0.003940343 0.005272269 0.007995009 -0.003943145 0.01555484 0.007999956 -0.01302313 0.01631027 0.007999956 -0.01216763 0.006024539 0.007999956 -0.003084838 0.006024539 0.007699966 -0.003084838 0.006221294 0.007699966 -0.003258585 0.006221294 0.003999948 -0.003258585 0.01631027 0.003999948 -0.01216763 0.01555484 0.003999948 -0.01302313 0.005602598 0.003999948 -0.00423479 0.006235003 0.003999948 -0.003276884 0.01631027 0.003999948 -0.01216763 0.01719242 0.003999948 0.01076918 0.01719248 0.007999956 0.01076918 0.005758821 0.003999948 0.004019737 0.005758821 0.007699966 0.004019737 0.005375742 0.007699966 0.003793537 0.005379378 0.007995009 0.003795683 0.005021572 0.007699966 0.004909813 0.004795551 0.007699966 0.004776358 0.005021572 0.003999948 0.004909813 0.01661229 0.003999948 0.011752 0.01661229 0.007999956 0.011752 0.004795551 0.007999956 0.004776358 0.01719242 0.003999948 0.01076918 0.005758821 0.003999948 0.004019737 0.005043268 0.003999948 0.004917204 0.01661229 0.003999948 0.011752 -0.002279877 0.007999956 0.02100205 0.002827644 0.007999956 0.02100598 0.009726643 0.007999956 0.01883184 0.0143882 0.007999956 0.01546818 -0.002284109 0.006199955 0.02124816 0.006670832 0.006199955 0.02009248 0.01453876 0.006199955 0.01566284 -0.002672553 0.008688986 -0.00681293 -0.003816246 0.008686363 -0.006262063 -0.004841506 0.008688986 -0.005487978 -0.002118825 0.007987141 -0.006229162 -0.002374768 0.008410096 -0.006630778 -0.001072287 0.008156299 -0.006687581 -0.001044571 0.008687913 -0.007227897 0.005653619 0.008688986 -0.004647076 0.004788577 0.008683919 -0.005541145 0.003259956 0.008677124 -0.006598711 8.69211e-4 0.008689999 -0.00728935 0.005269587 0.007987022 -0.003940105 0.005570232 0.008413553 -0.004305601 0.006032645 0.008156001 -0.003075659 0.006364524 0.008519232 -0.003224194 0.005789935 0.007699966 -0.002296507 -0.004130303 0.007682323 -0.004681944 -0.003241956 0.007684826 -0.005332767 -0.001777589 0.007712662 -0.005983531 -1.54532e-4 0.007678627 -0.006244182 0.001455783 0.007711052 -0.006071209 0.003458201 0.007676362 -0.005233168 0.005006849 0.007713496 -0.003726363 0.001756191 0.00800246 -0.006358623 0.002071678 0.008078932 -0.006359934 0.002357006 0.00800687 -0.006162643 -0.006687819 0.008153796 -0.001052558 -0.006578862 0.007987141 9.07127e-5 -0.006578862 0.007699966 9.07127e-5 -0.006687164 0.007699966 -0.001045405 -0.02034723 0.003999948 2.56887e-4 -0.02023893 0.003999948 0.00139302 -0.02023893 0.007999956 0.00139302 -0.02034723 0.007999956 2.56887e-4 -0.003067672 0.008153796 0.006035268 -0.001946687 0.007987141 0.006284892 -0.001946687 0.007699966 0.006284892 -0.003060698 0.007699966 0.006036818 -0.006043314 0.003999948 0.01943075 -0.004929304 0.003999948 0.01967883 -0.004929304 0.007999956 0.01967883 -0.006043314 0.007999956 0.01943075 -0.001065552 0.008153796 -0.006685793 -0.002119243 0.007987141 -0.006228804 -0.002119243 0.007699966 -0.006228804 -0.001072168 0.007699966 -0.006682932 -0.006531953 0.003999948 -0.01927202 -0.007579028 0.003999948 -0.0188179 -0.007578969 0.007999956 -0.0188179 -0.006531953 0.007999956 -0.01927202 0.006029248 0.008153796 -0.003079473 0.00526911 0.007987141 -0.003940343 0.00526911 0.007699966 -0.003940343 0.006024539 0.007699966 -0.003084838 0.01631027 0.003999948 -0.01216763 0.01555484 0.003999948 -0.01302313 0.01555484 0.007999956 -0.01302313 0.01631027 0.007999956 -0.01216763 0.004791915 0.008153796 0.004782557 0.005375742 0.007987141 0.003793537 0.005375742 0.007699966 0.003793537 0.004795551 0.007699966 0.004776358 0.01661229 0.003999948 0.011752 0.01719242 0.003999948 0.01076918 0.01719242 0.007999956 0.01076918 0.01661229 0.007999956 0.011752 0.005773365 0.003999948 0.004030525 0.005021572 0.003999948 0.004909813 0.005758821 0.007699966 0.004019737 0.005034923 0.007699966 0.004922091 0.005375742 0.007699966 0.003793537 0.005758821 0.007699966 0.004019737 0.004795551 0.007699966 0.004776358 0.005043268 0.007699966 0.004917204 0.00561738 0.003999948 -0.004245281 0.006221294 0.003999948 -0.003258585 0.005602598 0.007699966 -0.00423479 0.00623703 0.007699966 -0.003267467 0.00526911 0.007699966 -0.003940343 0.005602598 0.007699966 -0.00423479 0.006024539 0.007699966 -0.003084838 0.006235003 0.007699966 -0.003276884 -0.002301633 0.003999948 -0.006654262 -0.001176595 0.003999948 -0.006923735 -0.002296268 0.007699966 -0.006636977 -0.001180171 0.007699966 -0.006941497 -0.002119243 0.007699966 -0.006228804 -0.002296268 0.007699966 -0.006636977 -0.001072168 0.007699966 -0.006682932 -0.001189768 0.007699966 -0.006942451 -0.002049207 0.003999948 0.006736338 -0.00311774 0.003999948 0.006292998 -0.002043366 0.007699966 0.006719172 -0.00312525 0.007699966 0.006309509 -0.001946687 0.007699966 0.006284892 -0.002043366 0.007699966 0.006719172 -0.003060698 0.007699966 0.006036818 -0.003118097 0.007699966 0.006315946 -0.007039844 0.003999948 1.32728e-4 -0.006948471 0.003999948 -0.001020491 -0.007021725 0.007699966 1.32937e-4 -0.006966471 0.007699966 -0.001022577 -0.006578862 0.007699966 9.07127e-5 -0.007021725 0.007699966 1.32937e-4 -0.006687164 0.007699966 -0.001045405 -0.006970345 0.007699966 -0.001013755 0.005534231 0.007699966 0.002858281 0.004687368 0.007699966 -5.6917e-4 0.004507124 0.007699966 1.15633e-5 0.004543244 0.007699966 8.01708e-4 0.005789935 0.007699966 -0.002296507 -0.004120647 0.007699966 -0.004670917 -0.003248751 0.007699966 -0.005314409 -0.001772284 0.007699966 -0.005995631 3.80889e-4 0.007699966 -0.006240487 0.002488315 0.007699966 -0.005735576 0.003870964 0.007699966 -0.004879832 0.005018889 0.007699966 -0.003728151 0.003658056 0.007699966 0.005066096 0.002274572 0.007699966 0.005798578 0.0012331 0.007699966 0.006105482 1.54205e-4 0.007699966 0.006226837 -9.29423e-4 0.007699966 0.006159007 -0.001984775 0.007699966 0.005904078 -0.002979874 0.007699966 0.005469679 -0.003884375 0.007699966 0.004869163 -0.004670917 0.007699966 0.004120647 -0.005315482 0.007699966 0.003246963 -0.005798578 0.007699966 0.002274572 -0.006105482 0.007699966 0.0012331 -0.006226837 0.007699966 1.54201e-4 -0.006159007 0.007699966 -9.29426e-4 -0.005904078 0.007699966 -0.001984775 -0.005469679 0.007699966 -0.002979874 -0.004869163 0.007699966 -0.003884375 0.004921138 0.007699966 0.003837645 8.66596e-4 0.007699966 0.001174569 0.001289784 0.007699966 7.02672e-4 0.001456797 0.007699966 9.11616e-5 0.001400172 0.007699966 -4.12585e-4 0.001174569 0.007699966 -8.66586e-4 7.0269e-4 0.007699966 -0.001289784 -3.63626e-5 0.007699966 -0.0014683 -6.49448e-4 0.007699966 -0.001307249 -0.001057386 0.007699966 -0.001006245 -0.001337766 0.007699966 -5.83945e-4 -0.001456797 0.007699966 -9.11914e-5 -0.001400113 0.007699966 4.12585e-4 -0.001174569 0.007699966 8.66586e-4 -7.02675e-4 0.007699966 0.001289784 -9.11765e-5 0.007699966 0.001456797 4.12583e-4 0.007699966 0.001400113 -0.01026487 0.001999974 0.0184639 -0.01012617 0.001372575 0.01854145 -0.009381055 9.78842e-4 0.01892948 -0.007460772 0.001996815 0.01335364 -0.006559133 9.88141e-4 0.01385492 -0.007138133 0.001215219 0.01353305 -0.00709623 0.001179218 0.01354044 -0.006551802 9.79297e-4 0.01383674 -0.007442116 0.00199896 0.01336413 -0.01481437 0.001997768 0.003138005 -0.01176357 0.001992762 0.003321468 -0.009717643 0.001992166 0.004235029 -0.007791936 0.001989901 0.00616163 -0.006618857 0.001994431 0.008938074 -0.006805956 0.00199294 0.01169586 -0.01487439 0.001140117 0.002851843 -0.01361423 0.001124501 0.002735912 -0.01234477 0.001194119 0.002758741 -0.010504 0.00118792 0.003281712 -0.008888244 0.001184999 0.004306793 -0.006886065 0.001191437 0.006768226 -0.006185829 0.00118494 0.009221017 -0.006358325 0.001185595 0.01176154 -0.008085131 0.001124918 0.00515294 -0.006747841 0.001614689 0.008045852 -0.00986576 0.009000003 0.01980406 -0.01014339 0.008724987 0.01886373 -0.01018559 0.008022844 0.0184862 -0.007549524 0.008014261 0.01330435 -0.00656414 0.00906074 0.01385217 -0.007503211 0.008010745 0.01332908 -0.006569325 0.009072363 0.01384621 -0.01499539 0.009105205 0.002219438 -0.013619 0.009033858 0.002067744 -0.01224368 0.008999943 0.002161979 -0.0109018 0.008999943 0.002498328 -0.00964874 0.009019792 0.003059566 -0.008493185 0.009009957 0.003838539 -0.007498919 0.008999943 0.004799842 -0.006692647 0.009018003 0.005914747 -0.006083309 0.009011983 0.007164537 -0.005705893 0.009033381 0.008495092 -0.005566716 0.009045541 0.009851574 -0.00565797 0.008999943 0.01125031 -0.005994319 0.008999943 0.01259219 -0.01479369 0.008010745 0.003268182 -0.00656104 0.008001565 0.01089781 -0.007097303 0.008001685 0.007032811 -0.009614884 0.008002877 0.004253983 -0.01240038 0.008001565 0.003095149 -0.006669104 0.008427917 0.01171451 -0.006360173 0.00866115 0.009252071 -0.007076323 0.008661746 0.00683856 -0.008497655 0.008686423 0.004845738 -0.01055949 0.008682489 0.003424704 -0.01298075 0.0086506 0.002837121 -0.01500964 0.001195609 0.002823412 -0.01511013 9.77077e-4 0.002229809 -0.01487618 0.001145303 0.002845585 -0.01480841 0.001999378 0.003196775 -0.01988619 9.47475e-4 0.003157377 -0.01962381 0.001980781 0.00425738 -0.00986576 0.009000003 0.01980406 -0.01022768 0.008464276 0.01860839 -0.01026886 0.008004128 0.01845675 -0.02035355 0.008007347 0.005339503 -0.01860177 0.008000552 0.01013112 -0.01557558 0.008000254 0.01426744 -0.02138745 0.009104371 0.005611598 -0.01308155 0.009000003 0.01784402 -0.01591658 0.009007394 0.01536554 -0.01829385 0.009000003 0.01244467 -0.0201466 0.009047508 0.009126484 -0.01942253 0.008524835 0.00862956 -0.01786261 0.008672416 0.01164019 -0.01567059 0.008677005 0.01448601 -0.01323509 0.008857429 0.01705414 -0.01291495 0.008020758 0.01664042 -0.01006376 0.008890628 0.01915287 -0.0148077 0.008001089 0.003200292 -0.01485341 0.008682429 0.002963542 -0.01499909 0.009025454 0.002209067 -0.01984369 0.009102165 0.003154695 -0.01963967 0.008010387 0.004211246 -0.02053934 0.001983582 0.005405306 -0.02050369 9.77002e-4 0.005086958 -0.02060788 4.78029e-4 0.004649281 -0.02073204 8.13231e-5 0.003966331 -0.02087336 7.30157e-7 0.003305971 -0.02045232 0.002000093 0.004782915 -0.01966935 0.001998782 0.004087448 -0.01987993 9.75214e-4 0.003151595 -0.01974332 0.001258075 0.003852427 -0.0205574 8.02286e-4 0.003257572 -0.0201146 0.00109452 0.003849744 -0.02050119 0.001003503 0.004386842 -0.02080386 0.009006559 0.003598511 -0.02032071 0.008724153 0.004143357 -0.02014082 0.008000731 0.004345297 -0.02127027 0.00900042 0.00422734 -0.0214532 0.009008467 0.00483042 -0.02140849 0.009089052 0.005612492 -0.02046608 0.008005023 0.005358278 -0.02080452 0.008782684 0.004823029 -0.01966041 0.007999956 0.004109859 -0.02013272 0.007999956 0.004350662 -0.01966166 0.006199955 0.004105329 -0.02013111 0.006199955 0.004352807 -0.0218755 0.009097278 -0.003273248 -0.02090358 0.008528769 -0.003918766 -0.02072298 0.008004486 -0.004048585 -0.01500582 0.008002102 -0.002968013 -0.01519811 0.009191811 -0.00198543 -0.01500165 0.008005678 -0.002986252 -0.01519638 0.009150624 -0.001977503 -0.006744623 0.009105205 -0.01357561 -0.006172657 0.008999943 -0.01231902 -0.005839705 0.008999943 -0.01097631 -0.00574696 0.009017229 -0.009588718 -0.005891263 0.008999943 -0.008220553 -0.006290078 0.009077608 -0.006875395 -0.00688219 0.008999943 -0.005648612 -0.00769335 0.009018003 -0.004537343 -0.008693754 0.009011983 -0.003571629 -0.009840905 0.008999943 -0.002798616 -0.01109671 0.009020566 -0.002242863 -0.01245415 0.009019851 -0.001905739 -0.01382821 0.008999943 -0.001809716 -0.00767976 0.008010745 -0.01305973 -0.013179 0.0080114 -0.002896428 -0.01086819 0.008002936 -0.003408312 -0.008346498 0.008003354 -0.005258142 -0.00702548 0.008001089 -0.007735431 -0.006747364 0.007999181 -0.01082569 -0.01235014 0.008746862 -0.002541899 -0.009629666 0.008776068 -0.003666698 -0.008209228 0.008643925 -0.005079925 -0.006868302 0.008517086 -0.007803022 -0.006369173 0.008834958 -0.01079291 -0.006831765 0.008451938 -0.01143819 -0.01462906 0.009103417 -0.0165801 -0.01392114 0.008010745 -0.01577913 -0.02187156 0.009036004 -0.003277957 -0.02099514 0.009109377 -0.006893336 -0.01937788 0.009112179 -0.01060295 -0.01730197 0.009000003 -0.01379042 -0.02091372 0.008567452 -0.003934025 -0.020711 0.008007407 -0.004071176 -0.01637154 0.008003413 -0.01330029 -0.01831042 0.008005261 -0.01045751 -0.01972019 0.008024334 -0.007328331 -0.01662307 0.008843243 -0.01363831 -0.007636368 0.008002102 -0.0130847 -0.006759941 0.009191572 -0.01356911 -0.0101121 0.009097158 -0.01967245 -0.01042193 0.00852859 -0.01853889 -0.0104888 0.008004605 -0.01832497 -0.00364679 0.009097278 -0.02181637 -0.002732515 0.008528769 -0.02109146 -0.002553284 0.008004486 -0.02095979 -0.001814305 0.008002102 -0.01518857 -0.002808153 0.009191811 -0.01506781 -0.001764357 0.008010745 -0.01519376 -0.002824425 0.009105205 -0.01506412 0.01083564 0.00902605 -0.01060318 0.009808659 0.008999943 -0.00967735 0.008641541 0.009042561 -0.008955359 0.007351219 0.008999943 -0.00842911 0.00600481 0.009018003 -0.008146047 0.004615306 0.009033381 -0.008099973 0.003245472 0.008999943 -0.008290886 0.001909255 0.00904864 -0.00873667 7.11508e-4 0.009033381 -0.009373784 -3.79357e-4 0.008999943 -0.01022404 -0.001303732 0.008999943 -0.01125329 -0.002035319 0.008999943 -0.01242738 -0.002547919 0.009018003 -0.01370418 0.01014274 0.008001506 -0.01124334 0.01025515 0.008656799 -0.01114684 -0.001063466 0.008003294 -0.01264691 8.87833e-4 0.008007764 -0.01051712 0.002768814 0.008002996 -0.00947225 0.005273759 0.008001983 -0.009083867 0.007633507 0.008002877 -0.009592235 -0.00154668 0.008597612 -0.01335167 -4.62081e-4 0.008876562 -0.01104974 0.001634597 0.008714437 -0.009635508 0.00402975 0.008589923 -0.008972644 0.006537199 0.008690416 -0.008970439 0.008836865 0.008637249 -0.009928941 -0.003645122 0.00904864 -0.02181172 -0.002708375 0.008544445 -0.02109843 -0.002535879 0.008013546 -0.02095192 0.0141716 0.008010864 -0.01564055 0.01130753 0.008001506 -0.01783984 0.007915258 0.008009493 -0.0195657 0.001068234 0.008001506 -0.0210945 0.01555252 0.009150028 -0.01568663 0.01432472 0.008459389 -0.01564973 -1.78244e-4 0.008999943 -0.0221247 0.003302872 0.0090397 -0.02186167 0.006709575 0.008999943 -0.02108359 0.009944915 0.008999943 -0.01976442 0.0129323 0.008999943 -0.01795244 0.01221954 0.008716225 -0.01754277 0.008826076 0.008710503 -0.01946353 0.004984676 0.008849859 -0.02105122 0.004281878 0.008036375 -0.0206114 6.74929e-4 0.008704721 -0.02135765 0.0100094 0.008014321 -0.0113762 0.0108332 0.009060621 -0.01060611 0.01559716 0.008999943 -0.01569277 0.01461052 0.008725106 -0.01566112 0.0142368 0.008023321 -0.01558017 0.01962167 0.009097278 -0.01020997 0.01921474 0.008528769 -0.009116411 0.01914495 0.008004486 -0.008905231 0.01388454 0.008002102 -0.006419003 0.0134626 0.009191811 -0.00732696 0.01155221 0.009104847 -0.006097614 0.01225996 0.008010685 -0.005296647 0.01343315 0.009033858 0.007028043 0.01229631 0.008999943 0.006380856 0.01126348 0.009052097 0.005523502 0.01042044 0.009011983 0.004568457 0.009729444 0.008999943 0.003457069 0.009236454 0.009022057 0.002254188 0.008939266 0.008999943 9.7109e-4 0.008878409 0.009078681 -4.42935e-4 0.008997797 0.008999943 -0.001636803 0.009347021 0.008999943 -0.002898097 0.009897649 0.009019553 -0.004078686 0.01065909 0.009104549 -0.005170047 0.01384365 0.008003473 0.006144762 0.01375836 0.008601486 0.006326675 0.01034313 0.00800383 -0.002910375 0.009991466 0.008009493 0.001050114 0.01074856 0.008006989 0.003228962 0.01202946 0.008002877 0.004842281 0.01099032 0.008428454 -0.004132986 0.009771585 0.008580088 -0.001496553 0.01058924 0.00876522 0.003848731 0.01961791 0.009048521 -0.01020658 0.01922881 0.008545994 -0.009096205 0.01915508 0.008007824 -0.008891344 0.01925045 0.008015513 0.008639156 0.02046024 0.008001804 0.005240857 0.02105438 0.008001863 0.001673579 0.02103126 0.008001863 -0.001942753 0.02039152 0.008001804 -0.005502104 0.01974451 0.008999943 0.009984433 0.01938092 0.008673727 0.008937954 0.02097368 0.009017825 -0.007030308 0.02182322 0.00901252 -0.003614842 0.02212017 0.00901252 -1.33965e-4 0.02186542 0.00901252 0.003350257 0.02107012 0.008999943 0.006751716 0.0205428 0.0087291 0.005958199 0.02131807 0.008668541 0.001616001 0.02119332 0.008678674 -0.002630293 0.02048188 0.008677363 -0.006041705 0.01386892 0.008002102 0.006097197 0.01344466 0.009191572 0.007004201 0.01974403 0.009097158 0.009971618 0.01932841 0.00852859 0.008872449 0.01925677 0.008004605 0.008660078 0.01578611 0.008999943 0.01550269 0.01466917 0.008607089 0.01546096 0.01438683 0.008004903 0.01545381 0.01039457 0.008002281 0.01122212 0.01112806 0.009194791 0.01053994 8.98801e-5 0.009012043 0.009973883 5.90328e-4 0.008663415 0.01054269 7.83991e-4 0.008005678 0.01076126 -0.002536594 0.008997261 0.01494729 -0.002159714 0.009002208 0.01326513 -0.001391232 0.009012043 0.01172173 -6.88735e-4 0.009096801 0.01078206 -0.001519322 0.00800246 0.01507318 -0.001912713 0.008832633 0.0150249 -9.52087e-4 0.008002817 0.01285827 -0.001271367 0.008679747 0.0130769 0.01577669 0.009030044 0.01550334 0.01465576 0.008621037 0.01548033 0.01437342 0.008009433 0.01546889 -0.002267777 0.00801438 0.02098113 0.001147031 0.008020877 0.02104657 0.004944622 0.008013665 0.02051007 -0.003394365 0.009000003 0.02186352 -0.002512156 0.008673846 0.02119511 0.01314878 0.008999943 0.01779448 0.01018357 0.008999943 0.01964253 0.006964445 0.008999943 0.02100074 0.003570437 0.00901252 0.02183049 8.97236e-5 0.008999943 0.02212524 6.99744e-4 0.008833825 0.0215516 0.00515002 0.008822679 0.02095562 0.0108636 0.008805751 0.01867842 0.008526146 0.008018195 0.01928448 0.01166999 0.008020162 0.01755416 -0.001513004 0.008002102 0.01507431 -0.002506792 0.009191572 0.01495105 -0.003382265 0.009097158 0.0218591 -0.002465367 0.00852859 0.02112412 -0.00228554 0.008004605 0.02099037 -0.02143764 0.009000003 -6.43691e-4 -0.02056735 0.008594214 1.02842e-4 -0.020352 0.00800383 2.66794e-4 -0.02113801 0.009023785 0.002481341 -0.02025192 0.008005917 0.001381337 -0.02044039 0.008592784 0.001597404 -0.02022439 0.008005082 0.001411974 -0.02040094 0.008591353 0.001629233 -0.02113777 0.009023785 0.00248152 -0.007949113 0.008999943 0.001225829 -0.006604373 0.008003771 4.70523e-5 -0.007410287 0.008765041 5.72173e-4 -0.006688356 0.008043646 -0.001134932 -0.007045447 0.0084908 -0.001141369 -0.007790386 0.009185075 -0.001910984 -0.02143764 0.009000003 -6.43691e-4 -0.02054274 0.008600652 7.01528e-5 -0.02033829 0.008004009 2.51619e-4 -0.00730884 0.008692622 4.2535e-4 -0.007944464 0.009025692 0.00121802 -0.005355477 0.009032249 0.005995452 -0.006310701 0.009005308 0.00498569 -0.007078468 0.009003102 0.003818452 -0.007622241 0.008999943 0.002567648 -0.003433644 0.008690893 0.006462574 -0.004246532 0.009063363 0.006818473 -0.00695908 0.00872004 0.002278685 -0.005819439 0.008697569 0.004470705 -0.004475772 0.008713424 0.005768001 -0.005320966 0.008999943 -0.006031513 -0.004810035 0.008748412 -0.005453526 -0.007804811 0.008999943 -0.001943349 -0.007423758 0.008999943 -0.00309509 -0.006167531 0.008999943 -0.005162656 -0.007200658 0.008725106 -0.001261055 -0.006076812 0.00873363 -0.00406152 -0.006866633 0.008714795 -0.002477049 -0.006860196 0.009016156 -0.004194319 -0.003294587 0.008515715 0.006364047 -0.004259526 0.009010314 0.006822168 -0.007235109 0.009022474 0.02018809 -0.006049036 0.008006274 0.01941633 -0.006298005 0.008590936 0.01956218 -0.003145873 0.008043706 0.006010353 -0.002125203 0.007999956 -0.006242573 -0.002647221 0.008623123 -0.006779491 -0.0075832 0.008003652 -0.01880586 -0.008894324 0.009000003 -0.01933747 -0.007836759 0.008598089 -0.01889795 -0.003622293 0.008999943 -0.007181286 -0.006032764 0.008005976 0.01944279 -0.006274163 0.008599698 0.01960504 -0.007234334 0.009022176 0.02018839 -0.004172027 0.00902456 0.02087014 -0.004945337 0.00800538 0.01969224 -0.004799127 0.008588492 0.01993232 -0.008894324 0.009000003 -0.01933747 -0.007819116 0.008592009 -0.01893597 -0.007573187 0.008003711 -0.01882815 -0.00654155 0.008004009 -0.01927047 -0.00601238 0.009000003 -0.02058732 -0.00646013 0.008574843 -0.01952433 -0.004906773 0.008005082 0.0196709 -0.004754662 0.008591294 0.01990592 -0.004171848 0.009023785 0.02087002 -0.0012905 0.008999943 0.007938921 -0.001996099 0.008003771 0.00629568 -0.0017457 0.008765041 0.00722444 -9.87414e-4 0.008043646 -0.006711721 -0.001091599 0.0084908 -0.007053375 -5.899e-4 0.009185075 -0.007999658 -0.00601238 0.009000003 -0.02058732 -0.006414771 0.008600652 -0.01951563 -0.006524205 0.008004009 -0.01926511 -0.001854002 0.008692741 0.007082462 -0.00129652 0.009025692 0.007932066 0.005172133 0.009034097 0.006154477 0.004053831 0.009060323 0.006939709 0.00280869 0.009059727 0.00753045 0.001462042 0.009059131 0.007903218 1.27748e-4 0.009072363 0.008030414 0.005090653 0.008694767 0.005261898 -3.96706e-5 0.008700072 0.007334113 0.001698315 0.008688986 0.007118582 0.00337851 0.008695423 0.006513178 -5.71251e-4 0.009037554 -0.008016407 -0.001024425 0.008692145 -0.007248222 0.005664348 0.008684933 -0.00464648 0.004301369 0.00870788 -0.005936264 0.002657175 0.008699715 -0.006810605 8.55695e-4 0.008701384 -0.007285654 0.005711197 0.009038448 -0.005647957 8.17355e-4 0.008999943 -0.008001506 0.002176582 0.009031355 -0.007737815 0.003479301 0.009014487 -0.007249057 0.004657268 0.008999943 -0.006557524 0.005034446 0.008515715 0.005099952 0.005172014 0.009010314 0.006159186 0.01696425 0.009022533 0.01311945 0.01659673 0.008006274 0.01175296 0.01665854 0.008590936 0.01203483 0.004744052 0.008043706 0.004849255 0.005280315 0.007999956 -0.003950238 0.005629658 0.008623123 -0.004612624 0.01554208 0.008003652 -0.01302343 0.01564252 0.008999943 -0.01443463 0.01555132 0.008598029 -0.01329296 0.005710422 0.008999943 -0.005664169 0.01663297 0.00800538 0.01174938 0.01670593 0.008600711 0.01202499 0.01696473 0.009022176 0.01311886 0.01855945 0.00902456 0.0104171 0.01719403 0.008005976 0.01078504 0.01747447 0.008587241 0.01072418 0.01564252 0.008999943 -0.01443463 0.01559644 0.008575439 -0.01328152 0.01556634 0.008003711 -0.01302075 0.01630586 0.008004009 -0.01217633 0.01772177 0.008999943 -0.01207995 0.01657843 0.008591473 -0.01217305 0.006210625 0.008008599 0.004389882 0.006557464 0.008911907 0.003848075 0.01718854 0.008005619 0.01075059 0.0174629 0.008592188 0.01067328 0.01855939 0.009023547 0.0104168 0.007149636 0.009031057 0.003682136 0.006925523 0.008905827 -0.003137111 0.006736695 0.008540689 -0.003523409 0.00666362 0.008000671 -0.003659427 0.007453739 0.009032547 -0.003016591 0.01772177 0.008999943 -0.01207995 0.01657336 0.008586168 -0.01212805 0.01630485 0.008004009 -0.01215952 0.006554067 0.008908569 0.003846406 0.007081866 0.008908808 0.002752542 0.007557511 0.00890237 0.00100398 0.00748986 0.008910179 -0.001409411 0.006920039 0.008911788 -0.003136873 0.007151544 0.008999943 0.003680586 0.007456541 0.008999943 -0.003015279 0.007861495 0.009005606 -0.001694917 0.00803554 0.009005606 -3.25143e-4 0.007970333 0.009017467 0.001053988 0.007674872 0.009005606 0.002402603 -0.002363085 -0.01249998 -0.002248883 -0.001694142 -0.01249998 -0.002773463 -9.22065e-4 -0.01249998 -0.003129184 2.03788e-4 -0.01249998 -0.003255844 0.001305043 -0.01249998 -0.002989768 0.002248883 -0.01249998 -0.002363085 0.002921521 -0.01249998 -0.001451432 0.003185629 -0.01249998 -6.43419e-4 0.003255844 -0.01249998 2.03773e-4 0.002989768 -0.01249998 0.001305043 0.002363145 -0.01249998 0.002248883 0.001694142 -0.01249998 0.002773463 9.22076e-4 -0.01249998 0.003129184 -2.03777e-4 -0.01249998 0.003255844 -0.001305043 -0.01249998 0.002989768 -0.002248883 -0.01249998 0.002363085 -0.002921521 -0.01249998 0.001451432 -0.003185629 -0.01249998 6.43419e-4 -0.003255844 -0.01249998 -2.03773e-4 -0.002989768 -0.01249998 -0.001305043 -8.93861e-4 -0.01249998 -0.001211583 -4.25562e-4 -0.01249998 -0.00144422 9.40673e-5 -0.01249998 -0.001502692 6.02338e-4 -0.01249998 -0.001379907 0.001037955 -0.01249998 -0.001090645 0.001410365 -0.01249998 -5.53269e-4 0.001502692 -0.01249998 9.40319e-5 0.001330375 -0.01249998 7.24792e-4 8.93876e-4 -0.01249998 0.001211583 4.25573e-4 -0.01249998 0.00144422 -9.40599e-5 -0.01249998 0.001502692 -6.02331e-4 -0.01249998 0.001379907 -0.001037955 -0.01249998 0.001090645 -0.001348376 -0.01249998 6.69904e-4 -0.001514554 -0.01249998 3.7523e-5 -0.001330375 -0.01249998 -7.24792e-4 0.002150058 -0.01249998 0.002437114 0.002150058 0 0.002437114 -0.002213835 -0.01249998 -0.002525746 2.06124e-4 -0.01249998 -0.003293275 0.002221047 -0.01249998 -0.002453744 0.003416538 -0.01249998 4.18551e-4 -0.002173125 0 -0.002468824 -2.87741e-4 0 -0.00329715 0.002155184 0 -0.002559542 0.003387868 0 6.08262e-4 -0.001141726 0.000999987 -0.001254379 -0.001284062 0.000999987 8.94202e-4 -1.33462e-4 0.000999987 0.001521706 0.001021742 0.000999987 0.001165688 -0.00100547 -0.01249998 -0.001137197 0.001068472 -0.01249998 0.001234769 -8.2954e-4 -0.01249998 0.001326739 -0.001563787 -0.01249998 -5.50244e-5 -8.93869e-4 0.000999987 -0.001211583 -0.001330375 0.000999987 -7.24802e-4 -0.001502692 0.000999987 -9.40468e-5 -0.001410365 0.000999987 5.53269e-4 -0.001037955 0.000999987 0.001090645 -6.02331e-4 0.000999987 0.001379907 -9.40599e-5 0.000999987 0.001502692 4.25581e-4 0.000999987 0.00144422 8.93869e-4 0.000999987 0.001211583 0.00125432 0.000999987 8.32807e-4 0.001463532 0.000999987 3.53562e-4 0.001496195 0.000999987 -1.68324e-4 0.001348376 0.000999987 -6.69902e-4 0.001037955 0.000999987 -0.001090645 6.02338e-4 0.000999987 -0.001379907 9.40673e-5 0.000999987 -0.001502692 -4.25566e-4 0.000999987 -0.00144422 -0.00355333 0.001009106 -0.002358973 -0.004146039 0.001006007 -0.001001954 -0.004237115 0.001018404 4.7734e-4 -0.003820359 0.001001417 0.001897931 -0.002359032 0.001011013 0.003553092 -0.001356303 0.001014411 0.004026114 -2.66481e-4 0.001001417 0.0042575 0.001205503 0.00100404 0.00409162 0.002215445 0.000999987 0.003626823 0.002802491 0.001092016 0.003179907 0.00210011 1.56611e-5 0.002382576 0.001180768 4.51505e-6 0.003005802 -3.34397e-4 5.43147e-6 0.003239274 -0.002315461 2.07871e-6 0.002336442 -0.00325942 2.72691e-6 3.75384e-4 -0.002980709 9.23872e-7 -0.001301109 -0.002082943 1.55494e-5 -0.002357959 -0.002806663 0.001069247 -0.003180384 0.001141607 7.76842e-4 0.003436803 -8.67616e-4 7.82706e-4 0.003551244 -0.002375185 5.33313e-4 0.00248152 -0.003189027 0.001058042 0.00279802 -0.003454327 6.11849e-4 3.79998e-4 -0.003100752 7.006e-4 -0.001640081 -0.002251744 -0.006999969 -0.003836452 -0.002251744 0.000999987 -0.003836452 -0.008426189 -0.006999969 -0.01930129 -0.008426189 0.000999987 -0.01930129 -0.008426189 -0.006999969 -0.01930129 -0.008426189 0.000999987 -0.01930129 -0.006495952 -0.006999969 -0.02007198 -0.006495952 0.000999987 -0.02007198 -0.006495952 -0.006999969 -0.02007198 -0.006495952 0.000999987 -0.02007198 -3.21515e-4 -0.006999969 -0.004607141 -3.21515e-4 0.000999987 -0.004607141 -3.21515e-4 -0.006999969 -0.004607141 -3.21515e-4 0.000999987 -0.004607141 -0.002251744 -0.006999969 -0.003836452 -0.002251744 0.000999987 -0.003836452 -3.21515e-4 -0.006999969 -0.004607141 -0.002251744 -0.006999969 -0.003836452 -0.006495952 -0.006999969 -0.02007198 -0.008426189 -0.006999969 -0.01930129 -0.004344522 -0.006999969 9.56045e-4 -0.004344522 0.000999987 9.56045e-4 -0.02096045 -0.006999969 0.002049386 -0.02094978 4.06168e-4 0.002048671 -0.02029925 9.76309e-4 0.002005875 -0.0206964 7.46213e-4 0.002031981 -0.02096045 -0.006999969 0.002049386 -0.02109694 -0.006999969 -2.45534e-5 -0.02109694 2.36996e-4 -2.45534e-5 -0.02096045 3.54707e-4 0.002049386 -0.02104252 3.70212e-4 8.02552e-4 -0.02109694 -0.006999969 -2.45534e-5 -0.004481017 -0.006999969 -0.001117885 -0.004481017 0.000999987 -0.001117885 -0.02105319 4.26047e-4 -2.74684e-5 -0.02048313 9.62958e-4 -6.49132e-5 -0.004481017 -0.006999969 -0.001117885 -0.004481017 0.000999987 -0.001117885 -0.004344522 -0.006999969 9.56045e-4 -0.004344522 0.000999987 9.56045e-4 -0.004481017 -0.006999969 -0.001117885 -0.004344522 -0.006999969 9.56045e-4 -0.02109694 -0.006999969 -2.45534e-5 -0.02096045 -0.006999969 0.002049386 -4.33292e-4 -0.006999969 0.004427313 -4.33289e-4 0.000999987 0.004427313 -0.004528045 -0.006999969 0.02056789 -0.004528045 0.000999987 0.02056789 -0.004528045 -0.006999969 0.02056789 -0.004528045 0.000999987 0.02056789 -0.006542623 -0.006999969 0.02005678 -0.006542623 0.000999987 0.02005678 -0.006542623 -0.006999969 0.02005678 -0.006542623 0.000999987 0.02005678 -0.002447903 -0.006999969 0.003916263 -0.002447903 0.000999987 0.003916263 -0.002447903 -0.006999969 0.003916263 -0.002447903 0.000999987 0.003916263 -4.33292e-4 -0.006999969 0.004427313 -4.33289e-4 0.000999987 0.004427313 -0.002447903 -0.006999969 0.003916263 -4.33292e-4 -0.006999969 0.004427313 -0.006542623 -0.006999969 0.02005678 -0.004528045 -0.006999969 0.02056789 0.004076778 -0.006999969 0.001780211 0.004076778 0.000999987 0.001780211 0.01816201 -0.006999969 0.01066225 0.01816201 0.000999987 0.01066225 0.01816201 -0.006999969 0.01066225 0.01816201 0.000999987 0.01066225 0.01705336 -0.006999969 0.01242029 0.01705336 0.000999987 0.01242029 0.01705336 -0.006999969 0.01242029 0.01705336 0.000999987 0.01242029 0.002968132 -0.006999969 0.00353825 0.002968132 0.000999987 0.00353825 0.002968132 -0.006999969 0.00353825 0.002968132 0.000999987 0.00353825 0.004076778 -0.006999969 0.001780211 0.004076778 0.000999987 0.001780211 0.002968132 -0.006999969 0.00353825 0.004076778 -0.006999969 0.001780211 0.01705336 -0.006999969 0.01242029 0.01816201 -0.006999969 0.01066225 0.002952873 -0.006999969 -0.003327131 0.002952873 0.000999987 -0.003327131 0.01575279 -0.006999969 -0.01397824 0.01575279 0.000999987 -0.01397824 0.01575279 -0.006999969 -0.01397824 0.01575279 0.000999987 -0.01397824 0.01708221 -0.006999969 -0.01238059 0.01708221 0.000999987 -0.01238059 0.01708221 -0.006999969 -0.01238059 0.01708221 0.000999987 -0.01238059 0.004282295 -0.006999969 -0.001729428 0.004282295 0.000999987 -0.001729428 0.004282295 -0.006999969 -0.001729428 0.004282295 0.000999987 -0.001729428 0.002952873 -0.006999969 -0.003327131 0.002952873 0.000999987 -0.003327131 0.004282295 -0.006999969 -0.001729428 0.002952873 -0.006999969 -0.003327131 0.01708221 -0.006999969 -0.01238059 0.01575279 -0.006999969 -0.01397824 0.002085506 0.008081197 0.006325304 0.001705825 0.008001089 0.006375789 0.002340376 0.008000791 0.006223678 0.002291381 0.007999956 0.00620681 0.001733601 0.007999956 0.006368994 0.001951634 0.007999956 0.006389498 0.00203067 0.008081197 -0.006343126 0.002367556 0.008001089 -0.006160795 0.001764774 0.00800085 -0.006410717 0.001768767 0.007999956 -0.006360471 0.002356469 0.007999956 -0.006163477 0.002088069 0.007999956 -0.006353735 -0.005285859 0.008053243 -0.004026234 -0.005133926 0.007999956 -0.004150271 -0.005508124 0.007999956 -0.003646969 -0.005297601 0.007999956 -0.004050135 -0.005371272 0.008081197 0.003938078 -0.005536615 0.008001089 0.00359255 -0.005195856 0.008000791 0.004149079 -0.005532622 0.007999956 0.00361073 -0.005324661 0.007999956 0.004011809 -9.72383e-4 0.007899999 -0.001104652 -9.62041e-4 0.007699966 -0.001090466 9.62053e-4 0.007899999 0.001090466 0.001515924 0.007899999 2.72168e-4 5.5135e-4 0.007899999 -0.001497447 9.97834e-4 0.007699966 0.001123785 0.0014683 0.007699966 -6.24789e-4 -2.10729e-4 0.007699966 -0.001502275 8.66596e-4 0.007899999 0.001174569 0.001289784 0.007899999 7.02672e-4 0.001456797 0.007899999 9.11616e-5 0.001400172 0.007899999 -4.12585e-4 0.001101434 0.007899999 -9.71684e-4 5.83965e-4 0.007899999 -0.001337766 -3.63626e-5 0.007899999 -0.0014683 -6.49448e-4 0.007899999 -0.001307249 -0.001057386 0.007899999 -0.001006245 -0.001337766 0.007899999 -5.83945e-4 -0.001456797 0.007899999 -9.11914e-5 -0.001400113 0.007899999 4.12585e-4 -0.001174569 0.007899999 8.66586e-4 -7.02675e-4 0.007899999 0.001289784 -9.11765e-5 0.007899999 0.001456797 4.12583e-4 0.007899999 0.001400113 0.004703342 0.007699966 0.001187622 0.004703342 0.007955372 0.001187622 0.005534231 0.007699966 0.002858281 0.006099462 0.008628666 0.003994762 0.006253182 0.008148133 0.004303693 0.006253004 0.00901705 0.004303336 0.005452334 0.008386373 0.002693653 0.004658579 0.007701158 -8.69788e-4 0.004763484 0.007950186 -8.14242e-4 0.004682779 0.007700145 0.001195788 0.004703342 0.007955372 0.001187622 0.004484295 0.007844924 4.27244e-4 0.005789935 0.007699966 -0.002296507 0.006397843 0.008519768 -0.003236174 0.004814863 0.007699966 -7.89402e-4 0.004814863 0.007964074 -7.89402e-4 0.005705893 0.008395075 -0.002166628 0.006660044 0.00901705 -0.003641366 0.006656587 0.008132338 -0.003636062 0.006273984 0.008279919 0.004295408 0.006258606 0.008999943 0.00431472 0.00657159 0.008841991 0.004013061 0.007490754 0.008898496 0.001607418 0.007270574 0.008948981 -0.001661479 0.006948292 0.008864879 -0.003252208 0.006681501 0.008327484 -0.003622531 0.006667017 0.008999943 -0.003652155 0.007116973 0.008999705 0.002735078 0.007614433 0.008999705 3.9045e-4 0.006667017 0.008999943 -0.003652155 0.006579041 0.008999943 -0.003516197 0.006186068 0.008999943 0.004168868 0.006754994 0.008999943 0.003165006 0.007323801 0.008999943 0.001529812 0.007457137 0.008999943 -1.96397e-4 0.007233083 0.008999943 -0.001913189 0.006258606 0.008999943 0.00431472 0.006858944 0.008999943 0.00327748 0.007288813 0.008999943 0.002158761 0.007537543 0.008999943 9.86392e-4 0.007598876 0.008999943 -2.10507e-4 0.007471382 0.008999943 -0.001402139 0.00715816 0.008999943 -0.002558946 0.006186068 0.008999943 0.004168868 0.006998658 0.00900489 0.002638876 0.007473587 0.008997082 3.84467e-4 0.007228791 0.009009003 -0.001913011 0.006636321 0.008843541 -0.003557085 0.004668474 0.007893323 0.001116156 0.004493474 0.007855474 4.44392e-4 0.004591107 0.0078817 -3.85702e-4 0.005620062 0.008217155 -3.34211e-4 0.005505442 0.008171916 -4.58192e-5 0.005554199 0.008191525 2.6395e-4 0.005750238 0.008267343 5.01517e-4 0.006031513 0.008380115 6.08012e-4 0.006369173 0.008507192 5.4854e-4 0.006620287 0.008612871 2.89988e-4 0.006673991 0.008645176 -1.26226e-4 0.006333827 0.008484482 -5.39355e-4 0.005872786 0.008318603 -5.30077e-4 0.005739688 0.007999956 -4.59116e-4 0.005533456 0.007999956 -1.67804e-4 0.005514323 0.007999956 1.37437e-4 0.005682647 0.007999956 4.52191e-4 0.006056308 0.007999956 6.15289e-4 0.006447315 0.007999956 5.00064e-4 0.006653606 0.007999956 2.08752e-4 0.00667268 0.007999956 -9.64887e-5 0.006504416 0.007999956 -4.11246e-4 0.006130754 0.007999956 -5.74348e-4 0.005706489 0.008249342 -4.18223e-4 0.005519747 0.008156478 3.09199e-7 0.00582987 0.008300781 5.74479e-4 0.006489098 0.008560538 4.72246e-4 0.005679666 0.007999956 -4.43742e-4 0.005573153 0.008000016 4.17059e-4 0.006512761 0.008000016 5.04106e-4 0.01308941 0.005999982 0.01407188 0.01271325 0.005999982 0.01441091 0.01308858 0.006199955 0.01407092 0.01271408 0.006199955 0.01441186 -0.002279877 0.006199955 0.02100205 0.00133723 0.006199955 0.02108305 0.004915177 0.006199955 0.02054572 0.008348882 0.006199955 0.01940566 0.01153779 0.006199955 0.01769644 0.0143882 0.006199955 0.01546818 0.0130915 0.006199955 0.0140798 0.01015889 0.006199955 0.01631253 0.00732553 0.006199955 0.01776623 0.004290997 0.006199955 0.01873207 0.001138627 0.006199955 0.01918345 -0.002044916 0.006199955 0.01910811 0.01439142 0.005999982 0.01547795 0.0130915 0.005999982 0.0140798 0.01015889 0.005999982 0.01631253 0.00732553 0.005999982 0.01776623 0.004290997 0.005999982 0.01873207 0.001138627 0.005999982 0.01918345 -0.002044916 0.005999982 0.01910811 -0.002279877 0.005999982 0.02100205 0.001226127 0.005999982 0.02108985 0.004698336 0.005999982 0.02059638 0.008041024 0.005999982 0.01953524 0.01116216 0.005999982 0.01793575 -0.02048212 0.006199955 0.005126953 -0.02030068 0.006199955 0.00452727 -0.01930749 0.006199955 0.008573532 -0.01767903 0.006199955 0.01156443 -0.0155912 0.006199955 0.01425474 -0.01309823 0.006199955 0.01657468 -0.01026487 0.006199955 0.0184639 -0.009337663 0.006199955 0.01679611 -0.01206219 0.006199955 0.01496011 -0.01443421 0.006199955 0.01268684 -0.0163843 0.006199955 0.01004278 -0.01785552 0.006199955 0.007105171 -0.01880484 0.006199955 0.003959894 -0.01987254 0.006199955 0.004181802 -0.01026487 0.005999982 0.0184639 -0.009337663 0.005999982 0.01679611 -0.01206219 0.005999982 0.01496011 -0.01443421 0.005999982 0.01268684 -0.0163843 0.005999982 0.01004278 -0.01785552 0.005999982 0.007105171 -0.01880484 0.005999982 0.003959894 -0.01987254 0.005999982 0.004181802 -0.02048212 0.005999982 0.005126953 -0.02030068 0.005999982 0.00452727 -0.01930749 0.005999982 0.008573532 -0.01767903 0.005999982 0.01156443 -0.0155912 0.005999982 0.01425474 -0.01309823 0.005999982 0.01657468 -0.009337663 0.006199955 0.01679611 -0.009337663 0.005999982 0.01679611 -0.01355141 0.006199955 0.01371508 -0.01736915 0.006199955 0.008370041 -0.01880484 0.006199955 0.003959894 -0.01880484 0.005999982 0.003959894 -0.01312702 0.005999982 0.01412183 -0.01710593 0.005999982 0.008895635 -0.01885956 0.006199955 -0.003690361 -0.01885956 0.005999982 -0.003690361 -0.01734131 0.006199955 -0.008376598 -0.01374626 0.006199955 -0.01351976 -0.009577095 0.006199955 -0.0166608 -0.009577095 0.005999982 -0.0166608 -0.01738512 0.005999982 -0.008397758 -0.01332777 0.005999982 -0.01393252 -0.01050025 0.006199955 -0.01833111 -0.01230806 0.006199955 -0.01718443 -0.01397562 0.006199955 -0.0158419 -0.01637011 0.006199955 -0.01335304 -0.01832705 0.006199955 -0.01050728 -0.01979416 0.006199955 -0.007380664 -0.02073228 0.006199955 -0.004056811 -0.01885956 0.006199955 -0.003690361 -0.01795536 0.006199955 -0.006848931 -0.01652634 0.006199955 -0.009807288 -0.01461428 0.006199955 -0.012479 -0.01227504 0.006199955 -0.01478594 -0.009577095 0.006199955 -0.0166608 -0.01397562 0.005999982 -0.0158419 -0.01637011 0.005999982 -0.01335304 -0.01832705 0.005999982 -0.01050728 -0.01979416 0.005999982 -0.007380664 -0.02073228 0.005999982 -0.004056811 -0.01885956 0.005999982 -0.003690361 -0.01795536 0.005999982 -0.006848931 -0.01652634 0.005999982 -0.009807288 -0.01461428 0.005999982 -0.012479 -0.01227504 0.005999982 -0.01478594 -0.009577095 0.005999982 -0.0166608 -0.01050025 0.005999982 -0.01833111 -0.01230806 0.005999982 -0.01718443 -0.002318143 0.006199955 -0.01907694 -0.002318143 0.005999982 -0.01907694 0.002607882 0.006199955 -0.01908111 0.008610248 0.006199955 -0.01725137 0.01288586 0.006199955 -0.01425683 0.01288586 0.005999982 -0.01425683 0.002614438 0.005999982 -0.01912927 0.009132087 0.005999982 -0.01698088 0.01418918 0.006199955 -0.01565092 0.01131045 0.006199955 -0.01784259 0.008099973 0.006199955 -0.01951086 0.004651904 0.006199955 -0.02060687 0.001067459 0.006199955 -0.02109849 -0.002548336 0.006199955 -0.02097117 -0.002318143 0.006199955 -0.01907694 9.65212e-4 0.006199955 -0.01919299 0.004220366 0.006199955 -0.0187481 0.007352173 0.006199955 -0.01775521 0.0102691 0.006199955 -0.01624339 0.01288586 0.006199955 -0.01425683 -0.002548336 0.005999982 -0.02097117 -0.002318143 0.005999982 -0.01907694 9.65212e-4 0.005999982 -0.01919299 0.004220366 0.005999982 -0.0187481 0.007352173 0.005999982 -0.01775521 0.0102691 0.005999982 -0.01624339 0.01288586 0.005999982 -0.01425683 0.01418918 0.005999982 -0.01565092 0.01131045 0.005999982 -0.01784259 0.008099973 0.005999982 -0.01951086 0.004651904 0.005999982 -0.02060687 0.001067459 0.005999982 -0.02109849 0.01742684 0.006199955 -0.008099794 0.01742684 0.005999982 -0.008099794 0.01902484 0.006199955 -0.003130376 0.01900005 0.006199955 0.003144502 0.01754099 0.006199955 0.007849574 0.01754099 0.005999982 0.007849574 0.0189206 0.005999982 -0.003708899 0.01904803 0.005999982 0.003152489 0.01926964 0.006199955 0.008658289 0.02046442 0.006199955 0.005243182 0.02105897 0.006199955 0.001674354 0.02103585 0.006199955 -0.001943588 0.02039569 0.006199955 -0.005504548 0.01915729 0.006199955 -0.008904039 0.01742684 0.006199955 -0.008099794 0.01855188 0.006199955 -0.005012989 0.01913464 0.006199955 -0.001779615 0.01915818 0.006199955 0.001505613 0.01862174 0.006199955 0.004746973 0.01754099 0.006199955 0.007849574 0.01915729 0.005999982 -0.008904039 0.01742684 0.005999982 -0.008099794 0.01855188 0.005999982 -0.005012989 0.01913464 0.005999982 -0.001779615 0.01915818 0.005999982 0.001505613 0.01862174 0.005999982 0.004746973 0.01754099 0.005999982 0.007849574 0.01926964 0.005999982 0.008658289 0.02046442 0.005999982 0.005243182 0.02105897 0.005999982 0.001674354 0.02103585 0.005999982 -0.001943588 0.02039569 0.005999982 -0.005504548 -0.007068753 0.00119996 0.013538 -0.009020447 0.00119996 0.01232373 -0.01076787 0.00119996 0.0108304 -0.01227134 0.00119996 0.009091675 -0.01349681 0.00119996 0.007147014 -0.01441657 0.00119996 0.005040466 -0.01501005 0.00119996 0.002816081 -0.01361614 0.00119996 0.002663731 -0.01234275 0.00119996 0.002753794 -0.01110428 0.00119996 0.003063201 -0.00993818 0.00119996 0.003582596 -0.00887978 0.00119996 0.004296302 -0.007961094 0.00119996 0.005182623 -0.007210016 0.00119996 0.006214797 -0.006649196 0.00119996 0.00736159 -0.006295621 0.00119996 0.008588194 -0.00616008 0.00119996 0.009857535 -0.006246566 0.00119996 0.0111311 -0.006552577 0.00119996 0.01237046 -0.006934285 0.001176118 0.01342314 -0.009314179 9.95338e-4 0.01219552 -0.01410686 9.85846e-4 0.006492197 -0.009911358 0.001205384 0.01169741 -0.01299554 0.00119853 0.00808531 -0.01512819 0.001184582 0.002854287 -0.01501411 0.001059651 0.002544343 0.008084714 0.00119996 0.01295691 0.005846261 0.00119996 0.01410907 0.003448903 0.00119996 0.01487779 9.57888e-4 0.00119996 0.01524227 -0.001562058 0.00119996 0.01519203 7.50735e-4 0.00119996 0.01072287 -2.7753e-4 0.00119996 0.01182413 -0.001214981 0.00119996 0.01360017 0.01040446 0.00119996 0.0111891 0.009519755 0.00119996 0.01038932 0.008515536 0.00119996 0.009757995 0.007418453 0.00119996 0.009307026 0.006260573 0.00119996 0.009049534 0.005075752 0.00119996 0.008993089 0.00389868 0.00119996 0.009139358 0.002763688 0.00119996 0.009484052 0.001704037 0.00119996 0.01001709 0.01010346 0.00119996 0.01145267 0.01010346 0.000999987 0.01145267 0.00680989 0.00119996 0.01372241 0.001994848 0.00119996 0.01518881 -0.001559138 0.00119996 0.0151925 -0.001559138 0.000999987 0.0151925 0.007210016 0.000999987 0.01351648 0.002440094 0.000999987 0.01512366 0.01396554 0.00119996 0.006180584 0.01170974 0.00119996 -0.004901289 0.01048398 0.00119996 -0.003091156 0.009980261 0.00119996 -0.001450359 0.009847879 0.00119996 2.60856e-4 0.01018458 0.00119996 0.001943826 0.01061975 0.00119996 0.00300163 0.01122283 0.00119996 0.003973543 0.01197749 0.00119996 0.004833161 0.01286315 0.00119996 0.005557 0.01384949 0.00119996 -0.006437003 0.01298522 0.00119996 -0.005962848 0.0147401 0.00119996 -0.00399667 0.01520425 0.00119996 -0.001440703 0.01522845 0.00119996 0.001156926 0.01481211 0.00119996 0.003721117 0.01401472 0.00119996 -0.006496369 0.01384949 0.000999987 -0.006437003 0.01532202 0.00119996 8.94833e-5 0.01407063 0.00119996 0.006212592 0.01396715 0.000999987 0.006177604 0.01503247 9.99995e-4 -0.002965807 0.01515966 9.99995e-4 0.002226233 0.01019376 0.00119996 -0.01137197 -0.0018422 0.00119996 -0.01516079 -0.001588761 0.00119996 -0.0139805 -0.001134455 0.00119996 -0.01286202 -4.93158e-4 0.00119996 -0.01183927 3.15793e-4 0.00119996 -0.01094317 0.00126785 0.00119996 -0.01020091 0.002334177 0.00119996 -0.009634971 0.00348252 0.00119996 -0.009262442 0.00467801 0.00119996 -0.009094715 0.005884468 0.00119996 -0.009136795 0.007065415 0.00119996 -0.009387433 0.008184969 0.00119996 -0.009838998 0.009209275 0.00119996 -0.0104779 7.53861e-4 0.00119996 -0.01525372 0.003328144 0.00119996 -0.01490527 0.005806148 0.00119996 -0.01412558 0.008116185 0.00119996 -0.01293724 -0.001847624 0.00119996 -0.01533627 -0.001845598 0.000999987 -0.01526999 0.004819869 0.00119996 -0.01454442 0.01025664 0.00119996 -0.01146215 0.01029622 0.000999987 -0.01151531 0.00437653 0.000999987 -0.0146839 -0.01498806 0.00119996 -0.002932846 -0.01498806 0.000999987 -0.002932846 -0.01370322 0.00119996 -0.006855189 -0.01062595 0.00119996 -0.01103901 -0.007668495 0.00119996 -0.01320749 -0.007668495 0.000999987 -0.01320749 -0.0139048 0.000999987 -0.006436467 -0.01095587 0.000999987 -0.01071166 -0.007665276 0.00119996 -0.01320898 -0.01498806 0.00119996 -0.002932846 -0.0137872 0.00119996 -0.002809166 -0.01258307 0.00119996 -0.002895593 -0.0114122 0.00119996 -0.003189504 -0.01030999 0.00119996 -0.003681957 -0.009309828 0.00119996 -0.004358053 -0.008442044 0.00119996 -0.005197286 -0.007732987 0.00119996 -0.006174325 -0.007203996 0.00119996 -0.007259488 -0.006871223 0.00119996 -0.00841993 -0.006744623 0.00119996 -0.009620487 -0.006828129 0.00119996 -0.01082479 -0.007119238 0.00119996 -0.01199638 -0.01427417 0.00119996 -0.005430579 -0.01314729 0.00119996 -0.007771253 -0.01164007 0.00119996 -0.009887039 -0.009795963 0.00119996 -0.01171678 0.01589381 0.008002519 0.01801562 0.01253485 0.00800085 0.02047795 0.007041752 0.007999181 0.02303129 -0.00150609 0.008001744 0.02406334 -0.007617771 0.008002877 0.02279001 -0.0114628 0.008011341 0.02119439 -0.01498788 0.008003234 0.0187875 -0.01806402 0.008010327 0.01593595 -0.02049142 0.008001089 0.01251709 -0.02241837 0.008006215 0.008730769 -0.02395933 0.008001744 0.002695262 -0.02351832 0.007995486 -0.005022764 -0.02110469 0.008003234 -0.01149773 -0.01884377 0.008006215 -0.01495736 -0.01594024 0.008012831 -0.01806861 0.01563316 0.008830547 0.01772111 0.01521575 0.008999943 0.01724761 -0.01522165 0.009092032 -0.01725751 -0.01797962 0.009000003 -0.01434338 -0.020199 0.009029626 -0.01100605 -0.02180206 0.009011983 -0.007329344 -0.02274578 0.009033381 -0.003432393 -0.02299386 0.009009957 5.6909e-4 -0.02254801 0.009033381 0.004554033 -0.02142399 0.009138047 0.00841993 -0.01963102 0.009029626 0.01198983 -0.01725703 0.009101986 0.01522403 -0.01434636 0.009029626 0.01798093 -0.0110163 0.00909537 0.02020317 -0.007329583 0.009009957 0.02180182 -0.003432333 0.009009957 0.02274334 5.65443e-4 0.009058475 0.02299934 0.004554092 0.009033381 0.02254801 0.008399128 0.009009957 0.02141249 0.01198977 0.009009957 0.0196287 -0.01981222 0.008859038 -0.01295131 -0.02255845 0.008667409 -0.007645487 -0.0235356 0.008649468 -0.003513216 -0.02371698 0.00874722 6.02465e-4 -0.02333289 0.008649468 0.004673838 -0.02028208 0.008672356 0.01240956 -0.01477324 0.008729398 0.01854324 -0.007574558 0.008789598 0.02241605 -0.00347048 0.008738398 0.02348208 6.05654e-4 0.008595168 0.02381688 0.004725754 0.008574962 0.02339792 0.008705496 0.008691489 0.02214926 0.01233822 0.008738517 0.02027857 0.0158773 0.007999956 0.0179975 0.01104885 0.007999956 0.02139812 0.004751384 0.007999956 0.02352494 -0.001130402 0.007999956 0.02405577 -0.009289801 0.007999956 0.0222184 -0.01496702 0.007999956 0.01876133 -0.01915442 0.007999956 0.01459676 -0.02313321 0.007999956 0.006816625 -0.02400648 0.007999956 -0.001502513 -0.02274888 0.007999956 -0.007647633 -0.01985347 0.007999956 -0.0136308 -0.0158773 0.007999956 -0.0179975 -0.0158773 -0.005999982 -0.0179975 -0.02026766 -0.005999982 -0.01300686 -0.02338087 -0.005999982 -0.005648374 -0.02399259 -0.005999982 5.94148e-4 -0.02250951 -0.005999982 0.008829772 -0.01687121 -0.005999982 0.01718485 -0.009976148 -0.005999982 0.02191877 -0.001877844 -0.005999982 0.02400898 0.004751384 -0.005999982 0.02352494 0.01037818 -0.005999982 0.02173131 0.0158773 -0.005999982 0.0179975 0.01397562 -0.008997321 0.0158419 0.01101237 -0.008997321 0.01802808 0.007716178 -0.009031355 0.01967072 0.004182279 -0.008997321 0.0207073 5.2299e-4 -0.008997321 0.02111899 -0.003152191 -0.008997321 0.02088892 -0.006731629 -0.008997321 0.02002424 -0.01010656 -0.008997321 0.01855105 -0.01317596 -0.009025633 0.01651781 -0.0158419 -0.008997321 0.01397562 -0.01802808 -0.008997321 0.01101237 -0.01966965 -0.009025633 0.007716834 -0.0207073 -0.008997321 0.004182279 -0.02111899 -0.008997321 5.22988e-4 -0.02089345 -0.009031355 -0.003152906 -0.02002424 -0.008997321 -0.006731629 -0.01855105 -0.008997321 -0.01010656 -0.01651424 -0.008997321 -0.01317435 -0.01397562 -0.008997321 -0.0158419 0.01510876 -0.008527517 0.01712626 0.0159381 -0.00600928 0.01806765 -0.0158773 -0.005999982 -0.0179975 -0.02020096 -0.005999207 -0.01311284 -0.02331334 -0.006000518 -0.006115078 -0.02401119 -0.00600183 0.002260923 -0.02243113 -0.006009042 0.008799016 -0.02054297 -0.006006777 0.01254862 -0.01601946 -0.005997478 0.01797014 -0.01162582 -0.006007909 0.02109241 -0.007658481 -0.006003022 0.02278131 -0.001506388 -0.006002008 0.02406877 0.004758119 -0.006003022 0.02355843 0.008684754 -0.006007969 0.02246385 0.01252865 -0.006003022 0.02051031 -0.01485371 -0.008684575 -0.01683688 -0.01573187 -0.007234096 -0.01783382 -0.01807415 -0.008782863 -0.01308017 -0.01851946 -0.007259011 -0.01491898 -0.02062487 -0.008714377 -0.008917033 -0.02082872 -0.007259011 -0.01147645 -0.02237945 -0.00753355 -0.007523417 -0.02237439 -0.008719027 -0.001886129 -0.02350687 -0.007254421 -0.003547251 -0.02349501 -0.007742464 5.36246e-4 -0.0218994 -0.008728444 0.004565834 -0.02333265 -0.007258951 0.004596948 -0.02142715 -0.008341431 0.008357465 -0.01728105 -0.008782029 0.01412028 -0.01984393 -0.008058845 0.01212161 -0.01790815 -0.007259011 0.01564741 -0.01451522 -0.008190333 0.01811999 -0.008585631 -0.008771955 0.02061957 -0.009210765 -0.007765352 0.02167147 -0.00246185 -0.008772194 0.02221161 -0.003547251 -0.007254421 0.02350687 0.002589941 -0.008714377 0.02232021 4.75455e-4 -0.007259011 0.02377647 0.004674196 -0.00753355 0.02314287 0.008544743 -0.008284032 0.02142339 0.01161628 -0.008741617 0.01907366 0.01230764 -0.00753355 0.02014851 0.01397562 -0.008997321 0.0158419 0.01485371 -0.008684575 0.01683688 0.01575034 -0.007192075 0.01785385 0.0158773 -0.005999982 0.0179975 -0.01398515 -0.009093523 -0.01585155 -0.01101386 -0.00901848 -0.01803046 -0.007714509 -0.008997321 -0.01966649 -0.004184007 -0.009025633 -0.02071082 -5.23094e-4 -0.009031355 -0.02112352 0.003152191 -0.008997321 -0.02088892 0.006731629 -0.008997321 -0.02002424 0.01010656 -0.008997321 -0.01855105 0.01318264 -0.009091973 -0.01652461 0.0158441 -0.009025633 -0.01397883 0.01802808 -0.008997321 -0.01101237 0.01966649 -0.008997321 -0.007714569 0.02071082 -0.009025633 -0.004184007 0.02111899 -0.008997321 -5.22988e-4 0.02088892 -0.008997321 0.003152191 0.02002424 -0.008997321 0.006731629 0.01855105 -0.008997321 0.01010656 0.01651424 -0.008997321 0.01317435 -0.01551789 -0.007861316 -0.01759022 -0.01589155 -0.006001889 -0.0180127 0.02009093 -0.006002008 0.01333904 0.02278131 -0.006003022 0.007658481 0.02379661 -0.006007969 0.003710687 0.02388894 -0.006002485 -0.003385066 0.02239155 -0.006002485 -0.008715331 0.01994782 -0.006000995 -0.01355475 0.01511186 -0.006007969 -0.01875311 0.01155376 -0.0060153 -0.02120751 0.007786571 -0.006007969 -0.02279072 0.001255571 -0.005999207 -0.02405095 -0.004758119 -0.006003022 -0.02355843 -0.008684754 -0.006007909 -0.02246385 -0.01256048 -0.006009101 -0.02056241 0.01797091 -0.008784472 0.01320135 0.01854491 -0.007294297 0.01485311 0.02064859 -0.008632779 0.009319007 0.02092087 -0.007037103 0.01144784 0.0223791 -0.007508516 0.007560074 0.02228313 -0.00878787 3.56019e-4 0.02294939 -0.008115053 0.003415167 0.02375137 -0.007294237 -6.34111e-4 0.02219665 -0.008555948 -0.005331277 0.02176505 -0.007901906 -0.008650541 0.0177055 -0.008668482 -0.01400429 0.01997566 -0.007872521 -0.01213967 0.01789313 -0.007011413 -0.01578521 0.01441729 -0.00808078 -0.01821142 0.01022559 -0.008692562 -0.02012383 0.007348418 -0.008114993 -0.0220077 0.00337094 -0.008716344 -0.02214819 0.003611624 -0.007218956 -0.02351814 -0.00198692 -0.008638918 -0.02244687 -4.75448e-4 -0.007259011 -0.02377647 -0.004697263 -0.007742464 -0.02302694 -0.009663343 -0.008789718 -0.02004194 -0.01045101 -0.007964253 -0.02092039 -0.0158773 0.007999956 -0.0179975 -0.0158773 -0.005999982 -0.0179975 -0.01104885 0.007999956 -0.02139812 -0.003063917 0.007999956 -0.02388662 0.005290508 0.007999956 -0.023494 0.0133394 0.007999956 -0.02009159 0.02063429 0.007999956 -0.01260435 0.02388662 0.007999956 -0.003063917 0.02344226 0.007999956 0.005663216 0.02003896 0.007999956 0.01330447 0.0158773 0.007999956 0.0179975 0.0158773 -0.005999982 0.0179975 0.02009159 -0.005999982 0.0133394 0.02338087 -0.005999982 0.005648374 0.0239703 -0.005999982 -0.002319753 0.02173131 -0.005999982 -0.01037818 0.0179975 -0.005999982 -0.0158773 0.01330453 -0.005999982 -0.02003896 0.006018459 -0.005999982 -0.02331817 -0.002319753 -0.005999982 -0.0239703 -0.01037818 -0.005999982 -0.02173131 0.01594024 0.008012831 0.01806861 0.01522165 0.009091973 0.01725751 -0.01593172 0.008010745 -0.01805788 -0.01251709 0.008001089 -0.02049142 -0.008801639 0.008012354 -0.02243775 -0.004768908 0.008010327 -0.02361184 0.00150609 0.008001744 -0.02406334 0.00870645 0.007996261 -0.02243739 0.01498788 0.008003234 -0.0187875 0.01962256 0.008000552 -0.01399403 0.02235484 0.008002877 -0.00881356 0.02357679 0.008005499 -0.004761815 0.02402609 0.008003234 -5.94955e-4 0.02381896 0.008010327 0.003594338 0.02278065 0.008003234 0.007658243 0.02115482 0.008006215 0.01145797 0.01888191 0.008011341 0.01496905 -0.01522582 0.009105205 -0.01725649 0.01798331 0.00909537 0.0143572 0.02019816 0.009011983 0.01100391 0.02180331 0.009029626 0.007331311 0.0227549 0.009101986 0.003433763 0.02299624 0.009033381 -5.69476e-4 0.02254569 0.009009957 -0.004553258 0.02141463 0.009033381 -0.008400321 0.01962947 0.009029626 -0.01199239 0.01724946 0.009025394 -0.01521736 0.01434546 0.009033381 -0.01798218 0.01100456 0.009025394 -0.02019935 0.007329344 0.009011983 -0.02180206 -5.69098e-4 0.009009957 -0.02299386 -0.004555881 0.009101986 -0.02255702 -0.008402884 0.009088397 -0.02142125 -0.01199012 0.009011983 -0.0196287 0.02182066 0.008791506 0.009350121 0.02371054 0.008718013 -5.87156e-4 0.02270478 0.008803069 -0.006854951 0.02030014 0.008672297 -0.01238 0.0179156 0.008611023 -0.0157414 0.01479101 0.008718013 -0.01854074 0.01145124 0.008611023 -0.02091956 0.007539033 0.008785784 -0.02242577 0.003527283 0.008594691 -0.0235663 0.00343275 0.009052753 -0.02274805 -6.02439e-4 0.00874722 -0.02371704 -0.01237219 0.008734464 -0.02025419</float_array>
          <technique_common>
            <accessor source="#³µÖ48x3x18_006-mesh-positions-array" count="2610" stride="3">
              <param name="X" type="float"/>
              <param name="Y" type="float"/>
              <param name="Z" type="float"/>
            </accessor>
          </technique_common>
        </source>
        <source id="³µÖ48x3x18_006-mesh-normals">
          <float_array id="³µÖ48x3x18_006-mesh-normals-array" count="5835">0.2566699 0.9260467 -0.2766917 0.2185602 0.9309833 -0.2924067 -0.9799085 -0.05493485 -0.1917328 -0.9838848 0.003303706 -0.1787734 -0.5552121 -0.577273 0.5987449 -0.09946662 0.5744379 0.8124824 0.3105204 -0.1075361 0.9444644 0.4626199 0 -0.8865569 0.4626201 0 -0.8865566 0.4626205 0 -0.8865565 0.9299679 0.03615754 -0.3658586 0.8003906 -0.05120408 -0.5972881 0.6213874 0.00506848 -0.7834871 0.9985383 3.6414e-7 -0.05405092 0.9985383 1.03436e-6 -0.05404937 0.9985383 0 -0.05404978 -0.9621066 -0.01667028 0.2721638 -0.9380171 0.04035967 0.3442315 -0.6943522 -0.04036027 0.7185027 -0.6381947 0.01667016 0.7696945 0 -1 0 0 -1 -1.25839e-7 0 -1 -2.89119e-7 0 -1 0 0 -1 -7.79475e-7 0 1 -5.87661e-6 0 1 0 0 1 7.20874e-6 0 1 -3.5993e-6 0 1 3.18907e-6 0 1 2.14605e-6 0 1 3.04865e-6 0 1 1.14276e-6 0 1 -8.72837e-7 0.3779815 0.9246667 -0.04606169 0.2441833 0.9543495 -0.172022 0.2560656 0.9528571 -0.1627693 0.2420594 0.9486665 -0.2035659 0.2563145 0.9478744 -0.189307 0.3716839 0.9080802 -0.1929808 0.2455345 0.9453829 -0.2143921 0.3471241 0.9088997 -0.231098 0.3677557 0.9114314 -0.1845223 0.3633324 0.8972263 -0.2509474 0.3476469 0.9016622 -0.2571909 -0.2519151 0.659492 -0.7082436 0.3787888 0.9183932 -0.1143373 0.2999552 0.9382132 -0.1725779 0.3240789 0.9315114 -0.1651042 0.3636472 0.9200981 -0.1455353 0.9108614 -0.1889136 0.3669376 0.9811121 0.1934397 5.36384e-4 0.7095775 -0.165205 -0.684987 0.0855633 0.2004187 -0.9759669 -0.227443 -0.1197777 -0.9663969 0 1 1.52541e-6 0 1 -5.42767e-7 0 1 1.43319e-6 0 1 4.54017e-6 0 1 -3.46802e-6 -0.7890313 -0.3057658 -0.5328574 -0.860175 0.4987855 -0.1063584 -0.9748021 -0.169402 0.1451342 -0.2070971 0.2229935 0.9525675 -0.07009452 -0.1320123 0.9887667 -0.4748727 -0.02103549 -0.8798031 -0.5368552 0.02103513 -0.8434122 0.986123 0 0.1660166 0.9861229 2.3747e-7 0.1660169 0.9861227 -3.02232e-7 0.1660183 0.6535605 0.03261572 0.7561712 0.8150607 -0.05015397 0.5772009 0.9426277 0.005484282 0.3338009 0.3599712 2.4276e-7 0.9329635 0.3599733 -8.43436e-7 0.9329626 0.3599705 0 0.9329637 -0.7554052 0.0125305 -0.6551383 -0.8619081 -0.08470088 -0.4999401 -0.9581289 0.0554521 -0.2809165 0 -1 0 0 -1 0 0 -1 -3.67152e-7 0 -1 7.84144e-7 0 1 -4.8974e-6 0 1 -1.50139e-6 0 1 -2.86774e-6 0 1 4.75744e-6 0 1 -1.5653e-6 0 1 -1.62576e-6 0 1 2.05926e-6 0.2240363 0.9531098 0.2034441 0.2263556 0.9557644 0.1878237 0.2554336 0.9512054 0.1730955 0.2845113 0.9482261 0.1411406 0.2678433 0.9141574 0.3042634 0.3033909 0.9169064 0.2593002 0.357986 0.9053869 0.2282993 0.3890029 0.8953338 0.21692 0.2953919 0.9018937 0.315169 0.2099668 0.9411846 0.264737 0.2483063 0.9256533 0.2854996 0.303135 0.8970572 0.3215553 0.1979302 0.9453222 0.2592098 0.3497509 0.9207024 0.1731513 0.3292015 0.9323776 0.1493265 0.3017215 0.9468821 0.1112593 0.3829599 0.9014416 0.2018533 0.9523735 0.1136325 0.2829709 0.8986978 -0.01192063 0.4384064 0.8115791 -0.2342683 -0.5352176 0.2391997 0.5204707 -0.8196913 -0.3022984 -0.564269 -0.7682553 0 1 -9.7737e-7 0 1 -5.37758e-7 0 1 -5.74595e-7 0 1 -5.21042e-6 -0.9595822 0.2494754 0.1302467 -0.9975719 -0.02333468 -0.06561893 -0.4895433 -0.2094118 0.8464597 0.2771498 0.09457623 0.9561608 0.2171517 0.008740007 0.9760988 0.1468368 0 0.9891608 0.1468371 -2.07787e-7 0.9891608 0.1468382 0 0.9891605 -0.517198 0.03261518 0.8552442 -0.2970824 -0.05015391 0.9535338 -0.02617412 0.00548458 0.9996424 -0.776064 -3.0345e-7 0.6306541 -0.7760637 -4.87976e-7 0.6306547 -0.7760636 0 0.6306548 0.5959634 -0.0187633 -0.8027923 0.6200827 0.005591392 -0.7845165 0.06184655 -0.005591154 -0.9980701 0.09200602 0.01876389 -0.9955817 0 -1 2.43419e-7 0 -1 -2.58071e-7 0 -1 2.63605e-7 0 -1 2.46538e-7 0 -1 -2.5982e-7 0 -1 -1.9275e-7 0 -1 2.57523e-7 0 -1 -1.49434e-7 0 1 -1.39653e-6 0 1 4.14229e-6 0 1 -3.02551e-6 0 1 -4.08752e-6 0 1 -1.10671e-5 0 1 1.66294e-5 0 1 7.86976e-6 0 1 -3.00908e-6 -0.1283986 0.9522733 0.2769287 -0.1157612 0.9543464 0.2753589 -0.09606915 0.9523123 0.2896066 -0.1330136 0.9519179 0.2759708 -0.1014571 0.9411345 0.3224475 -0.1612594 0.9131535 0.3743612 -0.2133281 0.9082334 0.3600046 -0.1203415 0.9091972 0.3985956 -0.1036856 0.9036118 0.4156141 -0.03268873 0.920977 0.3882433 -0.08661252 0.8954523 0.4366505 0.02109628 0.9265015 0.3756993 -0.1945251 0.9253399 0.3254323 -0.1928742 0.9284225 0.3175393 -0.2133202 0.9025229 0.3740951 -0.1883721 0.9442561 0.2699936 -0.01974076 0.9251041 0.3792003 -0.01772993 0.9248063 0.3800249 0.905436 0.1309579 0.4037767 0.9238817 -0.3779293 -0.06010222 0.6761361 0.3177661 -0.664729 0.5237861 -0.1905679 -0.8302603 -0.3176124 -0.1338515 -0.9387259 -0.2765321 0.003466248 -0.9609984 0 1 2.32473e-6 0 1 -1.44906e-6 0 1 -1.42253e-6 0 1 1.18271e-6 -0.9912225 -0.03149449 -0.1283979 -0.9875763 0.006910502 -0.1569885 -0.4183779 -0.1469428 0.8963079 -0.07850682 0.6409577 0.7635509 0.3060652 -0.2238093 0.9253289 -0.1579222 -0.04445004 -0.9864507 0.02428299 6.37696e-4 -0.999705 -0.4495379 0.03845614 -0.8924331 -0.7002085 0 -0.7139385 -0.7002083 0 -0.7139386 -0.7002084 0 -0.7139385 0.2571596 0 -0.966369 0.2571569 -1.28126e-6 -0.9663697 0.2571592 0 -0.9663691 -0.1229413 0.04177021 0.9915346 0.09352022 -0.0889309 0.9916378 0.4235811 0.0885666 0.9015183 0.6196554 -0.04182553 0.7837588 0 -1 -2.44693e-7 0 -1 0 0 -1 1.32461e-7 0 -1 -2.55956e-7 0 -1 -2.34608e-7 0 1 -2.79044e-6 0 1 4.13817e-6 0 1 7.87788e-6 0 1 7.8773e-6 0 1 6.05088e-6 0 1 -1.10461e-5 0 1 -1.35047e-6 -0.0490511 0.9479597 -0.3145892 -0.05929315 0.9512819 -0.3025676 -0.08015269 0.9522956 -0.2944637 -0.08961021 0.9536204 -0.2873643 -0.1069042 0.9515182 -0.2884175 -0.0993523 0.9131636 -0.3952991 -0.1162674 0.9132339 -0.3904942 -0.03972202 0.9059261 -0.4215689 -0.1292275 0.9111784 -0.3912217 -0.1908379 0.9033055 -0.3842135 -0.187163 0.8944765 -0.4060564 -0.02188956 0.9344959 -0.3553003 -0.03149461 0.9255409 -0.3773357 -0.05061542 0.8993251 -0.4343413 -0.01362347 0.9403975 -0.3398043 -0.1899707 0.9024721 -0.3865945 -0.1804177 0.9476777 -0.263356 -0.1791699 0.9286844 -0.3247205 -0.1784249 0.9325605 -0.3138401 0.9931057 -0.1051207 0.05187332 0.982606 0.155475 0.1015532 0.5095821 -0.2346964 -0.8277945 -0.05413568 0.1803938 -0.9821036 -0.320872 -0.007756114 -0.9470909 0 1 2.1244e-6 0 1 -8.44258e-7 0 1 -2.00634e-6 0 1 3.9937e-6 0.6732248 0.005051314 0.7394207 0.6695061 -0.005039989 0.7427895 -0.5802428 0 -0.8144437 -0.5324919 -0.3432011 -0.7737347 -0.2658025 -0.3939008 -0.8798815 -0.2916673 0.3938996 -0.8716499 0.002749323 0 -0.9999963 -0.01268643 0.3432024 -0.9391758 -0.9158055 0.02295792 -0.4009654 -0.9558244 -0.1206827 -0.2680214 -0.6943603 -0.002643108 0.7196228 -0.0963099 -0.5356743 0.8389145 0.3248396 0.3235937 0.8886881 0.2008053 -0.6512448 0.731818 0.1738559 -0.05267542 0.9833614 -0.3951585 0.7888932 0.4706352 -0.494118 -0.8420844 0.2161974 -0.642881 0.7383317 -0.2038881 -0.8062958 -0.2346215 -0.5429915 0.7306318 -0.5605075 0.3898827 -0.5411635 -0.3656014 -0.7572831 -0.3182933 -0.6962834 -0.6433342 0.7933602 -0.1537506 0.5890166 0.07053387 -0.9720882 0.2237621 -0.2945887 -0.1608381 -0.9419919 -0.03664755 -0.4926522 -0.8694543 -0.01549249 -0.9180891 -0.3960714 0.1948017 -0.2368308 -0.9518212 0.3908063 -0.552612 -0.7361321 -0.01139944 -0.9995027 0.02940088 0.1023463 -0.8882648 -0.4477847 0.1123573 -0.94197 -0.316336 0.8033385 -0.2872073 -0.5216889 0.7785499 -0.4392869 -0.4482045 0.3946834 -0.8470438 -0.3560081 0.2268707 -0.945879 -0.2320405 0.1553429 -0.9872242 -0.03545641 0.9384571 -0.3231475 0.1219596 0.9978128 -0.03110712 0.05832856 0.7808877 -0.6241968 0.02434551 -0.1833579 -0.9830442 -0.002008497 0.6459277 -0.7616461 0.05169928 0.1999895 -0.9787384 -0.04555642 0.3253198 -0.9410499 0.09269344 0.7556005 -0.1035082 0.646803 0.7461818 -0.42056 0.5160835 0.2681586 -0.9468036 0.1779155 0.6331643 -0.5909834 0.4998415 0.2375022 -0.9552364 0.1763976 0.2375025 -0.9502196 0.2016815 -0.8470787 0.002789735 -0.5314604 -0.9097401 -0.008049011 -0.4151002 -0.9231413 -0.01367539 0.3842178 -0.8632587 0.005044341 0.5047366 -0.3272399 0.0148921 0.944824 0.1707368 -0.01716393 0.9851673 0.4592481 0.003693342 0.8883005 -0.8540368 -0.003441751 -0.5202012 -0.8871911 0.007295608 -0.4613447 -0.9946436 -0.005920052 0.1031946 -0.9755015 0.01283824 0.2196177 -0.6295745 -0.02265429 0.7766098 -0.4119221 0.02479135 0.9108818 0.269053 -0.01822042 0.962953 0.3817381 0.003418922 0.9242643 0.2812664 0.8679112 0.4094136 0.2200092 0.8858297 0.4085363 0.1649248 0.8998214 0.403883 0.2702497 0.9340669 0.2334185 -0.307871 0.9305639 0.1981573 -0.3847012 0.6524537 0.6529237 -0.5946417 0.3684147 0.7146132 0.08822053 0.973043 -0.2130836 0.05912578 0.9911843 -0.1185662 -0.1941027 0.8470632 0.4947808 -0.255407 0.7795623 0.5718829 -0.3570774 0.2773504 0.8919488 -0.2867614 0.4528241 0.8442265 -0.02322256 0.8664625 0.4987019 -0.07081317 0.8236899 0.5626014 0.1204066 -0.2142619 0.9693266 -0.02206784 0.9970938 -0.07291895 -0.06377738 0.9821252 -0.1770951 0.1340598 0.8677898 0.4785069 0.3429347 0.4720701 0.8121242 0.2396658 0.8942062 0.3780944 0.2199897 0.9349515 0.2783347 0.3793493 0.5492643 0.7445825 0.5868623 0.2133724 0.7810665 -0.06877464 0.9920899 -0.1050131 0.2113671 0.9223923 0.3232901 0.4391788 0.5015735 0.7453496 0.1851928 0.9556343 0.2290564 0.5489691 0.3256231 0.7698068 0.135053 0.9656258 0.2220981 0.2188618 0.8322924 0.5093025 0.5230688 0.1832681 0.8323533 0.2320492 0.930897 0.2821066 0.2143881 0.9361344 0.2787295 0.292064 0.7531384 0.5894753 0.501054 0.2441983 0.8302482 0.6412788 0.3814452 0.6657787 0.9445253 -0.02358168 0.3275911 0.9667546 0.02358138 0.2546166 0.1890997 0.9079521 0.3739844 0.1439772 0.8538335 0.500239 0.4048109 0.3669758 0.8375304 0.5180763 0.2783924 0.8087613 -0.4211605 0.7456279 -0.5163943 -0.4573789 0.7786499 -0.4295448 -0.4777846 0.7244091 -0.496944 -0.6121615 0.728531 -0.3074102 -0.4987893 0.7559591 -0.4239517 -0.512986 0.7926566 -0.3294559 -0.5777838 0.7479444 -0.3267189 0.4830631 0.7489395 0.4535853 0.4685289 0.7858792 0.4035772 0.4859597 0.7776759 0.3988274 0.4755365 0.7536704 0.4537027 0.5709087 0.7754001 0.2698481 0.6484906 0.759653 0.04886257 0.5671862 0.8235124 0.01127612 0.5050023 0.7840484 -0.3608887 0.6130405 0.7167105 -0.3324267 0.5419397 0.7503589 -0.378501 0.2555394 0.7565048 -0.6019968 -0.1875084 0.7931283 -0.5794724 -0.182455 0.7979611 -0.5744287 -0.2538033 0.7338716 -0.6300924 -0.3782834 0.7494727 -0.5433161 -0.3782007 0.7492602 -0.5436668 0.5473961 0.7378373 0.3949099 0.5067235 0.7525695 0.4205598 0.5895683 0.7177296 0.3705044 0.5711138 0.7729414 0.2763891 0.6795973 0.7215568 0.1323003 0.6801469 0.7076936 0.1912331 0.6414042 0.7647826 -0.06089472 0.6557427 0.7468163 -0.1107566 0.714493 0.69173 -0.1049252 0.5059756 0.8066937 -0.3053424 0.6278576 0.7662714 -0.1364666 0.6011242 0.7371374 -0.3086716 0.5325862 0.7519419 -0.388504 0.4461806 0.8019417 -0.3972563 0.4775146 0.7390254 -0.4752066 0.475005 0.7246159 -0.4993016 0.3104501 0.7831503 -0.5387916 0.3787689 0.7313843 -0.5671076 0.3773632 0.7207077 -0.5815303 0.1351286 0.8392648 -0.526664 0.1100635 0.7272826 -0.6774557 0.1356774 0.7280747 -0.6719367 0.1049801 0.73293 -0.6721554 -0.1125853 0.7439647 -0.6586662 -0.059403 0.7355286 -0.6748844 -0.1637112 0.7381263 -0.6544985 -0.08126837 0.7575702 -0.647675 -0.2376248 0.7075691 -0.6654926 -0.2657876 0.7440937 -0.6129288 0.7559237 0 0.6546599 0.7718289 0.008621037 0.6357719 0.9670055 0 0.2547558 0.9603852 -0.0086205 0.2785427 0.7509406 -0.03070461 0.6596558 0.9004147 0.05605357 0.4314062 0.9578489 -0.01669543 0.2867872 0.9760118 0.01075422 -0.2174519 0.9791855 0.002672374 -0.20295 0.7029567 0.007128119 -0.7111971 0.7237187 -0.01220297 -0.6899873 0.9446166 0.01904857 0.327623 0.9772335 -0.01491051 0.2116422 0.7291417 -0.1237 0.6730905 0.7953314 0.2050991 0.570423 0.9456197 0.1236639 0.30085 0.8929457 -0.2025175 0.4020382 -0.4934259 -0.01259845 -0.8696967 -0.6687355 -0.03767067 -0.7425454 -0.8140065 0.01158279 -0.5807404 -0.8240477 -0.00328046 -0.566511 -0.9708119 0.006415426 -0.2397568 0.08659052 0.008031606 -0.9962117 -0.9811194 -0.01780259 -0.1925824 -0.9966816 0.01156598 0.08057427 -0.9771764 -0.02360653 0.2111137 -0.9267835 0.03301715 0.3741422 -0.947974 0.003371119 0.3183303 -0.8688811 -0.01282888 0.4948547 -0.7802657 0.04027134 0.6241503 -0.73056 -0.002834737 0.6828427 -0.8718385 0.03033089 0.4888535 -0.4915165 -0.01866877 0.8706682 -0.4270537 0.01822519 0.9040426 -0.1069903 -0.0179947 0.9940973 -0.05772519 0.006702661 0.99831 0.9930349 0.005539417 0.1176903 0.204208 -0.00674808 0.9789043 0.2819434 0.02933269 0.9589826 0.5634626 0.009805202 0.8260834 0.4319439 -0.01215362 0.9018186 0.5630293 0 0.8264369 0.5694637 0.006699502 0.8219892 0.7343566 0 0.6787639 0.7492745 0.007257282 0.6622199 0.9199998 -0.001376926 0.3919166 0.9130952 -0.01057571 0.4076092 0.9555701 0.004303038 0.2947328 0.9977469 0.02567791 0.0619834 0.9995023 -0.02839511 -0.01375162 0.9797436 0.001813054 -0.2002483 0.9769147 0.004963755 -0.2135723 0.9676859 0.01568251 -0.2516707 0.9716614 0.02065527 -0.2354729 0.9781565 0.02778625 -0.2060045 0.8839272 -0.01806581 -0.4672757 0.8895244 -0.01187235 -0.4567334 0.7149266 0.007950186 -0.6991544 0.6505268 -0.01988875 -0.7592229 0.5223539 0.01335304 -0.8526243 0.4861103 0.026883 -0.8734839 0.5199968 0.01431161 -0.8540484 0.4645276 4.00008e-4 -0.8855586 0.4648863 4.69584e-4 -0.8853703 0.3055939 -0.02275663 -0.9518901 0.2348133 0.02351236 -0.9717561 -0.1029396 -0.001510083 -0.9946866 0.03107285 0.006144106 -0.9994983 -0.1211071 -0.01137703 -0.9925743 -0.4625936 0.01136529 -0.8864977 -0.4903638 -0.006497025 -0.8714936 -0.9459493 -0.1354098 -0.2946936 -0.9591608 0.2214027 -0.1760439 -0.9873723 -0.158348 -0.004677474 -0.9554407 0.2049678 0.212418 -0.9486329 -0.08473902 0.3048198 -0.5884039 0 0.8085672 -0.5740753 0.04764926 0.8174149 -0.2878888 0.05586051 0.9560334 -0.3169494 -0.05586117 0.946796 0.01355767 0 0.9999081 -0.003250598 -0.04764932 0.9988589 0.5659676 0.0456956 0.8231602 0.5971754 -0.04569512 0.800808 0.466318 6.53369e-4 0.884617 0.4542505 -0.001151204 0.8908733 0.8839877 0.05935257 -0.4637274 0.8950797 -0.04538452 -0.4435907 0.6519067 0.04538404 -0.75694 0.6686599 -0.05935275 -0.7411959 -0.509832 0.4488174 0.7339171 -0.4589943 0.1985332 0.8659728 -0.709973 0.2195072 -0.669145 -0.7091586 0.1952962 -0.6774612 0 -1 0 0 -1 0 0 -1 0 0 -1 2.65362e-7 0 -1 0 0 -1 3.63335e-7 0 -1 0 0 -1 0 0 -1 0 0 -1 0 0 -1 0 0 -1 0 -6.08022e-7 -1 -2.84809e-6 0 -1 -2.82547e-7 0 -1 5.63652e-7 0 -1 0 0 -1 0 0 -1 0 -6.81548e-7 -1 0 -6.7893e-7 -1 0 -6.71738e-7 -1 0 0 -1 0 0 -1 1.24429e-7 0 -1 1.93892e-7 -6.70802e-7 -1 -1.91605e-7 -6.82935e-7 -1 0 0 -1 -4.10759e-7 0 -1 1.57065e-7 0 -1 -8.9972e-7 -1.16964e-6 -1 2.59749e-6 0 -1 0 -2.50927e-6 -1 2.37892e-6 0 -1 0 0 -1 1.38569e-7 0 -1 0 -8.13658e-6 -1 1.36581e-5 0 -1 0 0 -1 0 0 -1 0 0 -1 -2.05906e-7 0 -1 0 0 -1 0 0 -1 0 0 -1 0 0 -1 0 -6.82209e-6 -1 6.66264e-6 0.9888294 -0.1461536 -0.0292496 0.6691654 -0.7101715 -0.2188016 0.60087 -0.7933103 -0.09805226 0.9939047 -0.09814614 -0.05020833 0.9980237 8.93403e-5 -0.06283879 -0.3768181 -0.9253597 0.04144489 0.5328054 -0.8454113 0.03739553 0.6729755 -0.7367092 -0.06605774 0.9340446 -0.3554441 0.03493267 0.1057989 -0.9942606 0.01588743 0.7912608 -0.5861298 0.1742362 0.9596847 -0.2614977 0.1030737 0 1 -5.77334e-7 0 1 2.77653e-7 0 1 6.00021e-7 0 1 5.81509e-7 0 1 -6.49462e-7 0 1 -7.13113e-7 0 1 4.7168e-7 0 1 3.36627e-7 0 1 -8.85221e-7 0 1 -8.28157e-7 0 1 5.72708e-7 0 1 0 0 1 5.57815e-7 0 1 -5.52269e-7 0 1 7.2404e-7 0 1 2.11035e-7 0 1 -8.86673e-7 0 1 3.13086e-7 0 1 -9.03179e-7 0 1 1.14524e-6 0 1 7.4306e-7 0 1 -1.18208e-6 0 1 -1.10662e-6 0 1 0 0 1 8.54011e-7 0 1 -6.30623e-7 0 1 2.69153e-7 0 1 -5.5685e-7 0 1 3.7866e-7 0 1 -7.4056e-7 0 1 1.15118e-6 0 1 1.54232e-6 0 1 -2.69503e-7 0 1 6.15576e-7 0 1 7.20778e-7 0 1 7.12264e-7 0 1 -7.22276e-7 0 1 -1.11911e-6 0 1 0 1.92876e-6 1 0 2.1316e-6 1 0 0 1 -5.5307e-7 2.05952e-6 1 -1.44786e-7 0 1 -9.63033e-7 0 1 7.12263e-7 1.64189e-6 1 -2.21486e-6 0 1 -2.75906e-7 0 1 1.44156e-6 0 1 7.71159e-7 0 1 8.42577e-7 0 1 -9.01531e-7 4.71381e-7 1 1.0263e-6 0 1 3.99364e-7 0 1 -1.33053e-7 1.47297e-7 1 -8.39703e-7 0 1 8.30284e-7 0 1 -8.54012e-7 0 1 3.1717e-7 0 1 -3.09656e-7 0 1 -1.11294e-6 0 1 -7.12263e-7 0 1 6.78936e-7 0 1 -1.63589e-6 0 1 -5.20644e-7 -1.65976e-7 1 -5.85278e-6 0 1 -5.62303e-7 -5.64732e-6 1 -7.53043e-6 -2.03504e-6 1 1.5152e-6 0 1 5.15967e-7 0 1 5.20788e-7 0 1 -1.07897e-6 0 1 -2.83601e-7 0 1 5.21287e-7 0 1 -1.0779e-6 -3.85901e-6 1 -5.11055e-6 -7.17155e-6 1 -5.38665e-6 -1.46373e-6 1 2.34243e-6 1.00104e-6 1 -7.46401e-7 -8.78107e-6 1 2.68278e-6 -6.92659e-6 1 -4.28891e-6 -6.33706e-6 1 -1.23242e-6 0 1 5.37882e-7 0 1 -5.22291e-7 0 1 -2.78722e-7 0 1 -1.39505e-6 0 1 1.72578e-6 0 1 9.96212e-7 0 1 7.43383e-7 0 1 1.33058e-6 0 1 -5.24427e-6 9.67705e-5 1 2.2064e-5 -4.30784e-5 1 -4.10393e-6 -5.99294e-6 1 -1.98253e-6 -9.29458e-6 1 -3.35881e-6 1.53731e-5 1 1.55917e-4 5.33753e-6 1 -1.54232e-5 -1.69554e-5 1 -7.4288e-5 0 1 -1.34708e-6 0 1 -6.60844e-6 -5.18267e-7 1 -2.68701e-6 -1.16744e-4 1 5.16208e-5 5.49897e-5 1 -3.13957e-5 0 1 -4.20964e-7 5.96046e-6 1 -1.65212e-6 8.97436e-6 1 -5.37419e-6 0 1 -2.10699e-6 0 1 -8.84378e-7 4.21677e-6 1 -3.63512e-6 -1.79507e-6 1 6.5925e-6 -0.9333617 -0.0139296 -0.3586673 -0.978941 0.05404829 -0.196859 -0.9916172 -0.05179578 0.118375 -0.8867449 0.05606794 0.4588464 -0.7815494 -0.04324156 0.622343 -0.4428462 0.03321993 0.895982 -0.2226566 -0.06538701 0.9727018 -0.02941423 0.02994042 0.9991189 -0.8740136 0 -0.4859015 -0.8740137 6.24124e-7 -0.4859015 -0.8740135 0 -0.4859017 -0.8740134 0 -0.4859018 -0.8740137 4.63941e-7 -0.4859014 -0.8740133 0 -0.485902 0.1895832 0 0.9818648 0.1895825 -5.5277e-7 0.9818648 0.1895837 0 0.9818646 0.1895803 0 0.9818652 0.1895801 0 0.9818652 0.1895824 1.22838e-6 0.9818649 0.2025974 4.48078e-5 -0.9792621 -0.00137639 0.01283079 -0.9999167 0.03066849 -5.69201e-4 -0.9995295 -0.5800273 0.01675516 -0.8144247 -0.537773 -0.01688414 -0.8429206 -0.9676334 0.01660066 -0.2518135 -0.9536944 -0.01673102 -0.3003118 -0.9417316 0 0.3363656 -0.9513081 -0.01258844 0.3079846 0.1920006 -5.59203e-6 -0.9813948 0.1919679 -7.22574e-6 -0.9814013 0.192035 1.44047e-7 -0.9813882 0.192035 0 -0.9813881 0.192035 0 -0.9813881 0.1920354 0 -0.981388 0.1920349 0 -0.9813881 0.192035 0 -0.9813882 -0.8752244 -1.11571e-4 0.4837171 -0.8752263 1.49525e-6 0.4837137 -0.8752255 3.1142e-6 0.4837153 -0.8752241 0 0.4837177 -0.8752244 0 0.4837173 -0.8752244 0 0.4837172 -0.8752247 -6.76282e-7 0.4837167 0.9940462 4.79231e-5 -0.1089597 0.9505518 0.01283079 -0.3103012 0.960086 -5.69346e-4 -0.2797049 0.5953243 0.01675468 -0.8033109 0.635483 -0.0168845 -0.7719303 -0.05952644 0.01660043 -0.9980887 -0.009094893 -0.0167309 -0.9998187 -0.6109125 0 -0.7916981 -0.5868812 -0.01258808 -0.8095753 0.9926977 0 -0.1206294 0.9926976 0 -0.1206293 0.9926977 0 -0.1206293 0.9926977 0 -0.1206297 0.9926976 0 -0.1206293 0.9926977 0 -0.1206293 -0.7305015 -9.35585e-5 -0.6829112 -0.7304998 7.47628e-7 -0.6829131 -0.7305009 2.49714e-6 -0.6829118 -0.7305015 0 -0.6829111 -0.7305006 0 -0.6829121 -0.7305011 0 -0.6829116 -0.7305015 6.76282e-7 -0.6829112 0.5258336 0.0066064 0.8505619 0.5669582 -0.007844865 0.8237092 0.5066542 0.006701052 0.8621234 0.421485 0 0.9068355 0.421486 4.993e-7 0.906835 0.4214852 0 0.9068353 0.4214861 0 0.9068349 0.4214866 0 0.9068347 0.421486 -1.56031e-6 0.906835 0.42375 -1.04871e-5 -0.9057792 0.4237501 0 -0.9057792 0.42375 2.41459e-7 -0.9057792 0.4237498 0 -0.9057794 0.4237502 0 -0.9057791 0.4237499 0 -0.9057793 0.42375 0 -0.9057793 -0.7402661 4.86495e-5 0.6723141 -0.5893411 0.01237118 0.8077898 -0.6145081 -5.59365e-4 0.7889104 -0.02342611 0.01608103 0.9995963 -0.07320868 -0.01626461 0.997184 0.5345114 0 0.8451614 0.5093106 -0.01218152 0.8604965 -0.7322042 0 0.6810852 -0.732205 -4.993e-7 0.6810844 -0.7322044 0 0.681085 -0.7322026 0 0.681087 -0.7322052 0 0.6810842 -0.7322049 1.38694e-6 0.6810845 0.9923931 -7.90296e-5 0.123109 0.9923929 1.12144e-6 0.1231118 0.992393 2.11483e-6 0.1231105 0.9923931 0 0.1231097 0.9923933 0 0.1231085 0.9923933 0 0.1231085 0.9923931 -5.07212e-7 0.1231092 -0.09490668 0 -0.9954861 -0.09490668 0 -0.9954862 -0.09490644 -4.33029e-6 -0.9954862 -0.09490674 -2.69505e-6 -0.9954863 0.09491306 0 0.9954856 0.09490638 0 0.9954863 0.09490644 0 0.9954863 0.0949065 5.20577e-6 0.9954862 0 1 1.82357e-7 -0.9760915 0 -0.2173607 -0.9760914 9.59012e-7 -0.2173606 -0.9760912 -1.21249e-5 -0.2173619 -0.9760916 -8.98351e-6 -0.2173595 0.9760915 0 0.2173601 0.9760915 0 0.2173605 0.9760914 0 0.2173605 0.9760915 -1.27037e-6 0.2173607 0 1 0 0.9174358 0 -0.397884 0.9174359 -9.59012e-7 -0.3978837 0.9174358 -4.33032e-6 -0.3978838 0.9174362 0 -0.3978831 -0.9174333 0 0.3978897 -0.9174358 0 0.3978838 -0.9174361 9.46014e-7 0.3978834 -0.9174362 5.64765e-6 0.3978831 0.661913 0 0.7495806 0.6619129 0 0.7495808 0.661913 3.46423e-6 0.7495807 0.6619117 3.59339e-6 0.7495819 -0.6619161 0 -0.749578 -0.6619129 0 -0.7495808 -0.6619134 5.13673e-6 -0.7495803 -0.6619132 1.08116e-6 -0.7495805 0 1 -2.40084e-7 -0.5083511 1.37002e-6 0.86115 -0.5083509 0 0.8611502 -0.5083509 5.19637e-6 0.86115 -0.5083503 3.5934e-6 0.8611505 0.5083568 0 -0.8611466 0.5083509 0 -0.86115 0.508351 0 -0.86115 0.5083508 -4.28061e-6 -0.8611501 0 1 0 7.59026e-4 -0.1354485 -0.9907841 -0.1247302 0.2241881 -0.966531 -0.4788751 0.2172682 -0.8505722 -0.296894 -0.1557875 -0.942117 -0.5797615 -0.1353922 -0.8034586 -0.531368 0.7928092 0.298499 -0.6811684 0.7042729 0.2000232 -0.1975591 0.7143936 0.6712767 -0.2122743 0.8138774 0.5408728 -0.1976648 0.784057 0.5883734 -0.2464057 0.7394772 0.6264645 0.1142658 0.7848807 0.6090203 0.3986239 0.7361361 0.5469943 0.4136491 0.7289724 0.5454299 0.1546345 0.7586224 0.6329142 -0.5412874 0.7749512 0.3262802 -0.4659119 0.7557218 0.460229 -0.4911819 0.7326972 0.4710575 -0.4032322 0.7092022 0.5783045 -0.4658904 0.7558056 0.4601134 -0.2744625 0.756174 0.5940297 -0.1689636 0.7089576 0.6847119 -0.1033696 0.7504184 0.6528301 -0.2002569 0.6794896 0.7058265 -0.08489084 0.7563182 0.6486727 0.03133004 0.7116678 0.7018173 0.02192527 0.707659 0.706214 0.282079 0.7448858 0.6046294 0.2343799 0.7937094 0.56133 0.2967765 0.7354223 0.6091616 0.2978912 0.7242046 0.6219232 -0.9954861 0 0.09490746 -0.9954859 -8.74495e-6 0.0949096 0.9954861 0 -0.09490704 -0.2173609 0 0.9760913 -0.2173604 8.74493e-7 0.9760915 0.2173601 -1.99226e-7 -0.9760915 0.2173594 0 -0.9760917 -0.3978838 0 -0.9174359 -0.3978837 5.46559e-6 -0.917436 0.3978859 -3.9845e-7 0.9174349 0.3978831 -3.9845e-7 0.9174362 0.7495793 0 -0.6619147 0.7495795 3.49797e-6 -0.6619144 -0.7495793 0 0.6619147 -0.7495786 0 0.6619154 0.861151 0 0.5083493 0.8611508 5.24697e-6 0.5083495 -0.8611507 0 -0.5083498 -0.861151 0 -0.5083492 0.7799951 0.004893958 0.6257665 0.7600393 -0.004894196 0.6498588 0 1 1.39855e-6 0.8361725 0.004893958 -0.5484448 0.8529185 -0.004893779 -0.5220211 0 1 -1.39854e-6 -0.2632153 0.004894077 -0.9647247 -0.2329086 -0.004894316 -0.9724864 0 1 6.99267e-7 -0.3541087 0.004893839 0.9351915 -0.3831867 -0.004893779 0.9236581 0 1 -1.79849e-6 -0.9988456 0.004894614 -0.04778695 -0.9968619 -0.004894196 -0.07900947 0 1 -3.49636e-7 0 1 -4.07574e-7 0 1 0 0 1 0 0 1 -2.43713e-7 0 1 1.19648e-6 0 1 2.34108e-7 0 1 2.36998e-7 0 1 -1.51809e-6 0 1 3.53045e-7 0 1 1.75701e-7 0 1 0 0 1 -7.06612e-7 0 1 -2.36625e-7 0 1 1.88147e-7 0 1 -7.00047e-7 0 1 1.50808e-6 0 1 7.04185e-7 0 1 -7.06089e-7 0 1 -1.8815e-7 0 1 1.03485e-6 0 1 7.02804e-7 0 1 1.22297e-6 0 1 2.8224e-7 -0.8499206 -0.2455211 -0.4662128 -0.7823725 -0.4270433 -0.4533511 -0.2827004 -0.9459484 -0.1589408 -0.3764008 -0.9054625 -0.1961129 0.08283138 -0.3206564 0.9435669 0.01742005 -0.5843233 0.8113341 -0.05352693 -0.4774159 0.8770456 -0.2479422 -0.4308946 0.8676719 -0.3367565 -0.56426 0.7537943 -0.4842367 -0.4298576 0.7620613 -0.6110382 -0.57999 0.538743 -0.6110131 -0.5043751 0.6101385 -0.7270981 -0.4022769 0.5563287 -0.7339507 -0.6170603 0.2838186 -0.788303 -0.5168043 0.3339039 -0.8566637 -0.4548611 0.2433697 -0.8828994 -0.3723458 0.2860899 -0.8709983 -0.4877269 -0.05903005 -0.8714077 -0.4869518 -0.05938583 -0.8111128 -0.4772257 -0.3381596 -0.8458657 -0.4259778 -0.3210206 -0.3303222 0.927735 -0.1737678 -0.5762885 0.7324424 -0.3625187 -0.8540828 0.2852317 -0.4349547 -0.6940787 0.6974542 -0.1783606 -0.8469246 0.4170992 -0.3297683 0.1729816 0.9839704 0.04335743 0.2383107 0.9697245 0.0533145 -0.6931512 0.6982995 -0.1786592 -0.4526577 0.8912564 0.02762305 -0.992034 -0.01096045 -0.125493 -0.4594931 0.8873161 0.03919607 -0.8325209 0.5418145 0.1155253 -0.356418 0.930348 0.08613306 -0.3872434 0.9147604 0.1151341 -0.9524886 0.1134335 0.2826632 -0.3815314 0.9045428 0.1903581 -0.3056386 0.9240953 0.229419 -0.7976381 0.1934642 0.5712664 0.0848658 0.9933785 -0.07744163 -0.3347827 0.8975716 0.2868553 -0.6269704 0.5329057 0.5682603 -0.1937907 0.9342809 0.2992732 -0.2171682 0.9247407 0.3125582 -0.5550266 0.2105843 0.804736 0.02003967 0.9965978 -0.07994556 -0.3307054 0.5096282 0.7943003 0.03235936 0.9927825 -0.1154811 -0.120506 0.8607504 0.4945576 -0.1401419 0.834968 0.5321549 -0.234493 0.1707724 0.9570005 0.08989423 0.9192401 0.3832973 -0.06851875 0.6836433 0.7265928 0.06705933 0.4197961 0.9051377 0.1998377 -0.3861622 0.9005241 0.08346194 -0.7361696 0.6716312 -0.2695165 -0.8832906 -0.3836127 0.07071536 -0.9398748 0.334118 0.6576911 0.6930668 -0.2951283 0.501322 0.8497233 -0.1632383 0.8439261 0.4392942 -0.3079116 0.3532826 0.9172191 -0.1841209 0.4361085 0.8590422 -0.2680593 0.8848431 0.06330168 -0.461569 0.3121055 0.9148073 -0.2563548 0.2889689 0.9307394 -0.2241014 0.7568163 0.2946804 -0.5834318 0.7391903 0.4014512 -0.5407724 0.6298383 0.3173804 -0.7089242 0.2313462 0.9302684 -0.2847454 0.1855201 0.9600858 -0.2093271 0.5977129 0.5273133 -0.6038875 0.122146 0.972071 -0.2003954 0.1216057 0.9724 -0.1991243 0.4135614 0.6522654 -0.6352298 0.4433904 0.5278542 -0.7244136 0.5535586 0.2154925 -0.8044477 0.09200823 0.9130541 0.3973246 0.08607459 0.7011095 0.7078394 0.1936672 0.3335875 0.9226117 0.916538 -0.3703722 -0.1509391 0.2760987 -0.9276738 0.2513781 0.4075856 -0.9022895 0.1405264 0.3853168 -0.8793337 0.2798275 0.9994163 0.03381913 0.004845499 0.9855661 -0.1020503 0.135075 0.6303915 -0.3132326 0.7102759 0.9706473 -0.2404462 -0.005445778 0.9739052 -0.2217881 -0.04815477 0.9795919 -0.2009548 -0.004127442 0.1305034 -0.3116492 0.9411928 0.7459649 -0.4867816 0.4545109 -0.05251163 0.9981932 -0.02920705 0.3486195 0.9219478 0.1687501 0.3256357 0.9300469 0.1702183 0.3253286 0.9385398 -0.115345 0.9066953 0.3063842 0.2898832 0.6791504 0.5931322 0.4323761 0.7459087 0.5661131 0.3509076 0.4663179 0.001451909 0.884616 0.4542499 -0.002558231 0.8908708 0.0984078 0.8156344 -0.5701373 0.1774984 0.643566 -0.7445248 0.1776466 0.2937122 -0.9392416 0.02581566 0.839264 0.543111 0.05403757 0.9207924 -0.3862918 -0.09523433 0.5173473 -0.8504599 0.03473103 0.6639843 -0.7469395 -0.1014032 0.9081112 -0.4062655 -0.1741645 0.5799534 -0.7958146 -0.134468 0.9441956 -0.3006877 -0.3678472 0.2945131 -0.882015 0.06721603 0.9910715 0.1151502 -0.1940791 0.9137665 -0.3568813 -0.5156193 0.6330327 -0.5774135 -0.5581356 0.3312315 -0.7607696 -0.217462 0.9511048 -0.2193398 -0.2722221 0.8935046 -0.3571339 0.2997481 0.9320256 0.2036648 -0.4081107 0.8854343 -0.222378 -0.4324778 0.8653398 -0.2532787 -0.8402827 0.3047664 -0.4483776 -0.8735432 0.2084039 -0.4398754 0.3449903 0.9373686 0.04818558 -0.1769346 0.982554 -0.05728811 -0.6682279 0.7432445 -0.03254568 -0.9042345 0.4134112 -0.1070108 -0.956152 0.2798949 -0.08621168 -0.2950617 0.955446 0.007849633 -0.8453034 0.3672982 0.3880131 -0.04152733 0.993905 0.1021193 -0.2752243 0.958954 0.06825631 -0.7543923 0.6357297 0.1635239 -0.7038761 0.6868229 0.1811981 -0.8701092 0.3313458 0.3648562 0.1764 0.9627946 0.2047185 0.5664824 0.6933965 0.445308 0.6364467 0.4443805 0.6304455 0.2029824 0.9742761 0.09789919 0.7465969 0.4284651 0.5089311 0.5967921 0.6392356 0.4849917 0.6756466 0.6756011 0.2950677 0.6676505 0.6828264 0.2966326 0.5113788 0.8476812 0.1411688 0.6664553 0.7363836 0.1165181 0.9221854 0.2647829 0.281894 -0.5125871 0.8154396 0.2689102 -0.8394942 0.2937814 0.4571018 -0.6545673 0.6437245 0.3964347 0.5726407 0.8156356 -0.08259028 0.7629355 0.6435657 -0.06125986 0.9481673 0.2937134 -0.1212899 0.3933578 0.9191441 -0.02107131 0.6682399 0.6823684 -0.2963593 0.8725315 0.4261773 -0.2388763 0.1692024 0.9799254 -0.105436 0.101344 0.9944948 -0.02663743 0.4599277 0.8293648 -0.3172074 0.8778714 0.1952263 -0.4372971 0.1816682 0.9697289 -0.1631645 0.5949619 0.5895141 -0.5463455 0.09160518 0.9834692 -0.1561948 0.2482566 0.9328281 -0.2611523 0.5383979 0.3734601 -0.7554173 0.1982764 0.8973607 -0.3942465 0.4218484 0.4987769 -0.757143 0.1539513 0.909841 -0.3853421 0.2708315 0.2165681 -0.9379491 -0.06480908 0.9522799 0.2982662 0.1260331 0.847665 -0.5153445 0.1365792 0.4554265 -0.8797346 -0.03569084 0.9003896 -0.4336185 -0.001992106 0.9288582 -0.3704302 -0.006072938 0.1734724 -0.9848201 -0.1848586 0.4805806 -0.8572453 0.06100243 0.9716945 0.2282292 -0.1447414 0.8838821 -0.44475 -0.1480767 0.9021239 -0.4052724 -0.3704986 0.2244091 -0.9013164 0.1655502 0.963416 0.2107671 -0.2521713 0.9041575 -0.344832 -0.3715366 0.8283035 -0.4193732 -0.637492 0.2182008 -0.738913 -0.4713987 0.5137405 -0.7168362 -0.4291195 0.7865113 0.4441359 -0.181118 0.9274181 0.3272493 -0.6346312 0.2318403 0.7372201 -0.5564458 0.4096122 0.7229011 -0.1901702 0.9303421 0.3135263 -0.1658025 0.942514 0.290133 -0.4761981 0.2583138 0.8405411 -0.411469 0.4165028 0.8106904 -0.1440832 0.9243141 0.3533889 -0.07830917 0.9586533 0.2735903 -0.3506775 0.3278179 0.8772462 -0.0736742 0.926154 0.3698795 -0.2166162 0.6025062 0.7681561 -0.04053002 0.9165625 0.3978322 -0.05551534 0.9403911 0.3355335 -0.07792931 0.5254505 0.8472479 -0.1458876 0.2740618 0.9505825 0.03797912 0.3687399 0.9287565 0.04199093 0.9472119 0.3178468 0.005051553 0.8197273 0.5727319 0.05989944 0.2835475 0.9570857 -0.2668359 0.9277353 -0.2609709 -0.5210388 0.7325985 -0.4379705 -0.6768141 0.2820407 -0.6799822 0.2555041 0.8156354 0.519092 0.294022 0.6435647 0.7066651 0.4083514 0.2937184 0.8642792 0.6005417 0.6874111 0.4084306 0.4151849 0.8170561 0.4000511 0.6620765 0.5265024 0.5333385 0.1387635 0.9751416 0.172753 0.6491428 0.7152354 0.2589444 -0.3477664 0.9326251 -0.09627586 -0.1735194 0.982708 -0.06462365 0.894405 -0.1482597 0.4219703 0.619057 0.7686548 0.1610532 0.7878831 0.6119371 0.06909012 0.5933656 0.7948724 0.1268672 -0.3598294 0.9305879 0.06729924 0.1921192 0.9813593 -0.004910409 0.8391918 0.4526216 -0.3014811 0.8561983 0.4227199 -0.2970393 -0.1361216 0.9879282 0.07395088 0.4127445 0.8869437 -0.2072992 0.2510354 0.9321972 -0.2607487 0.6506963 0.5578449 -0.5151734 -0.192337 0.9378861 0.2887496 0.2866883 0.8691955 -0.4028761 0.2523721 0.9317086 -0.2612039 0.6138309 0.1493365 -0.775184 0.5536952 0.3136299 -0.7714 -0.3759998 0.9137028 -0.1541804 -0.3211356 0.9408855 -0.107734 -0.8821333 0.3281635 -0.3378603 -0.8620585 0.4020935 -0.3085059 -0.3573628 0.9305224 -0.08012449 -0.3486133 0.9342383 -0.07528287 -0.9233259 0.3518798 -0.1537853 -0.9450906 0.2775024 -0.1726161 -0.4542558 0.8902518 -0.03321611 -0.9297228 0.3682122 0.00594592 -0.4233047 0.9052675 0.03611248 -0.3698469 0.9290006 0.01309078 -0.9650472 0.2604692 0.02897655 -0.9089519 0.3835599 0.1633655 -0.415165 0.903704 0.1046763 -0.3703864 0.9256899 0.076891 -0.9392429 0.2819527 0.1957688 -0.8720907 0.3712415 0.3188067 -0.3364799 0.9292424 0.1526102 -0.53652 0.8234321 0.1846779 -0.8975071 0.2588356 0.3570505 0.2566242 0.8154512 -0.5188288 0.4104924 0.2937539 -0.8632525 0.2965354 0.6437257 -0.7054673 -0.3235124 0.8836669 0.3383379 -0.5833219 0.6428012 0.4965304 -0.6902216 0.3159694 0.6509666 0.3518726 0.9036173 0.2442569 0.7051344 0.4017251 0.5842967 0.3526179 0.9008465 0.2532517 0.7923799 0.1861813 0.5809221 0.1778961 0.9592555 0.2195036 -0.01256304 0.9999212 1.25346e-4 0.4698801 0.8660427 0.1708292 0.2542032 0.9671197 0.007772147 0.8686309 0.4262878 0.2525056 0.9064846 0.3526443 0.2322236 0.0304684 0.9135681 -0.4055429 -0.01510256 0.9560099 -0.2929456 0.08729571 0.3366111 -0.9375887 0.01519161 0.5336563 -0.8455651 -0.02940589 0.9513213 -0.306795 -0.03370392 0.9623703 -0.2696433 -0.1154446 0.4775588 -0.8709824 -0.120034 0.5021244 -0.8564245 -0.08239507 0.9326986 -0.3511186 -0.08894777 0.9690273 -0.2303786 -0.1155287 0.9548177 -0.2738184 -0.3153762 0.5179696 -0.7951387 -0.3155318 0.2275812 -0.9212202 -0.2062817 0.9208145 -0.3309813 -0.3845259 0.6041275 -0.6979756 -0.1405963 0.9788805 -0.1484113 -0.3050167 0.8589523 -0.4112978 -0.5733438 0.4190222 -0.7040577 -0.5848674 0.2842143 -0.7597056 0.5727502 0.8154417 0.08373868 0.9478454 0.2937725 0.12364 0.7625775 0.643721 0.06402212 0.4874459 0.8722098 -0.04058009 0.4573543 0.8878425 -0.05062448 0.9402016 0.3312003 -0.07954519 0.9434425 0.3203674 -0.08532917 -0.03277081 0.9316556 -0.361862 -0.05126923 0.8720206 -0.4867768 -0.07653701 0.5099931 -0.8567667 -0.09441703 0.3208152 -0.9424241 0.03053474 0.8881466 0.4585446 0.0631904 0.7706725 0.6340907 0.08734971 0.3171421 0.9443469 0.1003398 0.09440851 0.9904641 -0.1092151 0.9929991 0.04499709 0.3513969 0.9298666 -0.1089428 0.5326092 0.8387956 -0.1129139 0.2372226 0.9585484 -0.1578305 0.109728 0.9854075 -0.1301227 0.6834295 0.6413293 -0.348742 0.2615828 0.9230011 -0.2822116 0.2367375 0.9050935 -0.3532154 0.2563094 0.8988797 -0.3554165 0.244853 0.9493812 0.1967797 -0.06427788 0.9959645 -0.06263399 0.2858396 0.9194931 0.2698669 0.3096148 0.9363539 0.1654697 0.3126992 0.9442011 0.1034592 0.2068459 0.9709442 0.120342 0.5557328 0.8184927 0.1457085 0.471693 0.8758028 0.1023498 0.4939891 0.8625848 0.109189 0.9176958 0.3391559 0.2069004 0.9665877 0.1473788 0.2097328 0.4137535 0.8925297 -0.1794406 0.4185675 0.8899495 -0.1810837 0.8724836 0.314148 -0.3742772 0.8441134 0.3912462 -0.3666048 0.1131451 0.8698645 -0.4801396 0.1031587 0.8785115 -0.4664503 0.2114944 0.3263199 -0.9212955 0.2065165 0.3351414 -0.9192559 0.1814544 0.8899548 0.4183956 0.1994557 0.877994 0.4351367 0.3737862 0.3161417 0.8719739 0.3784699 0.330516 0.8645921 -0.3542718 0.9316579 -0.08065402 -0.4788179 0.8720077 -0.1016663 -0.8384805 0.5100008 -0.1919632 -0.9254695 0.3208319 -0.2014278 -0.4266722 0.8881431 0.1707416 -0.583524 0.7706772 0.2560402 -0.8711334 0.3171455 0.374894 -0.9109766 0.09445679 0.4014966 -0.005592405 0.932283 -0.3616866 0.06337076 0.8736647 -0.4823838 -0.03548312 0.8848193 -0.4645814 -0.04860353 0.8976369 -0.4380476 -0.1261069 0.882021 -0.4540224 -0.1500209 0.9011344 -0.4067563 -0.2041035 0.8797519 -0.4293929 -0.2441583 0.8932377 -0.3775093 -0.2379667 0.9148935 -0.326101 0.1136535 0.9783245 -0.1731017 -0.2350109 0.9199463 0.3137972 -0.4022914 0.8031454 0.4394534 -0.1795132 0.927145 0.3289034 -0.1366648 0.9081827 0.395635 -0.09947991 0.9194592 0.3803926 0.02895158 0.9641165 -0.2638961 -0.04805475 0.8684644 0.4934172 0.003740608 0.9112037 0.4119393 0.2431018 0.875801 -0.4169823 0.2564961 0.8625841 -0.4360714 0.4803602 0.3391348 -0.8088522 0.4981595 0.1474007 -0.8544649 0.2985197 0.8925266 0.3380568 0.3015673 0.8899486 0.3421241 0.6255719 0.3141397 0.7141262 0.6095062 0.391251 0.6895107 -0.423242 0.8681946 -0.2590451 -0.4106116 0.8792262 -0.2415773 -0.8082659 0.3395495 -0.4810537 -0.8187986 0.3206925 -0.4761567 -0.3632103 0.8789529 0.3090633 -0.3424257 0.8895576 0.3023773 -0.7123434 0.3218755 0.623669 -0.7099627 0.3259678 0.624258 -0.1248952 0.9615458 0.2446033 -0.2462165 0.8743945 0.4181048 -0.4199045 0.5799481 0.6980978 -0.473346 0.3290634 0.8171052 -0.3048001 0.8863661 -0.3484999 -0.1783734 0.9577845 -0.2254595 -0.4370789 0.7504967 -0.4956983 -0.6232833 0.3259933 -0.7108069 -0.6371436 0.2682077 -0.7225736 -0.2064959 0.9751506 -0.08025467 -0.1732584 0.9813423 -0.08336031 -0.2595886 0.9628655 -0.07418799 -0.1784534 0.9834777 -0.03043133 -0.2698655 0.9628387 0.01069277 -0.1426952 0.9896488 -0.01527774 -0.2276759 0.9733071 0.02892911 -0.2055789 0.9768672 0.05888891 -0.17487 0.982847 0.05858683 0 -1 -1.00544e-6 0 -1 1.00544e-6 0 -1 -1.61732e-6 0 -1 -6.23673e-7 0 -1 -9.42529e-7 0 -1 1.92357e-6 0 -1 -2.29458e-7 0 -1 2.65189e-6 0 -1 -1.83567e-6 0 -1 -3.92885e-7 0 -1 -2.46213e-6 0 -1 1.88506e-6 0 -1 3.01634e-6 0 -1 -4.64053e-7 0.828145 0 0.560514 0.8470665 -0.006125926 0.5314517 0.9232264 0.001610219 -0.3842533 0.9319022 0.007637619 -0.3626291 0.3846106 -0.005787611 -0.9230608 0.2890217 0.01112473 -0.9572579 -0.3022968 -0.01223647 -0.9531354 -0.4022163 0.005480885 -0.9155283 0.8886395 0.0129466 0.4584236 0.9974935 -0.02531331 0.06607645 0.8829748 0.01469564 -0.4691907 0.4787541 -0.01200944 -0.8778669 -0.04840856 0.01691621 -0.9986844 -0.2944563 -0.005905449 -0.9556467 0 -1 0 0 -1 0 0 -1 0 0 -1 -1.67425e-7 0 -1 4.49733e-7 0 -1 0 0 -1 6.07824e-7 0 -1 -2.11095e-7 0 -1 0 0 -1 1.56041e-7 0 -1 1.8328e-7 0 -1 -2.24642e-7 0.2361379 -0.6731888 0.7007537 0.5184044 -0.396534 0.7576395 0.2224574 -0.9275755 0.3001941 -0.2151955 -0.8614198 -0.460051 0.1460077 -0.2805842 0.9486593 0.04831004 -0.4848908 0.8732395 0.02347576 -0.8887386 0.4578129 -0.01221996 -0.9442849 0.3289026 -0.002955198 -0.9991012 -0.04228615 -0.3973273 -0.2830114 0.8729465 -0.4115495 -0.568295 0.7125082 -0.1434533 -0.9395765 0.3108331 -0.2767984 -0.7733231 0.5703981 -0.1503833 -0.9831378 0.104044 -0.8714835 -0.2179023 0.4393578 -0.8650718 -0.2798954 0.4163044 -0.470916 -0.8568699 0.2097903 -0.4301098 -0.8781917 0.2092486 0.1802759 -0.98149 -0.06463676 -0.9411119 -0.2998857 -0.1561319 -0.9519923 -0.2493686 -0.1775552 -0.4693359 -0.8747503 -0.1205652 -0.2858218 -0.9582352 -0.00955367 -0.6933344 -0.4070706 -0.5946268 -0.6670325 -0.6856364 -0.2914969 -0.2172637 -0.939092 -0.2662758 -0.3667454 -0.9160568 -0.1622897 -0.9287143 0 0.3707963 -0.9287143 0 0.3707964 -0.370797 0 -0.9287139 -0.3707986 0 -0.9287133 0.9287142 0 -0.3707965 0.9287142 0 -0.3707965 0.3707969 0 0.928714 0.3707965 0 0.9287142 0 -1 0 0.06566095 0 0.997842 0.06565999 -1.90362e-6 0.9978421 0.06566113 -2.00393e-6 0.9978421 0.06536638 3.37062e-4 0.9978613 -0.9978424 0 0.06565427 -0.9978423 4.74976e-7 0.06565713 -0.997842 0 0.06566154 -0.0655446 -5.3461e-6 -0.9978497 -0.06565999 3.58728e-6 -0.9978421 -0.06566178 0 -0.997842 0.997842 0 -0.06566071 0.997842 0 -0.06566071 0 -1 -3.15341e-7 0 -1 4.20454e-7 0.9692943 -4.91564e-7 0.2459039 0.9692943 0 0.2459036 -0.245905 0 0.969294 -0.2459046 0 0.969294 -0.9692943 4.36946e-7 -0.2459037 -0.9692943 0 -0.2459039 0.2459033 0 -0.9692944 0.2459038 0 -0.9692943 0 -1 0 0 -1 0 0.5333968 0 -0.8458651 0.5333968 0 -0.8458653 0.845865 0 0.533397 0.8458642 0 0.5333983 -0.5333967 3.27709e-7 0.8458653 -0.5333968 0 0.8458651 -0.8458654 0 -0.5333967 -0.8458652 0 -0.5333967 0 -1 3.67898e-7 0 -1 -4.20454e-7 -0.6396369 0 -0.7686772 -0.6396369 0 -0.7686773 0.7686779 0 -0.639636 0.7686779 0 -0.639636 0.639637 0 0.7686772 0.6396369 -3.27709e-7 0.7686772 -0.7686771 3.28188e-7 0.6396372 -0.768678 0 0.6396362 0 -1 2.10227e-7 -0.2090124 0.4408306 -0.8729161 -0.3439789 0.4408828 0.8290362 0.765584 0.4408577 -0.4685359 -0.4788208 -0.08667707 -0.8736234 -0.1787717 0.6979205 -0.693504 0.2304386 -0.867452 -0.4409369 0.402698 0.8886252 -0.2194992 0.5625758 -0.8127682 0.1513817 0.8050132 0.2346959 0.5448593 0 1 -8.31598e-7 0 1 3.26621e-7 0 1 3.82784e-6 0 1 5.30471e-7 0 1 -2.01808e-6 0 1 9.75068e-7 0 1 -2.68548e-7 0 1 7.52808e-7 0 1 -2.71754e-6 -0.8953722 0 0.4453188 -0.8953723 -1.42028e-6 0.4453184 -0.8953761 -2.40033e-6 0.4453108 -0.8953882 1.55102e-4 0.4452865 -0.8953018 -1.51766e-5 0.4454602 -0.8949422 0.414102 -0.166127 -0.6061484 -0.7953234 0.006699919 -0.9606337 0.08587682 0.2642121 -0.8395819 -1.60931e-5 -0.5432333 -0.839605 -1.0053e-6 -0.5431975 -0.839606 2.77633e-5 -0.543196 -0.8396049 0 -0.5431977 -0.8396044 5.65202e-7 -0.5431985 0.6928194 -0.004524648 0.7210971 0.6764008 0.6383311 0.3674446 0.5963369 0.7927016 0.1265179 0.3717842 -0.9274839 -0.03937333 0.8167086 -0.007802128 -0.5769976 0.6067823 0.7777512 -0.1640683 0.8645799 -0.3863664 0.3212831 0 1 5.10946e-7 0 1 -1.89095e-7 0 1 -1.35049e-6 0 1 -1.88077e-6 -0.3300946 0.9280824 -0.1723389 -0.2982309 0.9541938 0.0239312 -0.3376616 0.9410184 -0.02166152 -0.300727 0.9536958 -0.005249023 -0.3039399 0.9526081 -0.01258331 -0.3110263 0.9500575 0.02556675 -0.3127163 0.9459154 0.08632868 -0.4150244 0.9052921 -0.09056019 -0.4082808 0.9125543 -0.02348476 -0.4121018 0.9109705 0.01746594 -0.4628205 0.8856937 0.03665983 -0.4291239 0.9018379 0.05041068 -0.3693448 0.9229346 -0.1085176 -0.35374 0.9337621 -0.05437248 -0.3647171 0.9267011 -0.09059 -0.3128703 0.9459728 0.08513385 -0.3361747 0.9385665 0.07797276 -0.429512 0.9007818 0.0641213 0 1 6.56041e-7 0 1 6.513e-7 0 1 -1.12569e-6 0 1 1.24081e-6 0 1 -2.19349e-6 0.915542 -0.1372538 0.3780797 0.8260964 0.5541968 0.1021309 0.7974483 -0.5240936 -0.2990024 0.08435648 0.4046609 -0.9105678 -0.1291572 -0.06171679 -0.9897018 -0.6732215 -0.006357431 -0.7394136 -0.6695042 0.006357431 -0.7427811 0 1 -2.54862e-7 0 1 -2.67652e-7 0 1 5.95769e-7 0 1 1.33269e-7 0 1 0 0 -1 2.59762e-7 0 -1 1.50144e-7 0 -1 -1.50103e-7 0 -1 -2.25029e-7 0 1 -1.42413e-7 0 1 2.83082e-7 0 1 -2.8644e-7 0 1 -1.42476e-7 0 1 -1.04078e-6 0 1 2.70316e-7 0 -1 -2.80832e-7 0 -1 2.86488e-7 0 -1 -4.24429e-7 0 -1 2.84627e-7 0 -1 -1.42413e-7 0 -1 2.83082e-7 0 -1 -2.8644e-7 0 -1 1.04078e-6 0 -1 -2.34305e-6 0.5766058 0 -0.8170226 0.5500494 -0.3626776 -0.7522703 0.7402867 -0.4152063 -0.5287526 0.7238243 0.4152082 -0.5510724 0.9508836 0 -0.3095487 0.8811731 0.3626862 -0.303303 0.9542835 0 0.2989034 0.9248655 -0.2341817 0.2996379 0.7969771 -0.2334246 0.5570823 0.7305942 0.4235499 0.5355723 0.5607605 -0.362667 0.7443255 0.5882395 0 0.8086868 0 1 -2.23013e-7 0 1 3.16272e-7 0 1 1.40724e-7 0 1 -2.45078e-7 0 -1 4.46026e-7 0 -1 -5.56875e-7 0 -1 2.81131e-7 0 -1 -2.84518e-7 0 -1 -2.8747e-7 0 -1 1.40044e-7 0 -1 0 0 -1 1.38467e-7 0.01061683 0 0.9999437 8.26566e-4 -0.2341678 0.9721959 -0.28354 -0.2333977 0.930124 -0.2835975 0.4235274 0.8603472 -0.5346146 -0.3626563 0.7633268 -0.5873315 0 0.8093466 0 1 2.6458e-7 0 1 0 0 -1 2.90877e-7 0 -1 1.32359e-7 0 -1 -2.90959e-7 0 -1 -2.64649e-7 0 -1 -1.3229e-7 0 -1 -2.14915e-7 -0.9467182 0 0.3220635 -0.8871812 -0.3626543 0.285292 -0.9723741 -0.2333964 -0.00384891 -0.9057275 0.4235268 0.01681762 -0.9285725 -0.2341727 -0.2879521 -0.9521923 0 -0.3054995 0 1 -1.98538e-7 0 1 -2.91126e-7 0 1 -1.32393e-7 0 1 5.81752e-7 0 1 0 0 -1 0 0 -1 1.3229e-7 0 -1 -2.91042e-7 0 -1 -1.32359e-7 0 -1 2.90959e-7 0 -1 1.32393e-7 0 -1 1.45605e-7 0 1 0 0 1 0 0 1 0 0 1 0 0 1 0 0 1 0 0 1 0 0 1 0 0 1 0 0 1 0 0 1 0 0 1 0 0 1 0 0 1 -1.56516e-7 -0.4172942 0.5425248 0.7290628 -0.564147 -0.6696916 0.4829609 -0.6420584 -0.5437622 0.5404477 -0.4059467 0.8992257 0.1630968 -0.5724068 -0.8116713 0.1163621 0 1 0 0 1 0 0 1 0 0 1 0 0 1 0 0 1 0 0 1 0 0 1 0 0.5806863 0 0.8141274 0.5453771 0.2761732 0.7913863 0.2760789 0.3193567 0.9065273 0.3025855 -0.3193611 0.8980259 0.001047253 0 0.9999995 0.01654732 -0.2761697 0.9609665 0 1 0 0 1 0 0 1 -2.49815e-7 0 1 2.77645e-7 0.7114624 -0.6595693 -0.2424658 0.530663 0.8410118 -0.1053373 0.6815633 -0.7315687 -0.0166949 0.5848623 0.8022777 0.1195266 0.840296 -0.4791548 0.2536008 0 1 -1.42171e-7 0 1 1.31231e-7 0 1 0 0 1 0 0 1 0 0 1 0 0.1082938 0.3959073 -0.9118826 0.08908593 -0.3123917 -0.9457671 0.4685067 0.3123853 -0.826388 0.4333556 -0.3959097 -0.8096038 -0.9553764 0 -0.2953915 -0.9086835 0.2927288 -0.2976648 -0.7581853 0.337913 -0.5576468 -0.7747489 -0.3379071 -0.5343996 -0.5913048 0 -0.8064482 -0.5781988 -0.2927241 -0.7615766 0 1 0 0 1 0 0 1 1.53865e-7 0 1 0 2.7084e-6 1 -1.83931e-6 0 1 -1.51376e-7 9.45735e-7 1 2.10988e-6 5.45049e-6 1 -3.67448e-6 -0.5794616 0.6109032 -0.5394642 -0.5020595 0.7078158 -0.4969237 -0.1830812 0.9727075 -0.1425531 -0.7937249 0.3181523 -0.51844 -0.1655062 0.9790306 -0.1187725 -0.9367161 -0.02492594 -0.3492015 -0.7679956 0.5163861 -0.3788515 -0.3579068 0.9213081 -0.1519678 -0.3568325 0.9218587 -0.1511528 -0.870617 0.447701 -0.2039356 -0.4270526 0.8989992 -0.0970897 -0.3788712 0.9203726 -0.09680432 -0.9928619 0.1048671 -0.05681788 -0.9815348 0.1852519 -0.04765862 -0.4334611 0.9002625 -0.04048436 -0.3421012 0.9395319 -0.01570773 -0.8415263 0.5322942 0.09217649 -0.4308625 0.9002671 0.06226241 -0.3399958 0.9398648 0.03251367 -0.9533157 0.1789261 0.2432585 -0.6880583 0.6765609 0.262376 -0.4249745 0.8997527 0.09920567 -0.8408423 0.3308717 0.4283787 -0.6837152 0.676105 0.2746192 -0.3629802 0.9078543 0.2098715 -0.7707158 0.3279057 0.5463288 -0.53599 0.7020163 0.468922 -0.347168 0.9080045 0.2345257 -0.619988 0.4085886 0.6698286 -0.5301539 0.7020066 0.4755246 -0.2573896 0.919896 0.2958751 -0.5159062 0.4062117 0.7542101 -0.342337 0.7069221 0.6189237 -0.2297202 0.9201745 0.3170292 -0.3473989 0.4181181 0.8393399 -0.3368532 0.7071605 0.6216542 -0.1071 0.9486414 0.2976732 -0.1987876 0.2229622 0.9543435 -0.2221406 0.428555 0.875782 -0.07676988 0.937097 0.3405229 -0.07493656 0.9477226 0.3101719 -0.05075508 0.5317228 0.8453963 -0.009960651 0.8697433 0.493404 -0.03337341 0.938624 0.3433239 0.1184937 -0.148498 0.981788 0.1012808 0.05219501 0.9934878 0.05412244 0.869861 0.490319 0.05815333 0.8835048 0.4647985 0.2511985 0.4725611 0.8447398 0.1163136 0.8837856 0.4532042 0.1105636 0.9282132 0.3552407 0.4172698 0.1410229 0.8977742 0.5466421 0.4280654 0.7196822 0.4270187 0.3402631 0.8377805 0.5533562 0.3515942 0.7551017 0.1486419 0.9383062 0.3122293 0.1563079 0.9656194 0.207719 0.1652409 0.9284728 0.3326166 0.1961923 0.9377731 0.2865139 0.5758159 0 0.8175794 0.5617228 -0.007220268 0.827294 0.3199607 0.007220149 0.9474033 0.08988177 0 0.9959524 0.3037051 0 0.9527661 0.07282006 -0.007220149 0.9973191 -0.2196761 0.00846821 0.9755361 -0.2499032 -0.00846827 0.9682339 -0.5200858 0.007220268 0.8540835 -0.705078 0.01607084 0.7089477 -0.5659359 -0.01584291 0.8242971 -0.8900333 0.02580231 0.4551649 -0.8284931 -0.03175854 0.5590981 -0.9944286 0.01464694 0.1043893 -0.9840037 -0.01835435 0.1771999 -0.9795756 0.0155915 -0.2004709 -0.9951118 -0.01559138 -0.09751647 -0.9208761 -0.01406645 -0.3896014 -0.9001136 0.00721997 -0.4355955 -0.7507957 -0.007220268 -0.6604951 -0.739399 3.52003e-7 -0.6732677 0.1576014 -0.9641202 0.2136214 -0.1430016 -0.9803213 -0.1360912 -0.1612077 -0.9732566 -0.1636576 -0.5308351 -0.6742559 -0.5134132 -0.521704 -0.7146576 -0.4659286 -0.7478953 -0.04917258 -0.661993 -0.7109269 -0.174129 -0.6813678 -0.141161 -0.9855405 -0.09372103 -0.6027885 -0.7132858 -0.3575884 -0.6127222 -0.6750041 -0.4110245 -0.7932659 -0.2959054 -0.5321365 -0.1785371 -0.9808421 -0.07793194 -0.1912011 -0.9763321 -0.101083 -0.6894926 -0.6518471 -0.3157458 -0.9112994 -0.07237863 -0.4053331 -0.9047639 -0.2116204 -0.3696202 -0.2253012 -0.9721877 -0.06395757 -0.2588816 -0.9637158 -0.06505602 -0.6348214 -0.7562346 -0.1584646 -0.6944741 -0.7042415 -0.1474778 -0.9109036 -0.3395437 -0.2344461 -0.2094662 -0.9778085 -0.0038082 -0.7445307 -0.6631219 -0.07709383 -0.9655955 -0.2585265 -0.02809649 -0.9964154 -0.01624161 -0.08302128 -0.21265 -0.9768356 0.02392238 -0.2469714 -0.9688777 0.01676744 -0.6017511 -0.797518 0.04313701 -0.7102509 -0.6951172 0.1111568 -0.931469 -0.3550268 0.07950747 -0.2037928 -0.9776317 0.05200958 -0.3162472 -0.9389892 0.1352298 -0.7051528 -0.6911436 0.1583668 -0.8509597 -0.4247764 0.3089218 -0.9682701 -0.08797365 0.2339096 -0.2275191 -0.966149 0.1216194 -0.3101793 -0.9385445 0.1514034 -0.4380006 -0.8637787 0.2490823 -0.8223152 -0.425493 0.3778275 -0.8297874 -0.3696887 0.4180709 -0.1372374 -0.98535 0.1012493 -0.5553001 -0.6916716 0.4617707 -0.7761387 -0.37058 0.5101757 -0.7674577 -0.03006517 0.6403942 -0.1339627 -0.9824813 0.1295557 -0.2269572 -0.9283797 0.2942814 -0.5372682 -0.6971678 0.4746577 -0.6112378 -0.3715326 0.6988218 -0.1195156 -0.9737016 0.1939621 -0.2181503 -0.9281648 0.3015302 -0.3096467 -0.7721545 0.5548841 -0.5486003 -0.3236398 0.7709054 -0.4842431 -0.4109237 0.7724316 -0.06898516 -0.98502 0.1580402 -0.3810887 -0.2284976 0.8958573 -0.0461356 -0.9805104 0.1909734 -0.05317682 -0.9774418 0.2044014 -0.1636952 -0.7595278 0.6295407 -0.1604381 -0.7046041 0.6912256 -0.2624004 -0.338047 0.9038088 -0.2036951 -0.1048206 0.9734069 -0.01084583 -0.9848116 0.1732873 -0.006931722 -0.712315 0.7018257 -0.05046111 -0.6689454 0.7415968 -0.06370824 -0.3202756 0.9451798 0.02177691 -0.9808428 0.1935799 0.006469309 -0.9757653 0.2187245 0.07130032 -0.6518494 0.7549892 0.08074605 -0.1032566 0.9913719 0.1267587 -0.2663847 0.9554954 0.05725985 -0.9721885 0.2270922 0.1187964 -0.9323838 0.3413913 0.1528714 -0.7322174 0.6636927 0.3021609 -0.4116255 0.8598042 0.2585235 -0.2663009 0.9285739 0.1004292 -0.9782904 0.1812785 0.1461006 -0.9771132 0.1546109 0.1213579 -0.9324811 0.3402226 0.3460584 -0.7263787 0.5938161 0.3679907 -0.7267028 0.580074 0.5786284 -0.4458641 0.6829308 0.3648335 -0.40556 0.8381037 0.4369844 -0.2661987 0.8591758 0.561042 -0.2662911 0.7837863 0.7323008 -0.157799 0.6624464 0.1604562 -0.9732688 0.1643221 0.1408529 -0.980914 0.1340456 0.5308334 -0.6713416 0.5172199 0.51994 -0.7162245 0.4654943 0.7285555 -0.07371693 0.6810087 0.1422303 -0.985319 0.0944311 0.6163424 -0.6791702 0.3985599 0.6470668 -0.6474854 0.4025759 0.7864577 -0.3268984 0.5240439 0.2027156 -0.9752317 0.08848637 0.2087664 -0.9722039 0.1060014 0.7324886 -0.5863845 0.3458522 0.8925929 -0.2624266 0.3666202 0.9022724 -0.05734765 0.4273359 0.2791785 -0.9578678 0.06744432 0.2793989 -0.9577978 0.06752485 0.4496422 -0.8878867 0.0973615 0.6669866 -0.7185786 0.1969104 0.9033941 -0.3886639 0.1811618 0.9337328 -0.2651702 0.2404746 0.1693146 -0.9855051 0.0105971 0.7128131 -0.7013534 -9.80467e-4 0.9176378 -0.383569 0.1039994 0.9968175 -0.07866644 0.012905 0.1867343 -0.9823215 -0.01323086 0.2705446 -0.9617317 -0.04333436 0.699279 -0.7137436 -0.03973883 0.8759165 -0.4520876 -0.1684848 0.2438451 -0.9665197 -0.07987123 0.8799466 -0.4312088 -0.1993815 0.9151163 -0.3106059 -0.2570726 0.2988513 -0.9435982 -0.1425142 0.269496 -0.9536489 -0.1338872 0.4635534 -0.855982 -0.2289391 0.5065245 -0.8199477 -0.2666813 0.8430251 -0.3163477 -0.4350091 0.85263 -0.2959135 -0.4306478 0.1852363 -0.9744414 -0.1270882 0.6211025 -0.605334 -0.4977978 0.7590788 -0.3853892 -0.5246662 0.7320836 0.01472944 -0.6810556 0.1836057 -0.9687625 -0.1666979 0.2734158 -0.9000208 -0.3394209 0.5644804 -0.6331326 -0.5296273 0.6049703 -0.3848837 -0.6970478 0.09034729 -0.9789785 -0.1828617 0.2829307 -0.8997412 -0.3322889 0.4173934 -0.5111768 -0.7513196 0.5267315 -0.3757629 -0.7624673 0.08021396 -0.9796915 -0.1837671 0.3985805 -0.5070625 -0.7642128 0.3561636 -0.3896879 -0.8492885 0.05052089 -0.9765829 -0.2091256 0.07707738 -0.9652644 -0.2496476 0.1472826 -0.859984 -0.4886058 0.1283792 -0.6805665 -0.7213515 0.2654373 -0.3838752 -0.884411 0.1890078 -0.06299084 -0.9799532 0.02268898 -0.9765789 -0.2139602 0.002121806 -0.9580961 -0.2864391 0.05294829 -0.6786711 -0.7325313 0.02897566 -0.7098224 -0.7037845 0.06315124 -0.2945578 -0.9535448 -0.0300799 -0.9668869 -0.2534268 -0.05760741 -0.6592427 -0.7497203 -0.08111077 -0.1045337 -0.9912083 -0.1343576 -0.293887 -0.9463501 -0.06619995 -0.9781025 -0.1973146 -0.07870149 -0.9472795 -0.3105924 -0.1551368 -0.8227908 -0.5467613 -0.1823401 -0.792841 -0.5815113 -0.2997305 -0.4092904 -0.8617674 -0.2565987 -0.2906551 -0.9217792 -0.07374894 -0.98412 -0.1614594 -0.1118612 -0.9761347 -0.1861404 -0.2935924 -0.8827569 -0.3668022 -0.3280197 -0.8172505 -0.4738193 -0.420537 -0.2967502 -0.8573728 -0.5071673 -0.4082179 -0.7590385 -0.5821505 -0.2896304 -0.7597467 -0.5758172 2.64003e-7 -0.8175785 -0.5617234 -0.007220089 -0.8272936 -0.297522 0.008468389 -0.9546774 -0.2676947 -0.008468151 -0.9634667 0.04693961 0.008468151 -0.9988619 0.07797461 -0.008468329 -0.9969194 0.3893446 0.008674561 -0.9210514 0.4104086 -0.004451572 -0.9118909 0.715961 0.02823138 -0.6975692 0.6634763 -0.004467308 -0.748184 0.8270667 -0.02448821 -0.5615702 0.9462662 0.02285462 -0.3225802 0.9634667 -0.008468449 -0.2676943 0.9986688 0.00867474 0.05084699 0.9972652 -0.004451632 0.0737738 0.9194329 -0.00444895 0.393222 0.9134835 0.004448175 0.4068518 0.7481848 0.004467368 0.6634754 0.7415494 0 0.6708983 0.5115187 0.7073297 0.4878867 0.5156733 0.7034955 0.4890555 0.6737919 0.5970872 0.4353062 0.5805401 0.7081034 0.4019488 0.3148637 0.9309696 0.1848148 0.8863596 0.2658697 0.3790514 0.2445262 0.9632096 0.1115092 0.8135996 0.5426326 0.2088199 0.6974357 0.7014224 0.1469358 0.3639131 0.9253792 0.1060228 0.914094 0.4030523 0.04451 0.70504 0.7020062 0.1005281 0.4040859 0.9146798 0.008692562 0.9100287 0.4028176 -0.0979073 0.8141452 0.5674971 -0.1229424 0.402292 0.914025 -0.05215084 0.4181208 0.9068659 -0.05262255 0.9198402 0.2771927 -0.2775938 0.2549358 0.9644875 -0.06907773 0.8621685 0.2231739 -0.4548175 0.7790418 0.5192782 -0.3513463 0.3894426 0.9010673 -0.1908205 0.3753182 0.9077394 -0.1874715 0.698122 0.5080335 -0.5045076 0.3358885 0.9067801 -0.2548112 0.352991 0.8982875 -0.261681 0.718763 0.02064132 -0.6949488 0.6182707 0.4031689 -0.6746824 0.3065654 0.8966578 -0.3194096 0.2878661 0.9138497 -0.2863772 0.4995393 -0.1083203 -0.8594925 0.5222901 0.4032223 -0.7514154 0.2157093 0.9138745 -0.3439522 0.2414652 0.898298 -0.3670904 0.3304542 0.5003787 -0.8002633 0.1928433 0.8974404 -0.3967522 0.1273872 0.9453867 -0.3000277 0.2198331 0.06651836 -0.9732671 0.2383652 0.3656753 -0.899702 0.09428596 0.8732978 -0.4779762 0.08610934 0.9455248 -0.3139557 0.05053675 0.5347907 -0.843472 0.04992294 0.8739416 -0.4834602 0.01095956 0.9396625 -0.3419274 -0.06908625 0.2529131 -0.9650192 -0.1417753 0.7020187 -0.6979038 -0.01564806 0.9399985 -0.3408198 -0.1990963 0.7007727 -0.6850391 -0.2014072 0.7110198 -0.6737107 -0.5421999 0.3536481 -0.7622022 -0.4348663 0.3537567 -0.8280988 -0.4732719 0.6984007 -0.5368893 -0.2557203 0.7122405 -0.6536977 -0.1741266 0.935121 -0.3085914 -0.1915307 0.9351608 -0.2979772</float_array>
          <technique_common>
            <accessor source="#³µÖ48x3x18_006-mesh-normals-array" count="1945" stride="3">
              <param name="X" type="float"/>
              <param name="Y" type="float"/>
              <param name="Z" type="float"/>
            </accessor>
          </technique_common>
        </source>
        <vertices id="³µÖ48x3x18_006-mesh-vertices">
          <input semantic="POSITION" source="#³µÖ48x3x18_006-mesh-positions"/>
        </vertices>
        <lines count="9">
          <input semantic="VERTEX" source="#³µÖ48x3x18_006-mesh-vertices" offset="0"/>
          <p>1301 1300 694 693 659 658 670 669 1955 1954 705 704 1962 1961 284 283 1957 1956</p>
        </lines>
        <triangles material="mat_5-material" count="1948">
          <input semantic="VERTEX" source="#³µÖ48x3x18_006-mesh-vertices" offset="0"/>
          <input semantic="NORMAL" source="#³µÖ48x3x18_006-mesh-normals" offset="1"/>
          <p>0 0 1 0 2 0 0 1 2 1 3 1 7 2 10 2 9 2 7 3 9 3 6 3 8 4 10 4 7 4 8 5 4 5 10 5 5 6 4 6 8 6 12 7 13 7 14 7 12 8 14 8 15 8 11 9 12 9 15 9 18 10 19 10 20 10 18 11 20 11 16 11 17 12 18 12 16 12 23 13 25 13 21 13 23 14 24 14 25 14 22 15 23 15 21 15 26 16 29 16 30 16 27 17 26 17 30 17 27 18 30 18 31 18 28 19 27 19 31 19 42 20 33 20 32 20 41 21 33 21 42 21 40 22 34 22 33 22 40 23 33 23 41 23 39 24 35 24 34 24 39 23 34 23 40 23 38 23 35 23 39 23 37 23 35 23 38 23 36 23 35 23 37 23 46 25 43 25 44 25 57 26 43 26 46 26 56 27 57 27 46 27 45 28 56 28 46 28 55 29 56 29 45 29 50 26 55 26 45 26 54 26 55 26 50 26 49 30 54 30 50 30 53 31 54 31 49 31 48 26 53 26 49 26 52 26 53 26 48 26 47 32 52 32 48 32 51 33 52 33 47 33 65 34 61 34 64 34 73 35 62 35 61 35 73 36 63 36 62 36 72 37 63 37 73 37 72 38 58 38 63 38 66 39 69 39 68 39 59 40 58 40 72 40 67 41 70 41 69 41 67 42 69 42 66 42 60 43 71 43 70 43 60 44 70 44 67 44 60 45 59 45 71 45 61 46 65 46 66 46 61 47 74 47 73 47 61 48 68 48 74 48 61 49 66 49 68 49 76 50 79 50 75 50 76 51 80 51 79 51 77 52 80 52 76 52 77 53 81 53 80 53 78 54 81 54 77 54 84 26 85 26 86 26 84 55 86 55 87 55 84 56 87 56 88 56 83 26 88 26 89 26 83 57 89 57 90 57 83 58 90 58 82 58 83 59 84 59 88 59 93 60 96 60 92 60 93 61 97 61 96 61 94 62 97 62 93 62 94 63 91 63 97 63 95 64 91 64 94 64 101 65 98 65 99 65 100 66 101 66 99 66 103 67 104 67 105 67 103 68 105 68 106 68 102 69 103 69 106 69 109 70 110 70 111 70 109 71 111 71 107 71 108 72 109 72 107 72 114 73 116 73 112 73 114 74 115 74 116 74 113 75 114 75 112 75 121 76 118 76 117 76 121 77 117 77 119 77 120 78 121 78 119 78 130 79 129 79 128 79 122 80 130 80 128 80 122 81 127 81 126 81 122 82 128 82 127 82 123 23 122 23 126 23 124 23 123 23 126 23 125 23 124 23 126 23 139 83 137 83 138 83 136 26 137 26 139 26 135 84 136 84 139 84 140 26 135 26 139 26 134 85 135 85 140 85 141 86 134 86 140 86 133 87 134 87 141 87 142 26 133 26 141 26 132 88 133 88 142 88 131 89 132 89 142 89 155 90 148 90 156 90 155 91 149 91 148 91 154 92 149 92 155 92 153 93 149 93 154 93 145 94 159 94 146 94 145 95 150 95 159 95 145 96 151 96 150 96 144 97 151 97 145 97 147 98 146 98 159 98 147 99 157 99 156 99 147 100 158 100 157 100 147 101 159 101 158 101 147 102 156 102 148 102 143 103 152 103 151 103 143 104 153 104 152 104 143 105 149 105 153 105 143 106 151 106 144 106 161 107 165 107 164 107 161 108 164 108 160 108 162 109 165 109 161 109 162 110 166 110 165 110 163 111 166 111 162 111 170 112 172 112 173 112 170 26 171 26 172 26 170 113 173 113 174 113 168 26 176 26 167 26 169 114 174 114 175 114 169 26 175 26 176 26 169 26 170 26 174 26 169 115 176 115 168 115 180 116 183 116 182 116 180 117 182 117 179 117 181 118 183 118 180 118 178 119 183 119 181 119 178 120 177 120 183 120 185 121 186 121 187 121 185 122 187 122 188 122 184 123 185 123 188 123 191 124 192 124 193 124 191 125 193 125 189 125 190 126 191 126 189 126 196 127 198 127 194 127 196 128 197 128 198 128 195 129 196 129 194 129 200 130 202 130 203 130 200 131 199 131 202 131 201 132 203 132 204 132 201 133 200 133 203 133 208 134 210 134 209 134 208 135 211 135 210 135 208 136 212 136 211 136 207 137 213 137 212 137 207 138 212 138 208 138 206 139 213 139 207 139 206 140 214 140 213 140 215 141 214 141 206 141 205 23 215 23 206 23 224 142 218 142 223 142 219 26 218 26 224 26 225 143 219 143 224 143 220 144 219 144 225 144 226 26 220 26 225 26 227 145 220 145 226 145 221 26 220 26 227 26 222 146 221 146 227 146 228 147 222 147 227 147 229 148 222 148 228 148 217 149 222 149 229 149 216 26 217 26 229 26 241 150 236 150 242 150 241 151 237 151 236 151 240 152 237 152 241 152 240 153 235 153 237 153 239 154 235 154 240 154 232 155 245 155 244 155 232 156 244 156 231 156 232 157 246 157 245 157 232 158 247 158 246 158 233 159 238 159 247 159 233 160 247 160 232 160 234 161 235 161 233 161 230 162 243 162 242 162 230 163 244 163 243 163 230 164 231 164 244 164 230 165 242 165 236 165 235 166 239 166 238 166 235 167 238 167 233 167 248 168 253 168 252 168 249 169 253 169 248 169 249 170 254 170 253 170 250 171 254 171 249 171 250 172 255 172 254 172 251 173 255 173 250 173 258 174 260 174 261 174 258 175 261 175 262 175 258 176 262 176 263 176 258 26 263 26 264 26 258 177 264 177 265 177 258 26 265 26 256 26 258 26 256 26 257 26 258 26 259 26 260 26 268 178 272 178 271 178 269 179 272 179 268 179 270 180 272 180 269 180 266 181 272 181 270 181 267 182 266 182 270 182 276 183 273 183 274 183 276 184 277 184 273 184 275 185 276 185 274 185 279 186 280 186 281 186 279 187 281 187 282 187 278 188 279 188 282 188 287 189 289 189 285 189 287 190 288 190 289 190 286 191 287 191 285 191 291 192 290 192 293 192 291 193 293 193 294 193 292 194 291 194 294 194 292 195 294 195 295 195 297 23 304 23 303 23 297 196 305 196 304 196 297 197 296 197 305 197 298 23 303 23 302 23 298 198 297 198 303 198 298 199 302 199 301 199 300 23 298 23 301 23 299 200 298 200 300 200 319 201 306 201 307 201 312 26 319 26 307 26 318 202 319 202 312 202 311 26 318 26 312 26 317 203 318 203 311 203 310 26 316 26 317 26 310 26 317 26 311 26 315 204 316 204 310 204 309 205 315 205 310 205 314 206 315 206 309 206 308 207 314 207 309 207 313 26 314 26 308 26 329 208 328 208 325 208 328 209 326 209 325 209 338 210 326 210 328 210 338 211 327 211 326 211 337 212 327 212 338 212 322 213 332 213 331 213 322 214 333 214 332 214 322 215 331 215 321 215 322 216 334 216 333 216 323 217 335 217 334 217 323 218 334 218 322 218 320 219 330 219 329 219 320 220 331 220 330 220 320 221 321 221 331 221 320 222 329 222 325 222 324 223 335 223 323 223 324 224 327 224 337 224 324 225 336 225 335 225 324 226 337 226 336 226 339 227 344 227 343 227 340 228 344 228 339 228 341 229 344 229 340 229 341 230 345 230 344 230 342 231 345 231 341 231 348 232 350 232 351 232 348 26 351 26 352 26 348 233 352 233 353 233 348 26 349 26 350 26 347 234 354 234 355 234 347 26 348 26 353 26 347 26 353 26 354 26 347 235 355 235 346 235 359 236 356 236 357 236 358 237 359 237 357 237 363 238 365 238 362 238 363 239 366 239 365 239 364 240 367 240 366 240 364 241 366 241 363 241 361 242 360 242 367 242 361 243 367 243 364 243 369 244 373 244 372 244 370 245 373 245 369 245 370 246 374 246 373 246 371 247 374 247 370 247 371 248 368 248 374 248 381 249 378 249 377 249 381 250 382 250 378 250 381 251 377 251 376 251 380 252 381 252 376 252 380 253 376 253 375 253 379 254 380 254 375 254 383 255 385 255 384 255 405 256 400 256 399 256 396 257 399 257 398 257 396 258 405 258 399 258 397 259 396 259 398 259 406 260 400 260 405 260 406 261 401 261 400 261 396 262 406 262 405 262 407 263 401 263 406 263 402 264 401 264 407 264 394 265 396 265 395 265 394 266 406 266 396 266 394 267 407 267 406 267 408 268 402 268 407 268 408 269 403 269 402 269 409 270 408 270 407 270 393 271 407 271 394 271 393 272 409 272 407 272 410 273 404 273 403 273 410 274 403 274 408 274 411 275 410 275 408 275 391 276 409 276 392 276 411 277 408 277 409 277 391 278 411 278 409 278 390 279 411 279 391 279 410 280 386 280 404 280 410 281 387 281 386 281 390 282 389 282 411 282 411 283 387 283 410 283 389 284 387 284 411 284 389 285 388 285 387 285 414 286 420 286 417 286 415 287 420 287 414 287 416 288 419 288 420 288 416 289 420 289 415 289 416 290 418 290 419 290 413 291 418 291 416 291 413 292 412 292 418 292 430 293 425 293 424 293 429 294 430 294 424 294 429 295 424 295 423 295 428 296 429 296 423 296 428 297 423 297 422 297 427 298 428 298 422 298 427 299 422 299 421 299 426 300 427 300 421 300 434 301 436 301 431 301 436 302 435 302 433 302 436 303 433 303 432 303 436 304 432 304 431 304 451 305 450 305 444 305 451 306 447 306 450 306 451 307 448 307 447 307 452 308 443 308 442 308 452 309 444 309 443 309 452 310 451 310 444 310 453 311 451 311 452 311 453 312 448 312 451 312 453 313 449 313 448 313 441 314 453 314 452 314 454 315 453 315 441 315 449 316 453 316 454 316 438 317 440 317 439 317 438 318 441 318 440 318 455 319 441 319 438 319 455 320 454 320 441 320 455 321 437 321 445 321 455 322 438 322 437 322 446 323 454 323 455 323 446 324 455 324 445 324 456 325 458 325 457 325 456 326 462 326 458 326 460 327 461 327 462 327 462 328 456 328 459 328 460 329 462 329 459 329 469 330 465 330 464 330 470 331 469 331 464 331 468 332 467 332 470 332 471 333 464 333 463 333 471 334 470 334 464 334 471 335 463 335 466 335 471 336 468 336 470 336 471 337 466 337 468 337 474 338 475 338 473 338 474 339 472 339 475 339 481 340 476 340 477 340 481 341 477 341 478 341 479 342 480 342 481 342 479 343 481 343 478 343 486 344 489 344 488 344 486 345 490 345 489 345 487 346 486 346 488 346 482 347 483 347 485 347 484 348 490 348 486 348 484 349 483 349 490 349 485 350 483 350 484 350 525 351 510 351 507 351 525 352 521 352 510 352 526 353 521 353 525 353 508 354 525 354 507 354 509 355 521 355 526 355 503 356 520 356 505 356 503 357 519 357 520 357 528 358 517 358 530 358 501 359 530 359 500 359 501 360 528 360 529 360 495 361 515 361 497 361 512 362 513 362 524 362 522 363 512 363 524 363 493 364 522 364 523 364 494 365 511 365 512 365 494 366 512 366 493 366 508 367 526 367 527 367 508 368 527 368 525 368 508 369 509 369 526 369 520 370 521 370 509 370 520 371 506 371 505 371 520 372 509 372 506 372 504 373 519 373 503 373 504 374 500 374 519 374 504 375 499 375 500 375 518 376 530 376 517 376 518 377 519 377 500 377 518 378 500 378 530 378 501 379 529 379 530 379 516 380 517 380 528 380 516 381 528 381 501 381 516 382 501 382 502 382 497 383 515 383 516 383 497 384 516 384 502 384 498 385 497 385 502 385 495 386 514 386 515 386 495 387 492 387 514 387 491 388 495 388 496 388 491 389 492 389 495 389 531 390 524 390 513 390 531 391 513 391 514 391 531 392 523 392 524 392 531 393 514 393 492 393 531 394 493 394 523 394 512 395 522 395 493 395 535 396 536 396 534 396 535 397 537 397 536 397 533 398 532 398 537 398 533 399 537 399 535 399 541 400 544 400 540 400 541 401 545 401 544 401 542 402 545 402 541 402 543 403 546 403 545 403 543 404 545 404 542 404 539 405 538 405 546 405 539 406 546 406 543 406 549 407 547 407 550 407 548 408 547 408 549 408 554 409 555 409 553 409 554 410 556 410 555 410 552 411 551 411 556 411 552 412 556 412 554 412 575 413 573 413 576 413 574 414 573 414 575 414 573 415 584 415 576 415 572 416 584 416 573 416 570 417 583 417 584 417 570 418 584 418 572 418 571 419 583 419 570 419 571 420 582 420 583 420 569 421 582 421 571 421 568 422 582 422 569 422 568 423 581 423 582 423 567 424 581 424 568 424 567 425 580 425 581 425 566 426 580 426 567 426 564 427 580 427 566 427 565 428 580 428 564 428 565 429 579 429 580 429 563 430 579 430 565 430 563 431 578 431 579 431 562 432 578 432 563 432 561 433 578 433 562 433 561 434 577 434 578 434 560 435 557 435 577 435 560 436 577 436 561 436 558 437 560 437 559 437 558 438 557 438 560 438 603 439 604 439 602 439 603 440 614 440 604 440 601 441 613 441 614 441 601 442 614 442 603 442 600 443 613 443 601 443 600 444 612 444 613 444 599 445 612 445 600 445 598 446 612 446 599 446 597 447 612 447 598 447 597 448 611 448 612 448 596 449 611 449 597 449 594 450 611 450 596 450 594 451 610 451 611 451 595 452 610 452 594 452 595 453 609 453 610 453 593 454 609 454 595 454 590 455 608 455 609 455 589 456 609 456 593 456 589 457 590 457 609 457 591 458 608 458 590 458 592 459 608 459 591 459 588 460 608 460 592 460 588 461 607 461 608 461 585 462 606 462 607 462 585 463 607 463 588 463 586 464 606 464 585 464 586 465 605 465 606 465 587 466 605 466 586 466 616 467 619 467 615 467 616 468 620 468 619 468 617 469 620 469 616 469 617 470 621 470 620 470 618 471 621 471 617 471 623 472 626 472 622 472 623 473 627 473 626 473 624 474 628 474 627 474 624 475 627 475 623 475 625 476 629 476 628 476 625 477 628 477 624 477 630 478 633 478 632 478 631 479 633 479 630 479 634 480 637 480 636 480 634 481 636 481 635 481 639 482 642 482 641 482 639 483 641 483 638 483 640 484 643 484 642 484 640 485 642 485 639 485 645 486 644 486 647 486 646 487 645 487 647 487 651 488 650 488 649 488 651 489 649 489 648 489 697 490 694 490 695 490 697 491 695 491 696 491 691 23 692 23 693 23 702 23 703 23 704 23 708 23 705 23 706 23 708 492 706 492 707 492 712 23 697 23 698 23 712 23 698 23 699 23 724 23 725 23 712 23 726 493 712 493 725 493 724 23 699 23 700 23 724 23 712 23 699 23 723 23 724 23 700 23 723 494 700 494 701 494 711 495 712 495 726 495 711 23 690 23 691 23 713 496 723 496 701 496 713 23 701 23 702 23 727 23 711 23 726 23 722 23 723 23 713 23 728 497 690 497 711 497 728 498 711 498 727 498 728 499 689 499 690 499 728 500 688 500 689 500 714 501 708 501 652 501 714 502 652 502 653 502 714 503 721 503 722 503 714 504 722 504 713 504 729 505 688 505 728 505 684 23 685 23 686 23 720 23 721 23 714 23 682 506 686 506 687 506 682 507 687 507 688 507 682 23 688 23 729 23 730 23 682 23 729 23 720 508 714 508 653 508 654 509 720 509 653 509 719 510 720 510 654 510 683 23 684 23 686 23 681 511 730 511 731 511 681 23 682 23 730 23 732 512 681 512 731 512 718 513 719 513 715 513 655 514 719 514 654 514 655 515 715 515 719 515 716 516 718 516 715 516 716 23 717 23 718 23 737 23 717 23 716 23 710 23 733 23 734 23 735 517 710 517 734 517 679 23 680 23 678 23 709 518 735 518 736 518 709 23 736 23 737 23 709 23 710 23 735 23 656 519 715 519 655 519 677 23 678 23 681 23 676 23 677 23 681 23 676 520 681 520 732 520 658 521 656 521 657 521 675 522 732 522 733 522 675 523 733 523 710 523 675 23 676 23 732 23 674 524 675 524 710 524 663 23 716 23 662 23 673 23 674 23 710 23 660 525 662 525 659 525 664 526 737 526 716 526 664 23 716 23 663 23 672 23 673 23 710 23 661 23 662 23 660 23 665 527 737 527 664 527 666 23 709 23 737 23 666 23 737 23 665 23 667 23 709 23 666 23 670 23 671 23 672 23 668 528 669 528 667 528 680 529 681 529 678 529 682 530 683 530 686 530 669 531 709 531 667 531 710 532 670 532 672 532 693 23 711 23 691 23 712 533 694 533 697 533 704 23 713 23 702 23 714 534 705 534 708 534 658 23 715 23 656 23 716 535 659 535 662 535 740 536 739 536 746 536 738 537 748 537 747 537 738 538 749 538 748 538 738 539 747 539 746 539 739 540 738 540 746 540 744 541 742 541 741 541 750 542 744 542 741 542 750 543 741 543 740 543 750 544 740 544 746 544 744 545 743 545 742 545 750 546 745 546 744 546 750 547 746 547 745 547 847 26 773 26 774 26 848 26 773 26 847 26 846 548 847 548 774 548 846 549 774 549 775 549 849 550 773 550 848 550 849 26 772 26 773 26 845 26 846 26 775 26 845 26 775 26 776 26 850 551 772 551 849 551 850 26 771 26 772 26 794 552 771 552 850 552 844 26 845 26 776 26 777 26 844 26 776 26 795 26 770 26 771 26 795 26 771 26 794 26 787 553 844 553 777 553 826 554 770 554 795 554 778 26 787 26 777 26 769 26 770 26 826 26 825 555 787 555 778 555 870 556 825 556 778 556 827 557 769 557 826 557 779 558 870 558 778 558 768 26 769 26 827 26 863 26 844 26 787 26 843 559 826 559 795 559 869 560 870 560 779 560 828 561 768 561 827 561 780 26 869 26 779 26 767 26 768 26 828 26 868 26 869 26 780 26 829 26 767 26 828 26 791 562 855 562 856 562 790 563 856 563 857 563 790 26 857 26 858 26 790 26 791 26 856 26 792 564 855 564 791 564 792 26 854 26 855 26 789 26 790 26 858 26 789 565 858 565 859 565 793 566 853 566 854 566 793 567 854 567 792 567 788 568 789 568 859 568 788 569 859 569 860 569 781 570 868 570 780 570 766 26 767 26 829 26 839 26 840 26 796 26 867 26 868 26 781 26 824 26 873 26 874 26 830 26 766 26 829 26 797 571 839 571 796 571 823 26 824 26 874 26 838 26 839 26 797 26 875 572 823 572 874 572 798 26 838 26 797 26 822 573 823 573 875 573 837 26 838 26 798 26 876 26 822 26 875 26 782 574 867 574 781 574 765 575 766 575 830 575 799 576 837 576 798 576 866 26 867 26 782 26 836 26 837 26 799 26 821 577 822 577 876 577 831 578 765 578 830 578 877 579 821 579 876 579 800 580 836 580 799 580 800 581 835 581 836 581 820 582 821 582 877 582 878 26 820 26 877 26 801 26 835 26 800 26 819 583 878 583 879 583 819 584 820 584 878 584 865 585 866 585 782 585 880 586 819 586 879 586 783 26 865 26 782 26 764 587 765 587 831 587 832 588 764 588 831 588 802 589 764 589 832 589 864 590 865 590 783 590 912 26 913 26 804 26 911 591 804 591 805 591 911 592 912 592 804 592 784 593 864 593 783 593 763 594 764 594 802 594 803 26 763 26 802 26 910 595 805 595 806 595 910 26 911 26 805 26 893 26 816 26 892 26 893 26 815 26 816 26 894 26 815 26 893 26 909 596 910 596 806 596 909 26 806 26 807 26 895 597 814 597 815 597 895 598 815 598 894 598 818 26 864 26 784 26 818 599 882 599 864 599 896 26 813 26 814 26 896 600 814 600 895 600 908 26 807 26 808 26 908 26 909 26 807 26 916 601 763 601 803 601 916 602 803 602 915 602 897 603 812 603 813 603 897 26 813 26 896 26 907 604 908 604 808 604 907 605 808 605 809 605 785 606 818 606 784 606 762 607 763 607 916 607 898 608 812 608 897 608 817 609 818 609 785 609 906 26 907 26 809 26 899 610 812 610 898 610 889 26 817 26 785 26 917 611 762 611 916 611 786 26 889 26 785 26 786 612 888 612 889 612 761 26 762 26 917 26 918 26 761 26 917 26 760 613 761 613 918 613 751 614 888 614 786 614 751 615 887 615 888 615 919 616 760 616 918 616 759 26 760 26 919 26 752 617 887 617 751 617 752 618 886 618 887 618 920 26 759 26 919 26 758 619 759 619 920 619 753 620 886 620 752 620 753 621 885 621 886 621 810 622 903 622 902 622 810 623 922 623 903 623 921 624 758 624 920 624 883 625 811 625 901 625 754 26 884 26 885 26 754 26 885 26 753 26 757 626 758 626 921 626 757 627 922 627 810 627 757 628 921 628 922 628 755 629 883 629 884 629 755 630 884 630 754 630 755 26 811 26 883 26 756 26 811 26 755 26 756 26 810 26 811 26 756 631 757 631 810 631 787 632 788 632 862 632 862 26 788 26 861 26 861 26 788 26 860 26 787 633 862 633 863 633 793 26 794 26 851 26 793 634 851 634 852 634 793 635 852 635 853 635 795 636 796 636 842 636 842 26 796 26 841 26 841 26 796 26 840 26 795 637 842 637 843 637 801 638 802 638 833 638 801 639 833 639 834 639 801 26 834 26 835 26 803 640 804 640 914 640 914 26 804 26 913 26 803 641 914 641 915 641 809 642 810 642 904 642 904 643 810 643 902 643 809 644 904 644 905 644 809 645 905 645 906 645 811 646 812 646 900 646 900 26 812 26 899 26 811 647 900 647 901 647 816 648 817 648 890 648 816 649 890 649 891 649 816 650 891 650 892 650 818 651 819 651 881 651 881 26 819 26 880 26 818 652 881 652 882 652 824 653 825 653 871 653 824 654 871 654 872 654 824 26 872 26 873 26 832 655 833 655 802 655 850 26 851 26 794 26 870 26 871 26 825 26 889 656 890 656 817 656 924 657 928 657 923 657 924 658 932 658 928 658 925 659 932 659 924 659 925 660 931 660 932 660 926 661 931 661 925 661 926 662 930 662 931 662 927 663 930 663 926 663 927 664 929 664 930 664 934 665 935 665 933 665 934 666 936 666 935 666 940 667 939 667 938 667 937 668 934 668 940 668 937 669 936 669 934 669 937 670 940 670 938 670 946 671 943 671 941 671 946 672 944 672 943 672 947 673 946 673 941 673 945 674 944 674 946 674 942 675 948 675 947 675 942 676 947 676 941 676 951 677 956 677 955 677 952 678 957 678 956 678 952 679 956 679 951 679 953 680 958 680 957 680 953 681 957 681 952 681 954 682 959 682 958 682 954 683 958 683 953 683 950 684 949 684 959 684 950 685 959 685 954 685 960 686 962 686 963 686 960 687 963 687 964 687 961 688 965 688 962 688 961 689 962 689 960 689 969 690 968 690 967 690 966 691 961 691 969 691 966 692 965 692 961 692 966 693 969 693 967 693 970 694 978 694 977 694 972 695 970 695 977 695 972 696 977 696 976 696 973 697 972 697 976 697 971 698 970 698 972 698 975 699 974 699 973 699 975 700 973 700 976 700 981 701 986 701 985 701 982 702 987 702 986 702 982 703 986 703 981 703 983 704 988 704 987 704 983 705 987 705 982 705 984 706 989 706 988 706 984 707 988 707 983 707 980 708 979 708 989 708 980 709 989 709 984 709 991 710 992 710 990 710 991 711 993 711 992 711 997 712 996 712 995 712 994 713 991 713 997 713 994 714 993 714 991 714 994 715 997 715 995 715 998 716 1006 716 1005 716 1000 717 998 717 1005 717 1000 718 1005 718 1004 718 1001 719 1000 719 1004 719 999 720 998 720 1000 720 1003 721 1002 721 1001 721 1003 722 1001 722 1004 722 1007 723 1011 723 1010 723 1008 724 1011 724 1007 724 1007 725 1010 725 1009 725 1013 726 1014 726 1012 726 1013 727 1015 727 1014 727 1019 728 1018 728 1017 728 1016 729 1013 729 1019 729 1016 730 1015 730 1013 730 1016 731 1019 731 1017 731 1020 732 1028 732 1027 732 1022 733 1020 733 1027 733 1022 734 1027 734 1026 734 1023 735 1022 735 1026 735 1021 736 1020 736 1022 736 1025 737 1024 737 1023 737 1025 738 1023 738 1026 738 1029 739 1034 739 1033 739 1030 740 1035 740 1034 740 1030 741 1034 741 1029 741 1031 742 1036 742 1035 742 1031 743 1035 743 1030 743 1032 744 1037 744 1036 744 1032 745 1036 745 1031 745 1039 746 1040 746 1038 746 1039 747 1041 747 1040 747 1045 748 1044 748 1043 748 1042 749 1039 749 1045 749 1042 750 1041 750 1039 750 1042 751 1045 751 1043 751 1046 752 1054 752 1053 752 1048 753 1046 753 1053 753 1048 754 1053 754 1052 754 1049 755 1048 755 1052 755 1047 756 1046 756 1048 756 1051 757 1050 757 1049 757 1051 758 1049 758 1052 758 1057 759 1056 759 1055 759 1057 760 1055 760 1060 760 1059 761 1058 761 1057 761 1059 762 1057 762 1060 762 1066 763 1061 763 1062 763 1064 764 1063 764 1061 764 1065 765 1064 765 1061 765 1065 766 1061 766 1066 766 1070 26 1067 26 1068 26 1070 767 1068 767 1069 767 1073 768 1072 768 1071 768 1073 769 1071 769 1076 769 1075 770 1074 770 1073 770 1075 771 1073 771 1076 771 1082 772 1077 772 1078 772 1080 773 1079 773 1077 773 1081 774 1080 774 1077 774 1081 775 1077 775 1082 775 1086 26 1083 26 1084 26 1086 776 1084 776 1085 776 1089 777 1088 777 1087 777 1089 778 1087 778 1092 778 1091 779 1090 779 1089 779 1091 780 1089 780 1092 780 1098 781 1093 781 1094 781 1096 782 1095 782 1093 782 1097 783 1096 783 1093 783 1097 784 1093 784 1098 784 1102 26 1100 26 1101 26 1099 26 1100 26 1102 26 1105 785 1104 785 1103 785 1105 786 1103 786 1108 786 1107 787 1106 787 1105 787 1107 788 1105 788 1108 788 1110 789 1112 789 1111 789 1109 790 1113 790 1112 790 1109 791 1112 791 1110 791 1114 792 1113 792 1109 792 1116 793 1118 793 1115 793 1116 26 1117 26 1118 26 1120 794 1121 794 1119 794 1122 795 1121 795 1120 795 1124 796 1123 796 1122 796 1124 797 1122 797 1120 797 1130 798 1125 798 1126 798 1128 799 1127 799 1125 799 1129 800 1128 800 1125 800 1129 801 1125 801 1130 801 1132 802 1134 802 1131 802 1133 26 1134 26 1132 26 1136 803 1139 803 1135 803 1136 804 1140 804 1139 804 1137 805 1141 805 1140 805 1137 806 1140 806 1136 806 1138 807 1141 807 1137 807 1155 808 1164 808 1157 808 1156 809 1155 809 1157 809 1154 810 1164 810 1153 810 1167 811 1162 811 1163 811 1165 812 1162 812 1167 812 1151 813 1166 813 1167 813 1147 814 1160 814 1161 814 1143 815 1158 815 1159 815 1144 816 1158 816 1143 816 1145 817 1160 817 1147 817 1153 818 1164 818 1155 818 1163 819 1164 819 1154 819 1150 820 1154 820 1149 820 1150 821 1151 821 1163 821 1150 822 1163 822 1154 822 1163 823 1151 823 1167 823 1152 824 1165 824 1166 824 1152 825 1162 825 1165 825 1152 826 1166 826 1151 826 1161 827 1162 827 1152 827 1161 828 1148 828 1147 828 1152 829 1148 829 1161 829 1159 830 1145 830 1146 830 1159 831 1160 831 1145 831 1143 832 1159 832 1146 832 1143 833 1146 833 1142 833 1171 834 1170 834 1169 834 1168 835 1171 835 1169 835 1174 836 1173 836 1172 836 1174 836 1172 836 1175 836 1179 837 1178 837 1177 837 1176 838 1179 838 1177 838 1182 839 1181 839 1180 839 1182 840 1180 840 1183 840 1187 841 1186 841 1185 841 1184 842 1187 842 1185 842 1190 843 1189 843 1188 843 1190 844 1188 844 1191 844 1195 845 1194 845 1193 845 1192 846 1195 846 1193 846 1198 847 1197 847 1196 847 1198 848 1196 848 1199 848 1203 849 1202 849 1201 849 1200 850 1203 850 1201 850 1206 851 1205 851 1204 851 1206 852 1204 852 1207 852 1208 853 1210 853 1211 853 1209 854 1208 854 1211 854 1212 26 1215 26 1213 26 1214 855 1215 855 1212 855 1216 856 1218 856 1219 856 1217 857 1216 857 1219 857 1220 26 1223 26 1221 26 1220 858 1222 858 1223 858 1224 859 1226 859 1227 859 1225 860 1224 860 1227 860 1228 861 1230 861 1231 861 1229 26 1228 26 1231 26 1232 862 1234 862 1235 862 1233 863 1232 863 1235 863 1239 864 1237 864 1236 864 1238 26 1239 26 1236 26 1240 865 1242 865 1243 865 1241 866 1240 866 1243 866 1247 867 1244 867 1246 867 1247 26 1245 26 1244 26 1251 868 1277 868 1248 868 1249 26 1252 26 1259 26 1280 869 1251 869 1250 869 1279 26 1251 26 1280 26 1281 26 1250 26 1249 26 1281 26 1280 26 1250 26 1282 26 1281 26 1249 26 1279 870 1277 870 1251 870 1282 871 1249 871 1259 871 1278 872 1277 872 1279 872 1278 26 1260 26 1277 26 1283 873 1259 873 1258 873 1283 26 1282 26 1259 26 1283 874 1258 874 1257 874 1293 26 1261 26 1260 26 1293 875 1260 875 1278 875 1293 876 1262 876 1261 876 1284 26 1257 26 1256 26 1284 26 1283 26 1257 26 1292 26 1263 26 1262 26 1292 26 1262 26 1293 26 1264 26 1263 26 1292 26 1265 877 1264 877 1292 877 1265 26 1292 26 1291 26 1255 878 1284 878 1256 878 1255 26 1285 26 1284 26 1266 26 1265 26 1291 26 1267 879 1266 879 1291 879 1254 880 1285 880 1255 880 1254 881 1286 881 1285 881 1268 882 1267 882 1291 882 1268 883 1291 883 1290 883 1253 884 1286 884 1254 884 1269 885 1268 885 1290 885 1276 886 1287 886 1286 886 1276 26 1286 26 1253 26 1270 26 1269 26 1290 26 1270 887 1290 887 1289 887 1275 888 1287 888 1276 888 1271 26 1270 26 1289 26 1271 889 1289 889 1288 889 1274 26 1287 26 1275 26 1274 890 1288 890 1287 890 1272 26 1271 26 1288 26 1273 26 1288 26 1274 26 1273 26 1272 26 1288 26 1295 891 1294 891 1297 891 1295 892 1297 892 1299 892 1296 893 1299 893 1298 893 1296 894 1295 894 1299 894 1310 895 1303 895 1309 895 1304 896 1310 896 1311 896 1304 897 1303 897 1310 897 1312 898 1304 898 1311 898 1305 899 1304 899 1312 899 1313 900 1305 900 1312 900 1317 901 1305 901 1313 901 1317 902 1306 902 1305 902 1306 903 1317 903 1314 903 1318 904 1306 904 1314 904 1318 905 1307 905 1306 905 1318 906 1314 906 1315 906 1307 907 1318 907 1315 907 1308 908 1315 908 1316 908 1308 909 1307 909 1315 909 1308 910 1316 910 1300 910 1308 911 1300 911 1302 911 1320 912 1319 912 1323 912 1320 913 1323 913 1322 913 1321 914 1320 914 1322 914 1344 915 1324 915 1325 915 1344 916 1340 916 1324 916 1336 917 1338 917 1337 917 1336 918 1325 918 1338 918 1344 919 1325 919 1336 919 1345 920 1344 920 1336 920 1340 921 1344 921 1345 921 1335 922 1345 922 1336 922 1341 923 1340 923 1345 923 1346 924 1335 924 1334 924 1346 925 1345 925 1335 925 1346 926 1341 926 1345 926 1333 927 1346 927 1334 927 1347 928 1346 928 1333 928 1347 929 1341 929 1346 929 1331 930 1333 930 1332 930 1347 931 1333 931 1331 931 1342 932 1341 932 1347 932 1330 933 1347 933 1331 933 1348 934 1347 934 1330 934 1348 935 1342 935 1347 935 1330 936 1329 936 1328 936 1343 937 1342 937 1348 937 1327 938 1330 938 1328 938 1327 939 1348 939 1330 939 1349 940 1348 940 1327 940 1349 941 1343 941 1348 941 1349 942 1327 942 1326 942 1349 943 1326 943 1339 943 1343 944 1349 944 1339 944 1352 945 1353 945 1355 945 1350 946 1355 946 1354 946 1350 947 1352 947 1355 947 1351 948 1350 948 1354 948 1367 949 1359 949 1362 949 1367 950 1362 950 1366 950 1360 951 1359 951 1367 951 1368 952 1366 952 1365 952 1368 953 1367 953 1366 953 1360 954 1367 954 1368 954 1369 955 1365 955 1364 955 1369 956 1368 956 1365 956 1361 957 1368 957 1369 957 1361 958 1360 958 1368 958 1369 959 1371 959 1361 959 1370 960 1369 960 1364 960 1370 961 1364 961 1363 961 1371 962 1369 962 1370 962 1372 963 1363 963 1356 963 1372 964 1370 964 1363 964 1357 965 1370 965 1372 965 1357 966 1371 966 1370 966 1358 967 1371 967 1357 967 1374 968 1375 968 1376 968 1374 969 1376 969 1377 969 1373 970 1374 970 1377 970 1387 971 1381 971 1382 971 1388 972 1387 972 1385 972 1389 973 1387 973 1388 973 1388 974 1385 974 1386 974 1389 975 1378 975 1379 975 1389 976 1383 976 1378 976 1384 977 1383 977 1389 977 1389 978 1381 978 1387 978 1389 979 1380 979 1381 979 1389 980 1379 980 1380 980 1388 981 1386 981 1384 981 1388 982 1384 982 1389 982 1394 983 1390 983 1393 983 1397 984 1391 984 1390 984 1397 985 1390 985 1394 985 1397 986 1394 986 1395 986 1396 987 1392 987 1391 987 1396 988 1391 988 1397 988 1397 989 1395 989 1396 989 1399 990 1401 990 1400 990 1399 991 1400 991 1398 991 1403 992 1402 992 1406 992 1403 993 1406 993 1405 993 1404 994 1403 994 1405 994 1420 995 1408 995 1421 995 1428 996 1408 996 1420 996 1423 997 1408 997 1428 997 1423 998 1407 998 1408 998 1419 999 1428 999 1420 999 1424 1000 1423 1000 1428 1000 1429 1001 1428 1001 1419 1001 1424 1002 1428 1002 1429 1002 1417 1003 1419 1003 1418 1003 1429 1004 1419 1004 1417 1004 1430 1005 1424 1005 1429 1005 1430 1006 1425 1006 1424 1006 1416 1007 1429 1007 1417 1007 1430 1008 1429 1008 1416 1008 1414 1009 1416 1009 1415 1009 1414 1010 1430 1010 1416 1010 1431 1011 1430 1011 1414 1011 1426 1012 1425 1012 1430 1012 1426 1013 1430 1013 1431 1013 1412 1014 1414 1014 1413 1014 1432 1015 1414 1015 1412 1015 1432 1016 1431 1016 1414 1016 1427 1017 1431 1017 1432 1017 1427 1018 1426 1018 1431 1018 1432 1019 1412 1019 1411 1019 1433 1020 1427 1020 1432 1020 1432 1021 1410 1021 1409 1021 1432 1022 1411 1022 1410 1022 1433 1023 1432 1023 1409 1023 1433 1024 1409 1024 1422 1024 1427 1025 1433 1025 1422 1025 1445 1026 1434 1026 1439 1026 1445 1027 1435 1027 1434 1027 1442 1028 1435 1028 1445 1028 1438 1029 1445 1029 1439 1029 1443 1030 1442 1030 1445 1030 1443 1031 1445 1031 1438 1031 1444 1032 1438 1032 1437 1032 1444 1033 1443 1033 1438 1033 1440 1034 1437 1034 1436 1034 1440 1035 1444 1035 1437 1035 1441 1036 1444 1036 1440 1036 1447 1037 1448 1037 1449 1037 1446 1038 1449 1038 1450 1038 1446 1039 1447 1039 1449 1039 1452 1040 1451 1040 1455 1040 1452 1041 1455 1041 1454 1041 1453 1042 1452 1042 1454 1042 1478 1043 1457 1043 1470 1043 1478 1044 1456 1044 1457 1044 1478 1045 1473 1045 1456 1045 1479 1046 1469 1046 1468 1046 1479 1047 1470 1047 1469 1047 1479 1048 1478 1048 1470 1048 1473 1049 1478 1049 1479 1049 1479 1050 1468 1050 1467 1050 1474 1051 1473 1051 1479 1051 1466 1052 1479 1052 1467 1052 1480 1053 1479 1053 1466 1053 1480 1054 1474 1054 1479 1054 1480 1055 1466 1055 1465 1055 1475 1056 1474 1056 1480 1056 1481 1057 1480 1057 1465 1057 1481 1058 1475 1058 1480 1058 1463 1059 1465 1059 1464 1059 1481 1060 1465 1060 1463 1060 1476 1061 1475 1061 1481 1061 1482 1062 1481 1062 1463 1062 1482 1063 1463 1063 1462 1063 1482 1064 1476 1064 1481 1064 1477 1065 1476 1065 1482 1065 1460 1066 1462 1066 1461 1066 1460 1067 1482 1067 1462 1067 1483 1068 1482 1068 1460 1068 1477 1069 1482 1069 1483 1069 1460 1070 1459 1070 1458 1070 1460 1071 1458 1071 1472 1071 1483 1072 1460 1072 1472 1072 1471 1073 1483 1073 1472 1073 1471 1074 1477 1074 1483 1074 1491 1075 1497 1075 1492 1075 1498 1076 1492 1076 1497 1076 1498 1077 1487 1077 1492 1077 1498 1078 1488 1078 1487 1078 1498 1079 1497 1079 1496 1079 1499 1080 1498 1080 1496 1080 1499 1081 1488 1081 1498 1081 1499 1082 1489 1082 1488 1082 1499 1083 1496 1083 1495 1083 1500 1084 1499 1084 1495 1084 1489 1085 1499 1085 1500 1085 1500 1086 1495 1086 1494 1086 1501 1087 1489 1087 1500 1087 1502 1088 1494 1088 1493 1088 1502 1089 1500 1089 1494 1089 1502 1090 1501 1090 1500 1090 1490 1091 1501 1091 1502 1091 1502 1092 1486 1092 1490 1092 1484 1093 1502 1093 1493 1093 1485 1094 1502 1094 1484 1094 1486 1095 1502 1095 1485 1095 1504 1096 1505 1096 1506 1096 1503 1097 1504 1097 1506 1097 1503 1098 1506 1098 1507 1098 1509 1099 1508 1099 1512 1099 1509 1100 1512 1100 1511 1100 1510 1101 1509 1101 1511 1101 1533 1102 1514 1102 1513 1102 1533 1103 1513 1103 1526 1103 1533 1104 1529 1104 1514 1104 1534 1105 1526 1105 1525 1105 1534 1106 1533 1106 1526 1106 1522 1107 1524 1107 1523 1107 1522 1108 1525 1108 1524 1108 1529 1109 1533 1109 1534 1109 1522 1110 1534 1110 1525 1110 1534 1111 1530 1111 1529 1111 1530 1112 1534 1112 1522 1112 1520 1113 1522 1113 1521 1113 1535 1114 1522 1114 1520 1114 1530 1115 1522 1115 1535 1115 1531 1116 1530 1116 1535 1116 1518 1117 1520 1117 1519 1117 1535 1118 1520 1118 1518 1118 1517 1119 1535 1119 1518 1119 1532 1120 1531 1120 1535 1120 1517 1121 1516 1121 1515 1121 1517 1122 1515 1122 1528 1122 1528 1123 1535 1123 1517 1123 1528 1124 1532 1124 1535 1124 1528 1125 1527 1125 1532 1125 1545 1126 1544 1126 1550 1126 1551 1127 1545 1127 1550 1127 1551 1128 1539 1128 1545 1128 1551 1129 1540 1129 1539 1129 1551 1130 1550 1130 1549 1130 1552 1131 1551 1131 1549 1131 1552 1132 1541 1132 1540 1132 1552 1133 1540 1133 1551 1133 1552 1134 1549 1134 1548 1134 1552 1135 1542 1135 1541 1135 1553 1136 1548 1136 1547 1136 1553 1137 1552 1137 1548 1137 1542 1138 1552 1138 1553 1138 1553 1139 1543 1139 1542 1139 1554 1140 1547 1140 1546 1140 1554 1141 1553 1141 1547 1141 1543 1142 1553 1142 1554 1142 1554 1143 1538 1143 1543 1143 1536 1144 1554 1144 1546 1144 1537 1145 1554 1145 1536 1145 1538 1146 1554 1146 1537 1146 1556 1147 1557 1147 1558 1147 1555 1148 1558 1148 1559 1148 1555 1149 1556 1149 1558 1149 1561 1150 1560 1150 1564 1150 1561 1151 1564 1151 1563 1151 1562 1152 1561 1152 1563 1152 1571 1153 1566 1153 1565 1153 1566 1154 1574 1154 1567 1154 1575 1155 1566 1155 1571 1155 1575 1156 1574 1156 1566 1156 1575 1157 1571 1157 1570 1157 1568 1158 1570 1158 1569 1158 1575 1159 1570 1159 1568 1159 1575 1160 1568 1160 1573 1160 1575 1161 1573 1161 1572 1161 1574 1162 1575 1162 1572 1162 1583 1163 1582 1163 1588 1163 1589 1164 1583 1164 1588 1164 1589 1165 1579 1165 1583 1165 1580 1166 1579 1166 1589 1166 1589 1167 1588 1167 1587 1167 1590 1168 1589 1168 1587 1168 1590 1169 1580 1169 1589 1169 1581 1170 1580 1170 1590 1170 1590 1171 1587 1171 1586 1171 1591 1172 1590 1172 1586 1172 1591 1173 1586 1173 1585 1173 1591 1174 1581 1174 1590 1174 1592 1175 1581 1175 1591 1175 1591 1176 1585 1176 1584 1176 1593 1177 1592 1177 1591 1177 1576 1178 1591 1178 1584 1178 1577 1179 1591 1179 1576 1179 1577 1180 1593 1180 1591 1180 1578 1181 1593 1181 1577 1181 1595 1182 1596 1182 1597 1182 1594 1183 1597 1183 1598 1183 1594 1184 1595 1184 1597 1184 1600 1185 1602 1185 1604 1185 1600 1186 1599 1186 1602 1186 1600 1187 1604 1187 1603 1187 1601 1188 1600 1188 1603 1188 1607 1189 1608 1189 1610 1189 1606 1190 1607 1190 1610 1190 1606 1191 1610 1191 1609 1191 1605 1192 1606 1192 1609 1192 1613 1193 1614 1193 1615 1193 1612 1194 1613 1194 1615 1194 1612 1195 1615 1195 1616 1195 1611 1196 1612 1196 1616 1196 1621 1197 1618 1197 1622 1197 1621 1198 1617 1198 1618 1198 1625 1199 1617 1199 1621 1199 1625 1200 1621 1200 1620 1200 1619 1201 1625 1201 1620 1201 1619 1202 1626 1202 1625 1202 1627 1203 1626 1203 1619 1203 1624 1204 1627 1204 1619 1204 1623 1205 1627 1205 1624 1205 1636 1206 1629 1206 1628 1206 1636 1207 1628 1207 1632 1207 1636 1208 1634 1208 1629 1208 1635 1209 1634 1209 1636 1209 1633 1210 1631 1210 1630 1210 1633 1211 1636 1211 1631 1211 1633 1212 1635 1212 1636 1212 1637 1213 1639 1213 1641 1213 1637 1214 1638 1214 1639 1214 1637 1215 1641 1215 1640 1215 1642 1216 1637 1216 1640 1216 1647 1217 1646 1217 1648 1217 1647 1218 1648 1218 1644 1218 1645 1219 1647 1219 1644 1219 1645 1220 1644 1220 1643 1220 1650 1221 1652 1221 1654 1221 1650 1222 1651 1222 1652 1222 1649 1223 1654 1223 1653 1223 1649 1224 1650 1224 1654 1224 1659 1225 1655 1225 1656 1225 1660 1226 1659 1226 1656 1226 1658 1227 1656 1227 1657 1227 1658 1228 1660 1228 1656 1228 1663 1229 1664 1229 1666 1229 1662 1230 1663 1230 1666 1230 1662 1231 1666 1231 1665 1231 1661 1232 1662 1232 1665 1232 1669 1233 1670 1233 1671 1233 1668 1234 1669 1234 1671 1234 1668 1235 1671 1235 1672 1235 1667 1236 1668 1236 1672 1236 1679 1237 1673 1237 1674 1237 1679 1238 1681 1238 1673 1238 1678 1239 1681 1239 1679 1239 1678 1240 1682 1240 1681 1240 1677 1241 1682 1241 1678 1241 1677 1242 1683 1242 1682 1242 1676 1243 1683 1243 1677 1243 1675 1244 1683 1244 1676 1244 1680 1245 1683 1245 1675 1245 1693 1246 1690 1246 1694 1246 1693 1247 1686 1247 1690 1247 1693 1248 1687 1248 1686 1248 1688 1249 1687 1249 1693 1249 1688 1250 1693 1250 1692 1250 1689 1251 1688 1251 1692 1251 1684 1252 1692 1252 1691 1252 1684 1253 1689 1253 1692 1253 1685 1254 1689 1254 1684 1254 1695 1255 1697 1255 1699 1255 1695 1256 1696 1256 1697 1256 1695 1257 1699 1257 1698 1257 1700 1258 1695 1258 1698 1258 1705 1259 1704 1259 1706 1259 1705 1260 1706 1260 1702 1260 1703 1261 1705 1261 1702 1261 1703 1262 1702 1262 1701 1262 1708 1263 1710 1263 1712 1263 1708 1264 1709 1264 1710 1264 1708 1265 1712 1265 1711 1265 1707 1266 1708 1266 1711 1266 1718 1267 1713 1267 1714 1267 1718 1268 1717 1268 1713 1268 1716 1269 1714 1269 1715 1269 1716 1270 1718 1270 1714 1270 1722 1271 1724 1271 1720 1271 1722 1272 1723 1272 1724 1272 1722 1273 1720 1273 1719 1273 1721 1274 1722 1274 1719 1274 1728 1275 1729 1275 1730 1275 1725 1276 1728 1276 1730 1276 1726 1277 1725 1277 1730 1277 1726 1278 1730 1278 1731 1278 1727 1279 1726 1279 1731 1279 1733 1280 1737 1280 1742 1280 1733 1281 1732 1281 1737 1281 1741 1282 1734 1282 1733 1282 1741 1283 1733 1283 1742 1283 1735 1284 1734 1284 1741 1284 1735 1285 1741 1285 1740 1285 1735 1286 1740 1286 1739 1286 1735 1287 1739 1287 1738 1287 1736 1288 1735 1288 1738 1288 1766 23 1746 23 1747 23 1766 23 1765 23 1746 23 1764 23 1745 23 1746 23 1764 1289 1746 1289 1765 1289 1767 23 1766 23 1747 23 1767 23 1747 23 1748 23 1763 23 1744 23 1745 23 1763 1290 1745 1290 1764 1290 1763 23 1743 23 1744 23 1768 23 1748 23 1749 23 1768 1291 1767 1291 1748 1291 1778 23 1743 23 1763 23 1768 1292 1749 1292 1750 1292 1778 1293 1762 1293 1743 1293 1769 1294 1750 1294 1751 1294 1769 23 1768 23 1750 23 1777 1295 1761 1295 1762 1295 1777 1296 1762 1296 1778 1296 1770 23 1769 23 1751 23 1752 1297 1770 1297 1751 1297 1760 23 1761 23 1777 23 1760 1298 1777 1298 1776 1298 1759 1299 1760 1299 1776 1299 1753 1300 1770 1300 1752 1300 1759 1301 1776 1301 1775 1301 1753 23 1771 23 1770 23 1758 23 1759 23 1775 23 1754 23 1771 23 1753 23 1755 23 1772 23 1771 23 1755 23 1771 23 1754 23 1757 23 1775 23 1774 23 1757 23 1758 23 1775 23 1756 1302 1772 1302 1755 1302 1756 23 1773 23 1772 23 1756 23 1757 23 1774 23 1756 23 1774 23 1773 23 1788 1303 1780 1303 1779 1303 1788 1304 1779 1304 1784 1304 1787 1305 1784 1305 1783 1305 1787 1306 1788 1306 1784 1306 1787 1307 1783 1307 1782 1307 1786 1308 1787 1308 1782 1308 1786 1309 1782 1309 1781 1309 1785 1310 1786 1310 1781 1310 1789 1311 1796 1311 1793 1311 1790 1312 1796 1312 1789 1312 1790 1313 1795 1313 1796 1313 1791 1314 1795 1314 1790 1314 1791 1315 1794 1315 1795 1315 1792 1316 1794 1316 1791 1316 1800 1317 1798 1317 1797 1317 1800 1318 1812 1318 1811 1318 1800 23 1813 23 1812 23 1800 1319 1797 1319 1813 1319 1800 1320 1799 1320 1798 1320 1802 1321 1801 1321 1800 1321 1802 1322 1811 1322 1810 1322 1802 23 1800 23 1811 23 1803 1323 1805 1323 1804 1323 1803 1324 1806 1324 1805 1324 1803 23 1809 23 1808 23 1803 1325 1810 1325 1809 1325 1803 1326 1802 1326 1810 1326 1803 1327 1808 1327 1807 1327 1803 1328 1807 1328 1806 1328 1832 1329 1824 1329 1823 1329 1832 1330 1825 1330 1824 1330 1821 1331 1832 1331 1823 1331 1821 1332 1823 1332 1822 1332 1833 1333 1826 1333 1825 1333 1833 1334 1825 1334 1832 1334 1819 1335 1833 1335 1832 1335 1819 1336 1832 1336 1821 1336 1819 1337 1821 1337 1820 1337 1834 1338 1827 1338 1826 1338 1834 1339 1826 1339 1833 1339 1818 1340 1833 1340 1819 1340 1835 1341 1834 1341 1833 1341 1818 1342 1835 1342 1833 1342 1836 1343 1827 1343 1834 1343 1836 1344 1828 1344 1827 1344 1836 1345 1834 1345 1835 1345 1816 1346 1836 1346 1835 1346 1816 1347 1835 1347 1817 1347 1836 1348 1829 1348 1828 1348 1837 1349 1829 1349 1836 1349 1837 1350 1836 1350 1816 1350 1815 1351 1837 1351 1816 1351 1837 1352 1830 1352 1829 1352 1831 1353 1830 1353 1837 1353 1814 1354 1831 1354 1837 1354 1814 1355 1837 1355 1815 1355 1841 1356 1838 1356 1839 1356 1841 1357 1840 1357 1838 1357 1843 1358 1844 1358 1842 1358 1845 1359 1844 1359 1843 1359 1849 1360 1846 1360 1847 1360 1849 1361 1848 1361 1846 1361 1853 1362 1850 1362 1851 1362 1853 1363 1852 1363 1850 1363 1857 1364 1854 1364 1855 1364 1857 23 1856 23 1854 23 1862 1365 1858 1365 1859 1365 1862 1366 1860 1366 1858 1366 1861 1367 1860 1367 1862 1367 1863 1368 1861 1368 1862 1368 1868 1369 1864 1369 1867 1369 1868 1370 1865 1370 1864 1370 1866 1371 1865 1371 1868 1371 1873 1372 1869 1372 1872 1372 1870 1373 1869 1373 1873 1373 1871 1374 1870 1374 1873 1374 1877 1375 1874 1375 1875 1375 1877 1376 1876 1376 1874 1376 1880 1377 1878 1377 1879 1377 1880 1378 1879 1378 1881 1378 1885 1379 1882 1379 1883 1379 1885 1380 1884 1380 1882 1380 1889 1381 1886 1381 1887 1381 1889 1382 1888 1382 1886 1382 1893 1383 1890 1383 1891 1383 1893 1384 1892 1384 1890 1384 1897 1385 1894 1385 1895 1385 1897 1386 1896 1386 1894 1386 1900 1387 1898 1387 1899 1387 1900 1388 1899 1388 1901 1388 1905 1389 1902 1389 1903 1389 1905 1390 1904 1390 1902 1390 1909 1391 1906 1391 1907 1391 1909 1392 1908 1392 1906 1392 1913 1393 1910 1393 1911 1393 1913 1394 1912 1394 1910 1394 1917 1395 1914 1395 1915 1395 1917 1396 1916 1396 1914 1396 1918 1397 1921 1397 1920 1397 1918 1398 1919 1398 1921 1398 1925 1399 1922 1399 1923 1399 1925 1400 1924 1400 1922 1400 1929 1401 1926 1401 1927 1401 1929 1402 1928 1402 1926 1402 1933 1403 1930 1403 1931 1403 1933 1404 1932 1404 1930 1404 1937 1405 1934 1405 1935 1405 1937 1406 1936 1406 1934 1406 1939 23 1940 23 1938 23 1939 1407 1941 1407 1940 1407 1942 1408 1944 1408 1943 1408 1947 26 1945 26 1946 26 1948 1409 1950 1409 1949 1409 1951 26 1952 26 1953 26 1958 1410 1960 1410 1959 1410 1970 1411 1964 1411 1963 1411 1970 1412 1963 1412 1967 1412 1969 1413 1970 1413 1967 1413 1969 1414 1967 1414 1966 1414 1968 1415 1969 1415 1966 1415 1968 1416 1966 1416 1965 1416 1984 26 1985 26 1986 26 1979 26 1976 26 1977 26 1979 26 1977 26 1978 26 1980 1417 1975 1417 1976 1417 1980 26 1976 26 1979 26 1982 1418 1971 1418 1972 1418 1982 1419 1983 1419 1984 1419 1982 1420 1986 1420 1971 1420 1982 1421 1984 1421 1986 1421 1981 1422 1973 1422 1974 1422 1981 1423 1974 1423 1975 1423 1981 1424 1972 1424 1973 1424 1981 26 1975 26 1980 26 1981 1425 1982 1425 1972 1425 1993 1426 1988 1426 1987 1426 1993 1427 1987 1427 1989 1427 1990 1428 1993 1428 1989 1428 1992 1429 1993 1429 1990 1429 1992 1430 1990 1430 1991 1430 1998 1431 1995 1431 1994 1431 1998 1432 1994 1432 1996 1432 1997 1433 1998 1433 1996 1433 2004 1434 2005 1434 2000 1434 2003 1435 2000 1435 1999 1435 2003 1436 2004 1436 2000 1436 2002 1437 1999 1437 2001 1437 2002 1438 2003 1438 1999 1438 2007 1439 2006 1439 2008 1439 2014 1440 2007 1440 2008 1440 2015 1441 2014 1441 2009 1441 2010 1442 2015 1442 2009 1442 2013 1443 2011 1443 2012 1443 2013 1444 2010 1444 2011 1444 2008 1445 2009 1445 2014 1445 2020 1446 2026 1446 2027 1446 2021 26 2020 26 2027 26 2020 26 2025 26 2026 26 2022 26 2027 26 2028 26 2022 26 2021 26 2027 26 2019 26 2024 26 2025 26 2019 1447 2025 1447 2020 1447 2022 26 2028 26 2029 26 2018 26 2023 26 2024 26 2018 1448 2024 1448 2019 1448 2017 26 2029 26 2016 26 2017 1449 2022 1449 2029 1449 2031 1450 2035 1450 2030 1450 2040 1451 2036 1451 2035 1451 2040 1452 2035 1452 2041 1452 2039 1453 2037 1453 2036 1453 2039 1454 2036 1454 2040 1454 2038 1455 2037 1455 2039 1455 2047 1456 2037 1456 2038 1456 2032 1457 2043 1457 2031 1457 2032 1458 2044 1458 2043 1458 2032 1459 2045 1459 2044 1459 2033 1460 2046 1460 2045 1460 2033 1461 2045 1461 2032 1461 2035 1462 2031 1462 2043 1462 2035 1463 2042 1463 2041 1463 2035 1464 2043 1464 2042 1464 2034 1465 2037 1465 2047 1465 2034 1466 2047 1466 2046 1466 2034 1467 2046 1467 2033 1467 2050 26 2048 26 2049 26 2050 1468 2053 1468 2054 1468 2050 1469 2054 1469 2055 1469 2050 1470 2055 1470 2056 1470 2050 1471 2056 1471 2057 1471 2050 1472 2057 1472 2048 1472 2050 26 2052 26 2053 26 2050 26 2051 26 2052 26 2059 1473 2062 1473 2058 1473 2059 1474 2063 1474 2062 1474 2060 1475 2063 1475 2059 1475 2060 1476 2064 1476 2063 1476 2061 1477 2064 1477 2060 1477 2065 1478 2068 1478 2067 1478 2066 1479 2068 1479 2065 1479 2073 26 2074 26 2075 26 2076 1480 2073 1480 2075 1480 2072 26 2073 26 2076 26 2077 26 2072 26 2076 26 2071 1481 2072 1481 2077 1481 2078 1482 2071 1482 2077 1482 2070 1483 2071 1483 2078 1483 2079 26 2070 26 2078 26 2069 26 2079 26 2080 26 2069 1484 2070 1484 2079 1484 2083 23 2081 23 2092 23 2083 1485 2082 1485 2081 1485 2084 23 2092 23 2091 23 2084 1486 2083 1486 2092 1486 2085 23 2091 23 2090 23 2085 1487 2084 1487 2091 1487 2086 23 2090 23 2089 23 2086 23 2085 23 2090 23 2087 1488 2086 1488 2089 1488 2088 23 2087 23 2089 23 2098 26 2099 26 2100 26 2098 26 2100 26 2101 26 2097 26 2101 26 2102 26 2097 26 2098 26 2101 26 2096 26 2102 26 2103 26 2096 1489 2097 1489 2102 1489 2095 1490 2103 1490 2104 1490 2095 1491 2096 1491 2103 1491 2093 1492 2104 1492 2105 1492 2093 1493 2105 1493 2106 1493 2093 1494 2095 1494 2104 1494 2093 26 2106 26 2094 26 2120 1495 2108 1495 2107 1495 2120 23 2109 23 2108 23 2119 1496 2110 1496 2109 1496 2119 1497 2109 1497 2120 1497 2118 1498 2111 1498 2110 1498 2118 1499 2110 1499 2119 1499 2117 1500 2112 1500 2111 1500 2117 1501 2111 1501 2118 1501 2115 23 2113 23 2112 23 2115 1502 2114 1502 2113 1502 2115 23 2112 23 2117 23 2115 1503 2116 1503 2114 1503 2127 1504 2121 1504 2122 1504 2127 1505 2123 1505 2121 1505 2128 1506 2124 1506 2123 1506 2128 1507 2123 1507 2127 1507 2126 1508 2125 1508 2124 1508 2126 1509 2124 1509 2128 1509 2135 1510 2129 1510 2130 1510 2135 1511 2131 1511 2129 1511 2135 1512 2132 1512 2131 1512 2136 1513 2132 1513 2135 1513 2136 1514 2133 1514 2132 1514 2134 1515 2133 1515 2136 1515 2138 1516 2149 1516 2137 1516 2148 26 2149 26 2138 26 2139 1517 2148 1517 2138 1517 2147 26 2148 26 2139 26 2140 26 2146 26 2147 26 2140 1518 2147 1518 2139 1518 2141 26 2145 26 2146 26 2141 1519 2146 1519 2140 1519 2142 26 2144 26 2145 26 2142 26 2145 26 2141 26 2143 26 2144 26 2142 26 2162 1520 2161 1520 2160 1520 2159 1521 2162 1521 2160 1521 2150 1522 2162 1522 2159 1522 2158 1523 2150 1523 2159 1523 2151 23 2158 23 2157 23 2151 23 2150 23 2158 23 2152 1524 2157 1524 2156 1524 2152 1525 2151 1525 2157 1525 2153 23 2156 23 2155 23 2153 1526 2152 1526 2156 1526 2154 1527 2153 1527 2155 1527 2169 1528 2163 1528 2164 1528 2169 1529 2165 1529 2163 1529 2169 1530 2166 1530 2165 1530 2170 1531 2166 1531 2169 1531 2170 1532 2167 1532 2166 1532 2168 1533 2167 1533 2170 1533 2172 26 2182 26 2171 26 2181 26 2182 26 2172 26 2173 26 2181 26 2172 26 2180 26 2181 26 2173 26 2174 26 2180 26 2173 26 2179 26 2180 26 2174 26 2175 26 2178 26 2179 26 2175 1534 2179 1534 2174 1534 2176 26 2177 26 2178 26 2176 1535 2178 1535 2175 1535 2191 23 2190 23 2189 23 2188 1536 2191 1536 2189 1536 2192 1537 2191 1537 2188 1537 2187 1538 2192 1538 2188 1538 2193 1539 2192 1539 2187 1539 2186 23 2193 23 2187 23 2194 23 2186 23 2185 23 2194 1540 2193 1540 2186 1540 2183 23 2185 23 2184 23 2183 1541 2194 1541 2185 1541 2201 1542 2195 1542 2196 1542 2201 1543 2197 1543 2195 1543 2202 1544 2198 1544 2197 1544 2202 1545 2197 1545 2201 1545 2202 1546 2199 1546 2198 1546 2200 1547 2199 1547 2202 1547 2212 26 2205 26 2206 26 2211 26 2206 26 2207 26 2211 26 2212 26 2206 26 2213 1548 2204 1548 2205 1548 2213 26 2205 26 2212 26 2210 26 2207 26 2208 26 2210 1549 2211 1549 2207 1549 2214 1550 2203 1550 2204 1550 2214 1551 2204 1551 2213 1551 2209 1552 2210 1552 2208 1552 2219 1553 2225 1553 2224 1553 2218 1554 2226 1554 2225 1554 2218 1555 2225 1555 2219 1555 2220 1556 2224 1556 2223 1556 2220 1557 2219 1557 2224 1557 2217 23 2215 23 2226 23 2217 23 2226 23 2218 23 2221 1558 2223 1558 2222 1558 2221 23 2220 23 2223 23 2216 1559 2215 1559 2217 1559 2232 1560 2234 1560 2233 1560 2232 1561 2235 1561 2234 1561 2232 1562 2236 1562 2235 1562 2231 1563 2237 1563 2236 1563 2231 1564 2238 1564 2237 1564 2231 26 2236 26 2232 26 2230 1565 2239 1565 2238 1565 2230 1566 2240 1566 2239 1566 2230 1567 2241 1567 2240 1567 2230 26 2238 26 2231 26 2229 1568 2242 1568 2241 1568 2229 1569 2243 1569 2242 1569 2229 1570 2241 1570 2230 1570 2228 1571 2244 1571 2243 1571 2228 1572 2245 1572 2244 1572 2228 26 2243 26 2229 26 2227 1573 2245 1573 2228 1573 2247 1574 2246 1574 2249 1574 2248 1575 2249 1575 2250 1575 2248 1576 2247 1576 2249 1576 2248 1577 2250 1577 2251 1577 2248 1578 2251 1578 2252 1578 2253 1579 2262 1579 2263 1579 2253 26 2263 26 2264 26 2253 1580 2264 1580 2265 1580 2253 26 2261 26 2262 26 2254 26 2265 26 2266 26 2254 26 2266 26 2267 26 2254 1581 2267 1581 2268 1581 2254 26 2253 26 2265 26 2255 1582 2258 1582 2259 1582 2255 1583 2268 1583 2269 1583 2255 1584 2269 1584 2258 1584 2255 26 2254 26 2268 26 2256 1585 2259 1585 2260 1585 2256 1586 2260 1586 2257 1586 2256 26 2255 26 2259 26 2276 1587 2271 1587 2270 1587 2276 1588 2270 1588 2272 1588 2277 1589 2272 1589 2273 1589 2277 1590 2276 1590 2272 1590 2275 1591 2273 1591 2274 1591 2275 1592 2277 1592 2273 1592 2290 1593 2288 1593 2289 1593 2290 26 2289 26 2279 26 2280 1594 2290 1594 2279 1594 2291 26 2290 26 2280 26 2281 26 2291 26 2280 26 2282 26 2291 26 2281 26 2292 26 2291 26 2282 26 2283 26 2292 26 2282 26 2284 26 2292 26 2283 26 2293 26 2292 26 2284 26 2285 1595 2293 1595 2284 1595 2286 1596 2293 1596 2285 1596 2287 26 2293 26 2286 26 2278 26 2293 26 2287 26 2299 1597 2295 1597 2294 1597 2299 1598 2294 1598 2296 1598 2300 1599 2299 1599 2296 1599 2300 1600 2296 1600 2297 1600 2298 1601 2300 1601 2297 1601 2303 26 2315 26 2302 26 2304 1602 2315 1602 2303 1602 2305 1603 2315 1603 2304 1603 2314 26 2301 26 2318 26 2306 26 2316 26 2315 26 2306 26 2315 26 2305 26 2313 26 2314 26 2318 26 2307 1604 2316 1604 2306 1604 2312 26 2318 26 2317 26 2312 1605 2313 1605 2318 1605 2308 26 2316 26 2307 26 2311 26 2312 26 2317 26 2309 1606 2317 1606 2316 1606 2309 26 2316 26 2308 26 2310 26 2317 26 2309 26 2310 1607 2311 1607 2317 1607 2324 1608 2319 1608 2321 1608 2324 1609 2320 1609 2319 1609 2323 1610 2321 1610 2322 1610 2323 1611 2324 1611 2321 1611 2331 1612 2326 1612 2325 1612 2331 1613 2325 1613 2327 1613 2332 1614 2327 1614 2328 1614 2332 1615 2331 1615 2327 1615 2330 1616 2328 1616 2329 1616 2330 1617 2332 1617 2328 1617 2350 1618 2346 1618 2333 1618 2345 26 2346 26 2350 26 2344 26 2345 26 2350 26 2349 1619 2344 1619 2350 1619 2343 1620 2344 1620 2349 1620 2342 26 2343 26 2349 26 2341 1621 2349 1621 2348 1621 2341 26 2342 26 2349 26 2340 26 2341 26 2348 26 2339 26 2340 26 2348 26 2338 1622 2348 1622 2347 1622 2338 1623 2339 1623 2348 1623 2337 1624 2338 1624 2347 1624 2336 1625 2337 1625 2347 1625 2335 26 2347 26 2334 26 2335 26 2336 26 2347 26</p>
        </triangles>
        <triangles material="mat_0-material" count="319">
          <input semantic="VERTEX" source="#³µÖ48x3x18_006-mesh-vertices" offset="0"/>
          <input semantic="NORMAL" source="#³µÖ48x3x18_006-mesh-normals" offset="1"/>
          <p>2386 1626 2365 1626 2364 1626 2386 1627 2368 1627 2365 1627 2386 1628 2369 1628 2368 1628 2386 1629 2364 1629 2363 1629 2370 1630 2369 1630 2386 1630 2387 1631 2363 1631 2362 1631 2387 1632 2386 1632 2363 1632 2387 1633 2370 1633 2386 1633 2371 1634 2370 1634 2387 1634 2388 1635 2387 1635 2362 1635 2372 1636 2387 1636 2388 1636 2372 1637 2371 1637 2387 1637 2361 1638 2388 1638 2362 1638 2389 1639 2388 1639 2361 1639 2389 1640 2372 1640 2388 1640 2373 1641 2372 1641 2389 1641 2390 1642 2389 1642 2361 1642 2374 1643 2389 1643 2390 1643 2374 1644 2373 1644 2389 1644 2360 1645 2390 1645 2361 1645 2375 1646 2390 1646 2360 1646 2375 1647 2374 1647 2390 1647 2391 1648 2360 1648 2359 1648 2391 1649 2375 1649 2360 1649 2376 1650 2375 1650 2391 1650 2358 1651 2391 1651 2359 1651 2377 1652 2391 1652 2358 1652 2377 1653 2376 1653 2391 1653 2392 1654 2358 1654 2357 1654 2392 1655 2377 1655 2358 1655 2378 1656 2377 1656 2392 1656 2356 1657 2392 1657 2357 1657 2379 1658 2392 1658 2356 1658 2379 1659 2378 1659 2392 1659 2393 1660 2356 1660 2355 1660 2393 1661 2379 1661 2356 1661 2380 1662 2379 1662 2393 1662 2394 1663 2355 1663 2354 1663 2394 1664 2393 1664 2355 1664 2381 1665 2393 1665 2394 1665 2381 1666 2380 1666 2393 1666 2395 1667 2394 1667 2354 1667 2382 1668 2394 1668 2395 1668 2382 1669 2381 1669 2394 1669 2396 1670 2354 1670 2353 1670 2396 1671 2395 1671 2354 1671 2396 1672 2382 1672 2395 1672 2383 1673 2382 1673 2396 1673 2397 1674 2396 1674 2353 1674 2397 1675 2383 1675 2396 1675 2384 1676 2383 1676 2397 1676 2352 1677 2397 1677 2353 1677 2398 1678 2351 1678 2366 1678 2398 1679 2397 1679 2352 1679 2398 1680 2352 1680 2351 1680 2385 1681 2397 1681 2398 1681 2385 1682 2366 1682 2367 1682 2385 1683 2384 1683 2397 1683 2385 1684 2398 1684 2366 1684 2421 1685 2399 1685 2400 1685 2420 1686 2421 1686 2400 1686 2420 1687 2400 1687 2401 1687 2419 1688 2401 1688 2402 1688 2419 1689 2420 1689 2401 1689 2418 1690 2419 1690 2402 1690 2418 1691 2402 1691 2403 1691 2417 1692 2418 1692 2403 1692 2417 1693 2403 1693 2404 1693 2416 1694 2404 1694 2405 1694 2416 1695 2417 1695 2404 1695 2415 1696 2405 1696 2406 1696 2415 1697 2416 1697 2405 1697 2414 1698 2406 1698 2407 1698 2414 1699 2415 1699 2406 1699 2413 1700 2407 1700 2408 1700 2413 1701 2414 1701 2407 1701 2412 1702 2413 1702 2408 1702 2412 1703 2408 1703 2409 1703 2411 1704 2412 1704 2409 1704 2411 1705 2409 1705 2410 1705 2441 1706 2423 1706 2422 1706 2458 1707 2440 1707 2439 1707 2458 1708 2456 1708 2440 1708 2459 1709 2457 1709 2456 1709 2459 1710 2456 1710 2458 1710 2459 1711 2444 1711 2443 1711 2459 1712 2443 1712 2457 1712 2458 1713 2439 1713 2438 1713 2461 1714 2458 1714 2460 1714 2461 1715 2459 1715 2458 1715 2461 1716 2444 1716 2459 1716 2460 1717 2438 1717 2437 1717 2460 1718 2458 1718 2438 1718 2462 1719 2461 1719 2460 1719 2445 1720 2444 1720 2461 1720 2445 1721 2461 1721 2462 1721 2436 1722 2460 1722 2437 1722 2463 1723 2460 1723 2436 1723 2463 1724 2462 1724 2460 1724 2464 1725 2462 1725 2463 1725 2464 1726 2445 1726 2462 1726 2463 1727 2436 1727 2435 1727 2465 1728 2464 1728 2463 1728 2446 1729 2464 1729 2465 1729 2446 1730 2445 1730 2464 1730 2466 1731 2435 1731 2434 1731 2466 1732 2463 1732 2435 1732 2466 1733 2465 1733 2463 1733 2467 1734 2465 1734 2466 1734 2467 1735 2446 1735 2465 1735 2433 1736 2466 1736 2434 1736 2468 1737 2466 1737 2433 1737 2468 1738 2467 1738 2466 1738 2447 1739 2467 1739 2468 1739 2447 1740 2446 1740 2467 1740 2469 1741 2433 1741 2432 1741 2469 1742 2468 1742 2433 1742 2470 1743 2468 1743 2469 1743 2470 1744 2447 1744 2468 1744 2448 1745 2447 1745 2470 1745 2469 1746 2432 1746 2431 1746 2471 1747 2470 1747 2469 1747 2471 1748 2448 1748 2470 1748 2471 1749 2449 1749 2448 1749 2430 1750 2469 1750 2431 1750 2472 1751 2469 1751 2430 1751 2472 1752 2471 1752 2469 1752 2449 1753 2471 1753 2472 1753 2473 1754 2430 1754 2429 1754 2473 1755 2472 1755 2430 1755 2474 1756 2472 1756 2473 1756 2450 1757 2449 1757 2472 1757 2450 1758 2472 1758 2474 1758 2473 1759 2429 1759 2428 1759 2451 1760 2450 1760 2474 1760 2475 1761 2428 1761 2427 1761 2475 1762 2473 1762 2428 1762 2475 1763 2474 1763 2473 1763 2476 1764 2474 1764 2475 1764 2476 1765 2451 1765 2474 1765 2476 1766 2452 1766 2451 1766 2475 1767 2427 1767 2426 1767 2478 1768 2475 1768 2477 1768 2478 1769 2476 1769 2475 1769 2478 1770 2452 1770 2476 1770 2477 1771 2426 1771 2425 1771 2477 1772 2475 1772 2426 1772 2479 1773 2478 1773 2477 1773 2453 1774 2452 1774 2478 1774 2453 1775 2478 1775 2479 1775 2424 1776 2477 1776 2425 1776 2480 1777 2477 1777 2424 1777 2480 1778 2479 1778 2477 1778 2454 1779 2479 1779 2480 1779 2454 1780 2453 1780 2479 1780 2481 1781 2424 1781 2423 1781 2481 1782 2423 1782 2441 1782 2481 1783 2480 1783 2424 1783 2482 1784 2480 1784 2481 1784 2482 1785 2481 1785 2441 1785 2482 1786 2441 1786 2442 1786 2482 1787 2454 1787 2480 1787 2455 1788 2454 1788 2482 1788 2455 1789 2482 1789 2442 1789 2507 1790 2486 1790 2485 1790 2520 1791 2484 1791 2483 1791 2520 1792 2483 1792 2504 1792 2521 1793 2485 1793 2484 1793 2521 1794 2484 1794 2520 1794 2521 1795 2507 1795 2485 1795 2520 1796 2504 1796 2503 1796 2522 1797 2521 1797 2520 1797 2523 1798 2521 1798 2522 1798 2523 1799 2507 1799 2521 1799 2522 1800 2503 1800 2502 1800 2522 1801 2520 1801 2503 1801 2524 1802 2523 1802 2522 1802 2508 1803 2523 1803 2524 1803 2508 1804 2507 1804 2523 1804 2525 1805 2502 1805 2501 1805 2525 1806 2522 1806 2502 1806 2526 1807 2522 1807 2525 1807 2526 1808 2524 1808 2522 1808 2509 1809 2524 1809 2526 1809 2509 1810 2508 1810 2524 1810 2525 1811 2501 1811 2500 1811 2527 1812 2526 1812 2525 1812 2527 1813 2509 1813 2526 1813 2527 1814 2510 1814 2509 1814 2499 1815 2525 1815 2500 1815 2528 1816 2525 1816 2499 1816 2528 1817 2527 1817 2525 1817 2510 1818 2527 1818 2528 1818 2528 1819 2499 1819 2498 1819 2529 1820 2510 1820 2528 1820 2511 1821 2510 1821 2529 1821 2530 1822 2528 1822 2498 1822 2530 1823 2498 1823 2497 1823 2530 1824 2529 1824 2528 1824 2531 1825 2529 1825 2530 1825 2512 1826 2529 1826 2531 1826 2512 1827 2511 1827 2529 1827 2496 1828 2530 1828 2497 1828 2532 1829 2531 1829 2530 1829 2532 1830 2512 1830 2531 1830 2532 1831 2513 1831 2512 1831 2495 1832 2530 1832 2496 1832 2533 1833 2530 1833 2495 1833 2533 1834 2532 1834 2530 1834 2513 1835 2532 1835 2533 1835 2534 1836 2495 1836 2494 1836 2534 1837 2533 1837 2495 1837 2514 1838 2533 1838 2534 1838 2514 1839 2513 1839 2533 1839 2534 1840 2494 1840 2493 1840 2535 1841 2514 1841 2534 1841 2515 1842 2514 1842 2535 1842 2536 1843 2493 1843 2492 1843 2536 1844 2534 1844 2493 1844 2536 1845 2535 1845 2534 1845 2537 1846 2535 1846 2536 1846 2537 1847 2515 1847 2535 1847 2537 1848 2516 1848 2515 1848 2491 1849 2536 1849 2492 1849 2538 1850 2536 1850 2491 1850 2539 1851 2537 1851 2536 1851 2539 1852 2536 1852 2538 1852 2539 1853 2516 1853 2537 1853 2538 1854 2491 1854 2490 1854 2540 1855 2539 1855 2538 1855 2517 1856 2516 1856 2539 1856 2517 1857 2539 1857 2540 1857 2541 1858 2490 1858 2489 1858 2541 1859 2538 1859 2490 1859 2541 1860 2540 1860 2538 1860 2542 1861 2540 1861 2541 1861 2518 1862 2540 1862 2542 1862 2518 1863 2517 1863 2540 1863 2488 1864 2541 1864 2489 1864 2541 1865 2488 1865 2487 1865 2541 1866 2487 1866 2505 1866 2542 1867 2541 1867 2505 1867 2519 1868 2518 1868 2542 1868 2519 1869 2542 1869 2505 1869 2519 1870 2505 1870 2506 1870 2544 1871 2543 1871 2545 1871 2563 1872 2544 1872 2545 1872 2563 1873 2545 1873 2546 1873 2562 1874 2563 1874 2546 1874 2562 1875 2546 1875 2547 1875 2561 1876 2562 1876 2547 1876 2561 1877 2547 1877 2548 1877 2560 1878 2561 1878 2548 1878 2559 1879 2548 1879 2549 1879 2559 1880 2560 1880 2548 1880 2558 1881 2559 1881 2549 1881 2558 1882 2549 1882 2550 1882 2557 1883 2558 1883 2550 1883 2557 1884 2550 1884 2551 1884 2556 1885 2557 1885 2551 1885 2555 1886 2556 1886 2551 1886 2555 1887 2551 1887 2552 1887 2555 1888 2552 1888 2553 1888 2554 1889 2555 1889 2553 1889 2582 1890 2565 1890 2564 1890 2582 1891 2564 1891 2580 1891 2598 1892 2580 1892 2579 1892 2598 1893 2582 1893 2580 1893 2583 1894 2582 1894 2598 1894 2598 1895 2579 1895 2578 1895 2584 1896 2583 1896 2598 1896 2577 1897 2598 1897 2578 1897 2585 1898 2598 1898 2577 1898 2585 1899 2584 1899 2598 1899 2599 1900 2577 1900 2576 1900 2599 1901 2585 1901 2577 1901 2586 1902 2585 1902 2599 1902 2575 1903 2599 1903 2576 1903 2600 1904 2599 1904 2575 1904 2600 1905 2586 1905 2599 1905 2587 1906 2586 1906 2600 1906 2600 1907 2575 1907 2574 1907 2588 1908 2587 1908 2600 1908 2601 1909 2574 1909 2573 1909 2601 1910 2600 1910 2574 1910 2601 1911 2588 1911 2600 1911 2589 1912 2588 1912 2601 1912 2602 1913 2601 1913 2573 1913 2602 1914 2589 1914 2601 1914 2590 1915 2589 1915 2602 1915 2572 1916 2602 1916 2573 1916 2603 1917 2602 1917 2572 1917 2591 1918 2590 1918 2602 1918 2591 1919 2602 1919 2603 1919 2604 1920 2572 1920 2571 1920 2604 1921 2603 1921 2572 1921 2604 1922 2591 1922 2603 1922 2592 1923 2591 1923 2604 1923 2605 1924 2604 1924 2571 1924 2605 1925 2592 1925 2604 1925 2593 1926 2592 1926 2605 1926 2606 1927 2571 1927 2570 1927 2606 1928 2605 1928 2571 1928 2607 1929 2605 1929 2606 1929 2607 1930 2593 1930 2605 1930 2608 1931 2606 1931 2570 1931 2608 1932 2607 1932 2606 1932 2594 1933 2607 1933 2608 1933 2569 1934 2608 1934 2570 1934 2595 1935 2608 1935 2569 1935 2595 1936 2594 1936 2608 1936 2568 1937 2595 1937 2569 1937 2596 1938 2595 1938 2568 1938 2609 1939 2567 1939 2566 1939 2609 1940 2568 1940 2567 1940 2609 1941 2566 1941 2581 1941 2609 1942 2596 1942 2568 1942 2597 1943 2596 1943 2609 1943 2597 1944 2609 1944 2581 1944</p>
        </triangles>
      </mesh>
    </geometry>
  </library_geometries>
  <library_visual_scenes>
    <visual_scene id="Scene" name="Scene">
      <node id="yahboom_rear_left" name="yahboom_rear_left" type="NODE">
        <matrix sid="transform">1 0 0 0 0 1 0 0 0 0 1 0 0 0 0 1</matrix>
        <instance_geometry url="#³µÖ48x3x18_006-mesh" name="yahboom_rear_left">
          <bind_material>
            <technique_common>
              <instance_material symbol="mat_5-material" target="#mat_5-material"/>
              <instance_material symbol="mat_0-material" target="#mat_0-material"/>
            </technique_common>
          </bind_material>
        </instance_geometry>
      </node>
    </visual_scene>
  </library_visual_scenes>
  <scene>
    <instance_visual_scene url="#Scene"/>
  </scene>
</COLLADA>